[26Jun2025 01:35:11.874] [main/INFO] [cpw.mods.modlauncher.Launcher/MODLAUNCHER]: ModLauncher running: args [--launchTarget, forgeserver, --fml.forgeVersion, 43.4.2, --fml.mcVersion, 1.19.2, --fml.forgeGroup, net.minecraftforge, --fml.mcpVersion, 20220805.130853, nogui]
[26Jun2025 01:35:11.879] [main/INFO] [cpw.mods.modlauncher.Launcher/MODLAUNCHER]: ModLauncher 10.0.8+10.0.8+main.0ef7e830 starting: java version 17.0.15 by Ubuntu; OS Linux arch amd64 version 6.8.0-1027-azure
[26Jun2025 01:35:11.904] [main/DEBUG] [cpw.mods.modlauncher.LaunchServiceHandler/MODLAUNCHER]: Found launch services [fmlclientdev,forgeclient,minecraft,forgegametestserverdev,fmlserveruserdev,fmlclient,fmldatauserdev,forgeserverdev,forgeserveruserdev,forgeclientdev,forgeclientuserdev,forgeserver,forgedatadev,fmlserver,fmlclientuserdev,fmlserverdev,forgedatauserdev,testharness,forgegametestserveruserdev]
[26Jun2025 01:35:11.917] [main/DEBUG] [cpw.mods.modlauncher.NameMappingServiceHandler/MODLAUNCHER]: Found naming services : [srgtomcp]
[26Jun2025 01:35:11.935] [main/DEBUG] [cpw.mods.modlauncher.LaunchPluginHandler/MODLAUNCHER]: Found launch plugins: [mixin,eventbus,slf4jfixer,object_holder_definalize,runtime_enum_extender,capability_token_subclass,accesstransformer,runtimedistcleaner]
[26Jun2025 01:35:11.947] [main/DEBUG] [cpw.mods.modlauncher.TransformationServicesHandler/MODLAUNCHER]: Discovering transformation services
[26Jun2025 01:35:14.066] [main/DEBUG] [cpw.mods.modlauncher.TransformationServicesHandler/MODLAUNCHER]: Found additional transformation services from discovery services: 
[26Jun2025 01:35:14.078] [main/DEBUG] [cpw.mods.modlauncher.TransformationServicesHandler/MODLAUNCHER]: Found transformer services : [mixin,fml]
[26Jun2025 01:35:14.078] [main/DEBUG] [cpw.mods.modlauncher.TransformationServicesHandler/MODLAUNCHER]: Transformation services loading
[26Jun2025 01:35:14.079] [main/DEBUG] [cpw.mods.modlauncher.TransformationServiceDecorator/MODLAUNCHER]: Loading service mixin
[26Jun2025 01:35:14.080] [main/DEBUG] [cpw.mods.modlauncher.TransformationServiceDecorator/MODLAUNCHER]: Loaded service mixin
[26Jun2025 01:35:14.080] [main/DEBUG] [cpw.mods.modlauncher.TransformationServiceDecorator/MODLAUNCHER]: Loading service fml
[26Jun2025 01:35:14.082] [main/DEBUG] [net.minecraftforge.fml.loading.LauncherVersion/CORE]: Found FMLLauncher version 1.0
[26Jun2025 01:35:14.082] [main/DEBUG] [net.minecraftforge.fml.loading.FMLLoader/CORE]: FML 1.0 loading
[26Jun2025 01:35:14.082] [main/DEBUG] [net.minecraftforge.fml.loading.FMLLoader/CORE]: FML found ModLauncher version : 10.0.8+10.0.8+main.0ef7e830
[26Jun2025 01:35:14.083] [main/DEBUG] [net.minecraftforge.fml.loading.FMLLoader/CORE]: FML found AccessTransformer version : 8.0.4+66+master.c09db6d7
[26Jun2025 01:35:14.083] [main/DEBUG] [net.minecraftforge.fml.loading.FMLLoader/CORE]: FML found EventBus version : 6.0.3+6.0.3+master.039e4ea9
[26Jun2025 01:35:14.083] [main/DEBUG] [net.minecraftforge.fml.loading.FMLLoader/CORE]: Found Runtime Dist Cleaner
[26Jun2025 01:35:14.085] [main/DEBUG] [net.minecraftforge.fml.loading.FMLLoader/CORE]: FML found CoreMod version : 5.0.1+15+master.dc5a2922
[26Jun2025 01:35:14.085] [main/DEBUG] [net.minecraftforge.fml.loading.FMLLoader/CORE]: Found ForgeSPI package implementation version 6.0.0+6.0.0+master.42474703
[26Jun2025 01:35:14.086] [main/DEBUG] [net.minecraftforge.fml.loading.FMLLoader/CORE]: Found ForgeSPI package specification 5
[26Jun2025 01:35:14.088] [main/DEBUG] [cpw.mods.modlauncher.TransformationServiceDecorator/MODLAUNCHER]: Loaded service fml
[26Jun2025 01:35:14.088] [main/DEBUG] [cpw.mods.modlauncher.TransformationServicesHandler/MODLAUNCHER]: Configuring option handling for services
[26Jun2025 01:35:14.097] [main/DEBUG] [cpw.mods.modlauncher.TransformationServicesHandler/MODLAUNCHER]: Transformation services initializing
[26Jun2025 01:35:14.098] [main/DEBUG] [cpw.mods.modlauncher.TransformationServiceDecorator/MODLAUNCHER]: Initializing transformation service mixin
[26Jun2025 01:35:14.118] [main/DEBUG] [mixin/]: MixinService [ModLauncher] was successfully booted in cpw.mods.cl.ModuleClassLoader@4d41cee
[26Jun2025 01:35:14.166] [main/INFO] [mixin/]: SpongePowered MIXIN Subsystem Version=0.8.5 Source=union:/workspaces/lamicheladaputa/servidor_minecraft/libraries/org/spongepowered/mixin/0.8.5/mixin-0.8.5.jar%2361!/ Service=ModLauncher Env=SERVER
[26Jun2025 01:35:14.173] [main/DEBUG] [mixin/]: Initialising Mixin Platform Manager
[26Jun2025 01:35:14.174] [main/DEBUG] [mixin/]: Adding mixin platform agents for container ModLauncher Root Container(ModLauncher:4f56a0a2)
[26Jun2025 01:35:14.174] [main/DEBUG] [mixin/]: Instancing new MixinPlatformAgentMinecraftForge for ModLauncher Root Container(ModLauncher:4f56a0a2)
[26Jun2025 01:35:14.175] [main/DEBUG] [mixin/]: MixinPlatformAgentMinecraftForge rejected container ModLauncher Root Container(ModLauncher:4f56a0a2)
[26Jun2025 01:35:14.177] [main/DEBUG] [mixin/]: Instancing new MixinPlatformAgentDefault for ModLauncher Root Container(ModLauncher:4f56a0a2)
[26Jun2025 01:35:14.178] [main/DEBUG] [mixin/]: MixinPlatformAgentDefault accepted container ModLauncher Root Container(ModLauncher:4f56a0a2)
[26Jun2025 01:35:14.186] [main/DEBUG] [cpw.mods.modlauncher.TransformationServiceDecorator/MODLAUNCHER]: Initialized transformation service mixin
[26Jun2025 01:35:14.186] [main/DEBUG] [cpw.mods.modlauncher.TransformationServiceDecorator/MODLAUNCHER]: Initializing transformation service fml
[26Jun2025 01:35:14.187] [main/DEBUG] [net.minecraftforge.fml.loading.FMLServiceProvider/CORE]: Setting up basic FML game directories
[26Jun2025 01:35:14.189] [main/DEBUG] [net.minecraftforge.fml.loading.FileUtils/CORE]: Found existing GAMEDIR directory : /workspaces/lamicheladaputa/servidor_minecraft
[26Jun2025 01:35:14.189] [main/DEBUG] [net.minecraftforge.fml.loading.FMLPaths/CORE]: Path GAMEDIR is /workspaces/lamicheladaputa/servidor_minecraft
[26Jun2025 01:35:14.193] [main/DEBUG] [net.minecraftforge.fml.loading.FileUtils/CORE]: Found existing MODSDIR directory : /workspaces/lamicheladaputa/servidor_minecraft/mods
[26Jun2025 01:35:14.193] [main/DEBUG] [net.minecraftforge.fml.loading.FMLPaths/CORE]: Path MODSDIR is /workspaces/lamicheladaputa/servidor_minecraft/mods
[26Jun2025 01:35:14.194] [main/DEBUG] [net.minecraftforge.fml.loading.FileUtils/CORE]: Found existing CONFIGDIR directory : /workspaces/lamicheladaputa/servidor_minecraft/config
[26Jun2025 01:35:14.194] [main/DEBUG] [net.minecraftforge.fml.loading.FMLPaths/CORE]: Path CONFIGDIR is /workspaces/lamicheladaputa/servidor_minecraft/config
[26Jun2025 01:35:14.194] [main/DEBUG] [net.minecraftforge.fml.loading.FMLPaths/CORE]: Path FMLCONFIG is /workspaces/lamicheladaputa/servidor_minecraft/config/fml.toml
[26Jun2025 01:35:14.194] [main/DEBUG] [net.minecraftforge.fml.loading.FMLServiceProvider/CORE]: Loading configuration
[26Jun2025 01:35:14.256] [main/DEBUG] [net.minecraftforge.fml.loading.FileUtils/CORE]: Found existing default config directory directory : /workspaces/lamicheladaputa/servidor_minecraft/defaultconfigs
[26Jun2025 01:35:14.256] [main/DEBUG] [net.minecraftforge.fml.loading.FMLServiceProvider/CORE]: Preparing ModFile
[26Jun2025 01:35:14.260] [main/DEBUG] [net.minecraftforge.fml.loading.FMLServiceProvider/CORE]: Preparing launch handler
[26Jun2025 01:35:14.261] [main/DEBUG] [net.minecraftforge.fml.loading.FMLLoader/CORE]: Using forgeserver as launch service
[26Jun2025 01:35:14.291] [main/DEBUG] [net.minecraftforge.fml.loading.FMLLoader/CORE]: Received command line version data  : VersionInfo[forgeVersion=43.4.2, mcVersion=1.19.2, mcpVersion=20220805.130853, forgeGroup=net.minecraftforge]
[26Jun2025 01:35:14.293] [main/DEBUG] [cpw.mods.modlauncher.TransformationServiceDecorator/MODLAUNCHER]: Initialized transformation service fml
[26Jun2025 01:35:14.293] [main/DEBUG] [cpw.mods.modlauncher.NameMappingServiceHandler/MODLAUNCHER]: Current naming domain is 'srg'
[26Jun2025 01:35:14.294] [main/DEBUG] [cpw.mods.modlauncher.NameMappingServiceHandler/MODLAUNCHER]: Identified name mapping providers {}
[26Jun2025 01:35:14.294] [main/DEBUG] [cpw.mods.modlauncher.TransformationServicesHandler/MODLAUNCHER]: Transformation services begin scanning
[26Jun2025 01:35:14.295] [main/DEBUG] [cpw.mods.modlauncher.TransformationServiceDecorator/MODLAUNCHER]: Beginning scan trigger - transformation service mixin
[26Jun2025 01:35:14.296] [main/DEBUG] [cpw.mods.modlauncher.TransformationServiceDecorator/MODLAUNCHER]: End scan trigger - transformation service mixin
[26Jun2025 01:35:14.296] [main/DEBUG] [cpw.mods.modlauncher.TransformationServiceDecorator/MODLAUNCHER]: Beginning scan trigger - transformation service fml
[26Jun2025 01:35:14.296] [main/DEBUG] [net.minecraftforge.fml.loading.FMLServiceProvider/CORE]: Initiating mod scan
[26Jun2025 01:35:14.306] [main/DEBUG] [net.minecraftforge.fml.loading.moddiscovery.ModListHandler/CORE]: Found mod coordinates from lists: []
[26Jun2025 01:35:14.313] [main/DEBUG] [net.minecraftforge.fml.loading.moddiscovery.ModDiscoverer/CORE]: Found Mod Locators : (mods folder:null),(maven libs:null),(exploded directory:null),(minecraft:null),(userdev classpath:null)
[26Jun2025 01:35:14.313] [main/DEBUG] [net.minecraftforge.fml.loading.moddiscovery.ModDiscoverer/CORE]: Found Dependency Locators : (JarInJar:null)
[26Jun2025 01:35:14.325] [main/DEBUG] [net.minecraftforge.fml.loading.moddiscovery.ModFileParser/LOADING]: Considering mod file candidate /workspaces/lamicheladaputa/servidor_minecraft/mods/ad_astra-forge-1.19.2-1.12.7.jar
[26Jun2025 01:35:14.384] [main/DEBUG] [net.minecraftforge.fml.loading.moddiscovery.ModFileInfo/LOADING]: Found valid mod file ad_astra-forge-1.19.2-1.12.7.jar with {ad_astra} mods - versions {1.12.7}
[26Jun2025 01:35:14.388] [main/DEBUG] [net.minecraftforge.fml.loading.moddiscovery.ModFileParser/LOADING]: Considering mod file candidate /workspaces/lamicheladaputa/servidor_minecraft/mods/alexsmobs-1.21.1.jar
[26Jun2025 01:35:14.390] [main/DEBUG] [net.minecraftforge.fml.loading.moddiscovery.ModFileInfo/LOADING]: Found valid mod file alexsmobs-1.21.1.jar with {alexsmobs} mods - versions {1.21.1}
[26Jun2025 01:35:14.390] [main/DEBUG] [net.minecraftforge.fml.loading.moddiscovery.ModFileParser/LOADING]: Considering mod file candidate /workspaces/lamicheladaputa/servidor_minecraft/mods/appleskin-forge-mc1.19-2.4.2.jar
[26Jun2025 01:35:14.394] [main/DEBUG] [net.minecraftforge.fml.loading.moddiscovery.ModFileInfo/LOADING]: Found valid mod file appleskin-forge-mc1.19-2.4.2.jar with {appleskin} mods - versions {2.4.2+mc1.19}
[26Jun2025 01:35:14.395] [main/DEBUG] [net.minecraftforge.fml.loading.moddiscovery.ModFileParser/LOADING]: Considering mod file candidate /workspaces/lamicheladaputa/servidor_minecraft/mods/Aquaculture-1.19.2-2.4.17.jar
[26Jun2025 01:35:14.396] [main/DEBUG] [net.minecraftforge.fml.loading.moddiscovery.ModFileInfo/LOADING]: Found valid mod file Aquaculture-1.19.2-2.4.17.jar with {aquaculture} mods - versions {1.19.2-2.4.17}
[26Jun2025 01:35:14.397] [main/DEBUG] [net.minecraftforge.fml.loading.moddiscovery.ModFileParser/LOADING]: Considering mod file candidate /workspaces/lamicheladaputa/servidor_minecraft/mods/aquamirae-6.API15.jar
[26Jun2025 01:35:14.399] [main/DEBUG] [net.minecraftforge.fml.loading.moddiscovery.ModFileInfo/LOADING]: Found valid mod file aquamirae-6.API15.jar with {aquamirae} mods - versions {6.API15}
[26Jun2025 01:35:14.401] [main/DEBUG] [net.minecraftforge.fml.loading.moddiscovery.ModFileParser/LOADING]: Considering mod file candidate /workspaces/lamicheladaputa/servidor_minecraft/mods/arcane_abilities-0.1.9.1-1.19.2.jar
[26Jun2025 01:35:14.402] [main/DEBUG] [net.minecraftforge.fml.loading.moddiscovery.ModFileInfo/LOADING]: Found valid mod file arcane_abilities-0.1.9.1-1.19.2.jar with {arcane_abilities} mods - versions {0.1.9.1}
[26Jun2025 01:35:14.404] [main/DEBUG] [net.minecraftforge.fml.loading.moddiscovery.ModFileParser/LOADING]: Considering mod file candidate /workspaces/lamicheladaputa/servidor_minecraft/mods/architectury-6.6.92-forge.jar
[26Jun2025 01:35:14.405] [main/DEBUG] [net.minecraftforge.fml.loading.moddiscovery.ModFileInfo/LOADING]: Found valid mod file architectury-6.6.92-forge.jar with {architectury} mods - versions {6.6.92}
[26Jun2025 01:35:14.406] [main/DEBUG] [net.minecraftforge.fml.loading.moddiscovery.ModFileParser/LOADING]: Considering mod file candidate /workspaces/lamicheladaputa/servidor_minecraft/mods/artifacts-1.19.2-5.0.6.jar
[26Jun2025 01:35:14.410] [main/DEBUG] [net.minecraftforge.fml.loading.moddiscovery.ModFileInfo/LOADING]: Found valid mod file artifacts-1.19.2-5.0.6.jar with {artifacts} mods - versions {1.19.2-5.0.6}
[26Jun2025 01:35:14.414] [main/DEBUG] [net.minecraftforge.fml.loading.moddiscovery.ModFileParser/LOADING]: Considering mod file candidate /workspaces/lamicheladaputa/servidor_minecraft/mods/barrowsbrothersv16.jar
[26Jun2025 01:35:14.415] [main/DEBUG] [net.minecraftforge.fml.loading.moddiscovery.ModFileInfo/LOADING]: Found valid mod file barrowsbrothersv16.jar with {barrows_brothers_mod} mods - versions {1.6}
[26Jun2025 01:35:14.417] [main/DEBUG] [net.minecraftforge.fml.loading.moddiscovery.ModFileParser/LOADING]: Considering mod file candidate /workspaces/lamicheladaputa/servidor_minecraft/mods/betteranimalsplus-1.19.2-11.0.10-forge.jar
[26Jun2025 01:35:14.419] [main/DEBUG] [net.minecraftforge.fml.loading.moddiscovery.ModFileInfo/LOADING]: Found valid mod file betteranimalsplus-1.19.2-11.0.10-forge.jar with {betteranimalsplus} mods - versions {1.19.2-11.0.10}
[26Jun2025 01:35:14.425] [main/DEBUG] [net.minecraftforge.fml.loading.moddiscovery.ModFileParser/LOADING]: Considering mod file candidate /workspaces/lamicheladaputa/servidor_minecraft/mods/BiomesOPlenty-1.19.2-17.1.1.162.jar
[26Jun2025 01:35:14.427] [main/DEBUG] [net.minecraftforge.fml.loading.moddiscovery.ModFileInfo/LOADING]: Found valid mod file BiomesOPlenty-1.19.2-17.1.1.162.jar with {biomesoplenty} mods - versions {17.1.1.162}
[26Jun2025 01:35:14.439] [main/DEBUG] [net.minecraftforge.fml.loading.moddiscovery.ModFileParser/LOADING]: Considering mod file candidate /workspaces/lamicheladaputa/servidor_minecraft/mods/blue_skies-1.19.2-1.3.20.jar
[26Jun2025 01:35:14.444] [main/DEBUG] [net.minecraftforge.fml.loading.moddiscovery.ModFileInfo/LOADING]: Found valid mod file blue_skies-1.19.2-1.3.20.jar with {blue_skies} mods - versions {1.3.20}
[26Jun2025 01:35:14.447] [main/DEBUG] [net.minecraftforge.fml.loading.moddiscovery.ModFileParser/LOADING]: Considering mod file candidate /workspaces/lamicheladaputa/servidor_minecraft/mods/blueprint-1.19.2-6.2.0.jar
[26Jun2025 01:35:14.455] [main/DEBUG] [net.minecraftforge.fml.loading.moddiscovery.ModFileInfo/LOADING]: Found valid mod file blueprint-1.19.2-6.2.0.jar with {blueprint} mods - versions {6.2.0}
[26Jun2025 01:35:14.461] [main/DEBUG] [net.minecraftforge.fml.loading.moddiscovery.ModFileParser/LOADING]: Considering mod file candidate /workspaces/lamicheladaputa/servidor_minecraft/mods/botarium-forge-1.19.2-1.9.2.jar
[26Jun2025 01:35:14.467] [main/DEBUG] [net.minecraftforge.fml.loading.moddiscovery.ModFileInfo/LOADING]: Found valid mod file botarium-forge-1.19.2-1.9.2.jar with {botarium} mods - versions {1.9.2}
[26Jun2025 01:35:14.473] [main/DEBUG] [net.minecraftforge.fml.loading.moddiscovery.ModFileParser/LOADING]: Considering mod file candidate /workspaces/lamicheladaputa/servidor_minecraft/mods/breezy-1.19.2-1.0.8.jar
[26Jun2025 01:35:14.476] [main/DEBUG] [net.minecraftforge.fml.loading.moddiscovery.ModFileInfo/LOADING]: Found valid mod file breezy-1.19.2-1.0.8.jar with {breezy} mods - versions {1.0.8}
[26Jun2025 01:35:14.479] [main/DEBUG] [net.minecraftforge.fml.loading.moddiscovery.ModFileParser/LOADING]: Considering mod file candidate /workspaces/lamicheladaputa/servidor_minecraft/mods/citadel-2.1.4-1.19.jar
[26Jun2025 01:35:14.481] [main/DEBUG] [net.minecraftforge.fml.loading.moddiscovery.ModFileInfo/LOADING]: Found valid mod file citadel-2.1.4-1.19.jar with {citadel} mods - versions {2.1.4}
[26Jun2025 01:35:14.484] [main/DEBUG] [net.minecraftforge.fml.loading.moddiscovery.ModFileParser/LOADING]: Considering mod file candidate /workspaces/lamicheladaputa/servidor_minecraft/mods/ctov-3.2.6c.jar
[26Jun2025 01:35:14.486] [main/DEBUG] [net.minecraftforge.fml.loading.moddiscovery.ModFileInfo/LOADING]: Found valid mod file ctov-3.2.6c.jar with {ctov} mods - versions {3.2.6c}
[26Jun2025 01:35:14.486] [main/DEBUG] [net.minecraftforge.fml.loading.moddiscovery.ModFileParser/LOADING]: Considering mod file candidate /workspaces/lamicheladaputa/servidor_minecraft/mods/cullleaves-forge-3.0.1.jar
[26Jun2025 01:35:14.487] [main/DEBUG] [net.minecraftforge.fml.loading.moddiscovery.ModFileInfo/LOADING]: Found valid mod file cullleaves-forge-3.0.1.jar with {cullleaves} mods - versions {3.0.1}
[26Jun2025 01:35:14.488] [main/DEBUG] [net.minecraftforge.fml.loading.moddiscovery.ModFileParser/LOADING]: Considering mod file candidate /workspaces/lamicheladaputa/servidor_minecraft/mods/cupboard-1.19.2-2.6.jar
[26Jun2025 01:35:14.491] [main/DEBUG] [net.minecraftforge.fml.loading.moddiscovery.ModFileInfo/LOADING]: Found valid mod file cupboard-1.19.2-2.6.jar with {cupboard} mods - versions {1.19.2-2.6}
[26Jun2025 01:35:14.494] [main/DEBUG] [net.minecraftforge.fml.loading.moddiscovery.ModFileParser/LOADING]: Considering mod file candidate /workspaces/lamicheladaputa/servidor_minecraft/mods/curios-forge-1.19.2-5.1.6.4.jar
[26Jun2025 01:35:14.495] [main/DEBUG] [net.minecraftforge.fml.loading.moddiscovery.ModFileInfo/LOADING]: Found valid mod file curios-forge-1.19.2-5.1.6.4.jar with {curios} mods - versions {1.19.2-5.1.6.4}
[26Jun2025 01:35:14.501] [main/DEBUG] [net.minecraftforge.fml.loading.moddiscovery.ModFileParser/LOADING]: Considering mod file candidate /workspaces/lamicheladaputa/servidor_minecraft/mods/EasyAnvils-v4.0.11-1.19.2-Forge.jar
[26Jun2025 01:35:14.504] [main/DEBUG] [net.minecraftforge.fml.loading.moddiscovery.ModFileInfo/LOADING]: Found valid mod file EasyAnvils-v4.0.11-1.19.2-Forge.jar with {easyanvils} mods - versions {4.0.11}
[26Jun2025 01:35:14.511] [main/DEBUG] [net.minecraftforge.fml.loading.moddiscovery.ModFileParser/LOADING]: Considering mod file candidate /workspaces/lamicheladaputa/servidor_minecraft/mods/EasyMagic-v4.3.3-1.19.2-Forge.jar
[26Jun2025 01:35:14.515] [main/DEBUG] [net.minecraftforge.fml.loading.moddiscovery.ModFileInfo/LOADING]: Found valid mod file EasyMagic-v4.3.3-1.19.2-Forge.jar with {easymagic} mods - versions {4.3.3}
[26Jun2025 01:35:14.516] [main/DEBUG] [net.minecraftforge.fml.loading.moddiscovery.ModFileParser/LOADING]: Considering mod file candidate /workspaces/lamicheladaputa/servidor_minecraft/mods/embeddium-0.3.18.1+mc1.19.2.jar
[26Jun2025 01:35:14.517] [main/DEBUG] [net.minecraftforge.fml.loading.moddiscovery.ModFileInfo/LOADING]: Found valid mod file embeddium-0.3.18.1+mc1.19.2.jar with {embeddium,rubidium} mods - versions {0.3.18.1+mc1.19.2,0.6.2c}
[26Jun2025 01:35:14.518] [main/DEBUG] [net.minecraftforge.fml.loading.moddiscovery.ModFileParser/LOADING]: Considering mod file candidate /workspaces/lamicheladaputa/servidor_minecraft/mods/entityculling-forge-1.6.1-mc1.19.2.jar
[26Jun2025 01:35:14.520] [main/DEBUG] [net.minecraftforge.fml.loading.moddiscovery.ModFileInfo/LOADING]: Found valid mod file entityculling-forge-1.6.1-mc1.19.2.jar with {entityculling} mods - versions {1.6.1}
[26Jun2025 01:35:14.521] [main/DEBUG] [net.minecraftforge.fml.loading.moddiscovery.ModFileParser/LOADING]: Considering mod file candidate /workspaces/lamicheladaputa/servidor_minecraft/mods/eureka-1192-1.5.1-beta.2.jar
[26Jun2025 01:35:14.524] [main/DEBUG] [net.minecraftforge.fml.loading.moddiscovery.ModFileInfo/LOADING]: Found valid mod file eureka-1192-1.5.1-beta.2.jar with {vs_eureka} mods - versions {1.5.1-beta.2}
[26Jun2025 01:35:14.526] [main/DEBUG] [net.minecraftforge.fml.loading.moddiscovery.ModFileParser/LOADING]: Considering mod file candidate /workspaces/lamicheladaputa/servidor_minecraft/mods/expore-1.19.2-0.3.jar
[26Jun2025 01:35:14.527] [main/DEBUG] [net.minecraftforge.fml.loading.moddiscovery.ModFileInfo/LOADING]: Found valid mod file expore-1.19.2-0.3.jar with {expore} mods - versions {1.19.2-0.3}
[26Jun2025 01:35:14.531] [main/DEBUG] [net.minecraftforge.fml.loading.moddiscovery.ModFileParser/LOADING]: Considering mod file candidate /workspaces/lamicheladaputa/servidor_minecraft/mods/FastLeafDecay-30.jar
[26Jun2025 01:35:14.532] [main/DEBUG] [net.minecraftforge.fml.loading.moddiscovery.ModFileInfo/LOADING]: Found valid mod file FastLeafDecay-30.jar with {fastleafdecay} mods - versions {30}
[26Jun2025 01:35:14.537] [main/DEBUG] [net.minecraftforge.fml.loading.moddiscovery.ModFileParser/LOADING]: Considering mod file candidate /workspaces/lamicheladaputa/servidor_minecraft/mods/ferritecore-5.0.3-forge.jar
[26Jun2025 01:35:14.537] [main/DEBUG] [net.minecraftforge.fml.loading.moddiscovery.ModFileInfo/LOADING]: Found valid mod file ferritecore-5.0.3-forge.jar with {ferritecore} mods - versions {5.0.3}
[26Jun2025 01:35:14.538] [main/DEBUG] [net.minecraftforge.fml.loading.moddiscovery.ModFileParser/LOADING]: Considering mod file candidate /workspaces/lamicheladaputa/servidor_minecraft/mods/freecam-forge-1.2.3+1.19.2.jar
[26Jun2025 01:35:14.539] [main/DEBUG] [net.minecraftforge.fml.loading.moddiscovery.ModFileInfo/LOADING]: Found valid mod file freecam-forge-1.2.3+1.19.2.jar with {freecam} mods - versions {1.2.3}
[26Jun2025 01:35:14.540] [main/DEBUG] [net.minecraftforge.fml.loading.moddiscovery.ModFileParser/LOADING]: Considering mod file candidate /workspaces/lamicheladaputa/servidor_minecraft/mods/friendsandfoes-forge-mc1.19.2-3.0.9.jar
[26Jun2025 01:35:14.541] [main/DEBUG] [net.minecraftforge.fml.loading.moddiscovery.ModFileInfo/LOADING]: Found valid mod file friendsandfoes-forge-mc1.19.2-3.0.9.jar with {friendsandfoes} mods - versions {3.0.9}
[26Jun2025 01:35:14.543] [main/DEBUG] [net.minecraftforge.fml.loading.moddiscovery.ModFileParser/LOADING]: Considering mod file candidate /workspaces/lamicheladaputa/servidor_minecraft/mods/geckolib-forge-1.19-3.1.40.jar
[26Jun2025 01:35:14.545] [main/DEBUG] [net.minecraftforge.fml.loading.moddiscovery.ModFileInfo/LOADING]: Found valid mod file geckolib-forge-1.19-3.1.40.jar with {geckolib3} mods - versions {3.1.40}
[26Jun2025 01:35:14.546] [main/DEBUG] [net.minecraftforge.fml.loading.moddiscovery.ModFileParser/LOADING]: Considering mod file candidate /workspaces/lamicheladaputa/servidor_minecraft/mods/geophilic-1.19-2.0.0c.jar
[26Jun2025 01:35:14.547] [main/DEBUG] [net.minecraftforge.fml.loading.moddiscovery.ModFileInfo/LOADING]: Found valid mod file geophilic-1.19-2.0.0c.jar with {geophilic} mods - versions {1.19-2.0.0c}
[26Jun2025 01:35:14.548] [main/DEBUG] [net.minecraftforge.fml.loading.moddiscovery.ModFileParser/LOADING]: Considering mod file candidate /workspaces/lamicheladaputa/servidor_minecraft/mods/guardvillagers-1.19.2-1.5.9.jar
[26Jun2025 01:35:14.548] [main/DEBUG] [net.minecraftforge.fml.loading.moddiscovery.ModFileInfo/LOADING]: Found valid mod file guardvillagers-1.19.2-1.5.9.jar with {guardvillagers} mods - versions {1.19.2-1.5.9}
[26Jun2025 01:35:14.563] [main/DEBUG] [net.minecraftforge.fml.loading.moddiscovery.ModFileParser/LOADING]: Considering mod file candidate /workspaces/lamicheladaputa/servidor_minecraft/mods/HammerLib-1.19.2-19.3.82.jar
[26Jun2025 01:35:14.564] [main/DEBUG] [net.minecraftforge.fml.loading.moddiscovery.ModFileInfo/LOADING]: Found valid mod file HammerLib-1.19.2-19.3.82.jar with {hammerlib} mods - versions {19.3.82}
[26Jun2025 01:35:14.564] [main/DEBUG] [net.minecraftforge.fml.loading.moddiscovery.ModFileParser/LOADING]: Considering mod file candidate /workspaces/lamicheladaputa/servidor_minecraft/mods/hero-proof-5.2.1.jar
[26Jun2025 01:35:14.565] [main/DEBUG] [net.minecraftforge.fml.loading.moddiscovery.ModFileInfo/LOADING]: Found valid mod file hero-proof-5.2.1.jar with {mr_hero_proof} mods - versions {5.2.1}
[26Jun2025 01:35:14.569] [main/DEBUG] [net.minecraftforge.fml.loading.moddiscovery.ModFileParser/LOADING]: Considering mod file candidate /workspaces/lamicheladaputa/servidor_minecraft/mods/iceandfire-1.19.2-2.1.13-beta-3.jar
[26Jun2025 01:35:14.570] [main/DEBUG] [net.minecraftforge.fml.loading.moddiscovery.ModFileInfo/LOADING]: Found valid mod file iceandfire-1.19.2-2.1.13-beta-3.jar with {iceandfire} mods - versions {1.19.2-2.1.13+build.beta-3}
[26Jun2025 01:35:14.571] [main/DEBUG] [net.minecraftforge.fml.loading.moddiscovery.ModFileParser/LOADING]: Considering mod file candidate /workspaces/lamicheladaputa/servidor_minecraft/mods/ImmediatelyFast-Forge-1.4.0+1.19.2.jar
[26Jun2025 01:35:14.571] [main/DEBUG] [net.minecraftforge.fml.loading.moddiscovery.ModFileInfo/LOADING]: Found valid mod file ImmediatelyFast-Forge-1.4.0+1.19.2.jar with {immediatelyfast} mods - versions {1.4.0+1.19.2}
[26Jun2025 01:35:14.572] [main/DEBUG] [net.minecraftforge.fml.loading.moddiscovery.ModFileParser/LOADING]: Considering mod file candidate /workspaces/lamicheladaputa/servidor_minecraft/mods/immersive_aircraft-0.7.11+1.19.2-forge.jar
[26Jun2025 01:35:14.573] [main/DEBUG] [net.minecraftforge.fml.loading.moddiscovery.ModFileInfo/LOADING]: Found valid mod file immersive_aircraft-0.7.11+1.19.2-forge.jar with {immersive_aircraft} mods - versions {0.7.11+1.19.2}
[26Jun2025 01:35:14.573] [main/DEBUG] [net.minecraftforge.fml.loading.moddiscovery.ModFileParser/LOADING]: Considering mod file candidate /workspaces/lamicheladaputa/servidor_minecraft/mods/Jade-1.19.1-forge-8.9.2.jar
[26Jun2025 01:35:14.574] [main/DEBUG] [net.minecraftforge.fml.loading.moddiscovery.ModFileInfo/LOADING]: Found valid mod file Jade-1.19.1-forge-8.9.2.jar with {jade} mods - versions {8.9.2}
[26Jun2025 01:35:14.575] [main/DEBUG] [net.minecraftforge.fml.loading.moddiscovery.ModFileParser/LOADING]: Considering mod file candidate /workspaces/lamicheladaputa/servidor_minecraft/mods/jei-1.19.2-forge-11.8.1.1034.jar
[26Jun2025 01:35:14.576] [main/DEBUG] [net.minecraftforge.fml.loading.moddiscovery.ModFileInfo/LOADING]: Found valid mod file jei-1.19.2-forge-11.8.1.1034.jar with {jei} mods - versions {11.8.1.1034}
[26Jun2025 01:35:14.579] [main/DEBUG] [net.minecraftforge.fml.loading.moddiscovery.ModFileParser/LOADING]: Considering mod file candidate /workspaces/lamicheladaputa/servidor_minecraft/mods/journeymap-1.19.2-5.9.8-forge.jar
[26Jun2025 01:35:14.580] [main/DEBUG] [net.minecraftforge.fml.loading.moddiscovery.ModFileInfo/LOADING]: Found valid mod file journeymap-1.19.2-5.9.8-forge.jar with {journeymap} mods - versions {5.9.8}
[26Jun2025 01:35:14.581] [main/DEBUG] [net.minecraftforge.fml.loading.moddiscovery.ModFileParser/LOADING]: Considering mod file candidate /workspaces/lamicheladaputa/servidor_minecraft/mods/JRFTL [1.19.1]-1.4.3.jar
[26Jun2025 01:35:14.582] [main/DEBUG] [net.minecraftforge.fml.loading.moddiscovery.ModFileInfo/LOADING]: Found valid mod file JRFTL [1.19.1]-1.4.3.jar with {jrftl} mods - versions {1.4.3}
[26Jun2025 01:35:14.625] [main/DEBUG] [net.minecraftforge.fml.loading.moddiscovery.ModFileParser/LOADING]: Considering mod file candidate /workspaces/lamicheladaputa/servidor_minecraft/mods/lootintegrations-1.19.2-4.0.jar
[26Jun2025 01:35:14.626] [main/DEBUG] [net.minecraftforge.fml.loading.moddiscovery.ModFileInfo/LOADING]: Found valid mod file lootintegrations-1.19.2-4.0.jar with {lootintegrations} mods - versions {1.19.2-4.0}
[26Jun2025 01:35:14.626] [main/DEBUG] [net.minecraftforge.fml.loading.moddiscovery.ModFileParser/LOADING]: Considering mod file candidate /workspaces/lamicheladaputa/servidor_minecraft/mods/lootintegrations_ctov-1.3.jar
[26Jun2025 01:35:14.627] [main/DEBUG] [net.minecraftforge.fml.loading.moddiscovery.ModFileInfo/LOADING]: Found valid mod file lootintegrations_ctov-1.3.jar with {lootintegrations_ctov} mods - versions {1}
[26Jun2025 01:35:14.628] [main/DEBUG] [net.minecraftforge.fml.loading.moddiscovery.ModFileParser/LOADING]: Considering mod file candidate /workspaces/lamicheladaputa/servidor_minecraft/mods/lootintegrations_moog-1.4.jar
[26Jun2025 01:35:14.629] [main/DEBUG] [net.minecraftforge.fml.loading.moddiscovery.ModFileInfo/LOADING]: Found valid mod file lootintegrations_moog-1.4.jar with {lootintegrations_moog} mods - versions {1}
[26Jun2025 01:35:14.629] [main/DEBUG] [net.minecraftforge.fml.loading.moddiscovery.ModFileParser/LOADING]: Considering mod file candidate /workspaces/lamicheladaputa/servidor_minecraft/mods/lootintegrations_structory-1.2.jar
[26Jun2025 01:35:14.630] [main/DEBUG] [net.minecraftforge.fml.loading.moddiscovery.ModFileInfo/LOADING]: Found valid mod file lootintegrations_structory-1.2.jar with {lootintegrations_structory} mods - versions {1}
[26Jun2025 01:35:14.631] [main/DEBUG] [net.minecraftforge.fml.loading.moddiscovery.ModFileParser/LOADING]: Considering mod file candidate /workspaces/lamicheladaputa/servidor_minecraft/mods/lootintegrations_valhelsia-1.1.jar
[26Jun2025 01:35:14.632] [main/DEBUG] [net.minecraftforge.fml.loading.moddiscovery.ModFileInfo/LOADING]: Found valid mod file lootintegrations_valhelsia-1.1.jar with {lootintegrations_valhelsia} mods - versions {1}
[26Jun2025 01:35:14.633] [main/DEBUG] [net.minecraftforge.fml.loading.moddiscovery.ModFileParser/LOADING]: Considering mod file candidate /workspaces/lamicheladaputa/servidor_minecraft/mods/lootintegrations_yungs-1.3.jar
[26Jun2025 01:35:14.633] [main/DEBUG] [net.minecraftforge.fml.loading.moddiscovery.ModFileInfo/LOADING]: Found valid mod file lootintegrations_yungs-1.3.jar with {lootintegrations_yungs} mods - versions {1}
[26Jun2025 01:35:14.635] [main/DEBUG] [net.minecraftforge.fml.loading.moddiscovery.ModFileParser/LOADING]: Considering mod file candidate /workspaces/lamicheladaputa/servidor_minecraft/mods/mcw-bridges-3.0.1-mc1.19.2forge.jar
[26Jun2025 01:35:14.637] [main/DEBUG] [net.minecraftforge.fml.loading.moddiscovery.ModFileInfo/LOADING]: Found valid mod file mcw-bridges-3.0.1-mc1.19.2forge.jar with {mcwbridges} mods - versions {3.0.1}
[26Jun2025 01:35:14.640] [main/DEBUG] [net.minecraftforge.fml.loading.moddiscovery.ModFileParser/LOADING]: Considering mod file candidate /workspaces/lamicheladaputa/servidor_minecraft/mods/mcw-doors-1.1.2-mc1.19.2forge.jar
[26Jun2025 01:35:14.640] [main/DEBUG] [net.minecraftforge.fml.loading.moddiscovery.ModFileInfo/LOADING]: Found valid mod file mcw-doors-1.1.2-mc1.19.2forge.jar with {mcwdoors} mods - versions {1.1.2}
[26Jun2025 01:35:14.642] [main/DEBUG] [net.minecraftforge.fml.loading.moddiscovery.ModFileParser/LOADING]: Considering mod file candidate /workspaces/lamicheladaputa/servidor_minecraft/mods/mcw-fences-1.2.0-1.19.2forge.jar
[26Jun2025 01:35:14.643] [main/DEBUG] [net.minecraftforge.fml.loading.moddiscovery.ModFileInfo/LOADING]: Found valid mod file mcw-fences-1.2.0-1.19.2forge.jar with {mcwfences} mods - versions {1.2.0}
[26Jun2025 01:35:14.646] [main/DEBUG] [net.minecraftforge.fml.loading.moddiscovery.ModFileParser/LOADING]: Considering mod file candidate /workspaces/lamicheladaputa/servidor_minecraft/mods/mcw-furniture-3.3.0-mc1.19.2forge.jar
[26Jun2025 01:35:14.647] [main/DEBUG] [net.minecraftforge.fml.loading.moddiscovery.ModFileInfo/LOADING]: Found valid mod file mcw-furniture-3.3.0-mc1.19.2forge.jar with {mcwfurnitures} mods - versions {3.3.0}
[26Jun2025 01:35:14.648] [main/DEBUG] [net.minecraftforge.fml.loading.moddiscovery.ModFileParser/LOADING]: Considering mod file candidate /workspaces/lamicheladaputa/servidor_minecraft/mods/mcw-lights-1.1.0-mc1.19.2forge.jar
[26Jun2025 01:35:14.648] [main/DEBUG] [net.minecraftforge.fml.loading.moddiscovery.ModFileInfo/LOADING]: Found valid mod file mcw-lights-1.1.0-mc1.19.2forge.jar with {mcwlights} mods - versions {1.1.0}
[26Jun2025 01:35:14.649] [main/DEBUG] [net.minecraftforge.fml.loading.moddiscovery.ModFileParser/LOADING]: Considering mod file candidate /workspaces/lamicheladaputa/servidor_minecraft/mods/mcw-paintings-1.0.5-1.19.2forge.jar
[26Jun2025 01:35:14.649] [main/DEBUG] [net.minecraftforge.fml.loading.moddiscovery.ModFileInfo/LOADING]: Found valid mod file mcw-paintings-1.0.5-1.19.2forge.jar with {mcwpaintings} mods - versions {1.0.5}
[26Jun2025 01:35:14.651] [main/DEBUG] [net.minecraftforge.fml.loading.moddiscovery.ModFileParser/LOADING]: Considering mod file candidate /workspaces/lamicheladaputa/servidor_minecraft/mods/mcw-paths-1.1.0forge-mc1.19.2.jar
[26Jun2025 01:35:14.651] [main/DEBUG] [net.minecraftforge.fml.loading.moddiscovery.ModFileInfo/LOADING]: Found valid mod file mcw-paths-1.1.0forge-mc1.19.2.jar with {mcwpaths} mods - versions {1.1.0}
[26Jun2025 01:35:14.653] [main/DEBUG] [net.minecraftforge.fml.loading.moddiscovery.ModFileParser/LOADING]: Considering mod file candidate /workspaces/lamicheladaputa/servidor_minecraft/mods/mcw-trapdoors-1.1.4-mc1.19.2forge.jar
[26Jun2025 01:35:14.653] [main/DEBUG] [net.minecraftforge.fml.loading.moddiscovery.ModFileInfo/LOADING]: Found valid mod file mcw-trapdoors-1.1.4-mc1.19.2forge.jar with {mcwtrpdoors} mods - versions {1.1.4}
[26Jun2025 01:35:14.655] [main/DEBUG] [net.minecraftforge.fml.loading.moddiscovery.ModFileParser/LOADING]: Considering mod file candidate /workspaces/lamicheladaputa/servidor_minecraft/mods/mcw-windows-2.3.0-mc1.19.2forge.jar
[26Jun2025 01:35:14.656] [main/DEBUG] [net.minecraftforge.fml.loading.moddiscovery.ModFileInfo/LOADING]: Found valid mod file mcw-windows-2.3.0-mc1.19.2forge.jar with {mcwwindows} mods - versions {2.3.0}
[26Jun2025 01:35:14.656] [main/DEBUG] [net.minecraftforge.fml.loading.moddiscovery.ModFileParser/LOADING]: Considering mod file candidate /workspaces/lamicheladaputa/servidor_minecraft/mods/mermod-forge-1.11.jar
[26Jun2025 01:35:14.657] [main/DEBUG] [net.minecraftforge.fml.loading.moddiscovery.ModFileInfo/LOADING]: Found valid mod file mermod-forge-1.11.jar with {mermod} mods - versions {1.11}
[26Jun2025 01:35:14.658] [main/DEBUG] [net.minecraftforge.fml.loading.moddiscovery.ModFileParser/LOADING]: Considering mod file candidate /workspaces/lamicheladaputa/servidor_minecraft/mods/modernfix-forge-5.18.1+mc1.19.2.jar
[26Jun2025 01:35:14.659] [main/DEBUG] [net.minecraftforge.fml.loading.moddiscovery.ModFileInfo/LOADING]: Found valid mod file modernfix-forge-5.18.1+mc1.19.2.jar with {modernfix} mods - versions {5.18.1+mc1.19.2}
[26Jun2025 01:35:14.660] [main/DEBUG] [net.minecraftforge.fml.loading.moddiscovery.ModFileParser/LOADING]: Considering mod file candidate /workspaces/lamicheladaputa/servidor_minecraft/mods/moonlight-1.19.2-2.3.7-forge.jar
[26Jun2025 01:35:14.662] [main/DEBUG] [net.minecraftforge.fml.loading.moddiscovery.ModFileInfo/LOADING]: Found valid mod file moonlight-1.19.2-2.3.7-forge.jar with {moonlight} mods - versions {1.19.2-2.3.7}
[26Jun2025 01:35:14.663] [main/DEBUG] [net.minecraftforge.fml.loading.moddiscovery.ModFileParser/LOADING]: Considering mod file candidate /workspaces/lamicheladaputa/servidor_minecraft/mods/moremobvariants-forge+1.19.2-1.3.0.1.jar
[26Jun2025 01:35:14.664] [main/DEBUG] [net.minecraftforge.fml.loading.moddiscovery.ModFileInfo/LOADING]: Found valid mod file moremobvariants-forge+1.19.2-1.3.0.1.jar with {moremobvariants} mods - versions {1.3.0}
[26Jun2025 01:35:14.665] [main/DEBUG] [net.minecraftforge.fml.loading.moddiscovery.ModFileParser/LOADING]: Considering mod file candidate /workspaces/lamicheladaputa/servidor_minecraft/mods/mvs-4.1.4-1.19.2-forge.jar
[26Jun2025 01:35:14.668] [main/DEBUG] [net.minecraftforge.fml.loading.moddiscovery.ModFileInfo/LOADING]: Found valid mod file mvs-4.1.4-1.19.2-forge.jar with {mvs} mods - versions {4.1.4-1.19.2-forge}
[26Jun2025 01:35:14.668] [main/DEBUG] [net.minecraftforge.fml.loading.moddiscovery.ModFileParser/LOADING]: Considering mod file candidate /workspaces/lamicheladaputa/servidor_minecraft/mods/notenoughanimations-forge-1.9.3-mc1.19.2.jar
[26Jun2025 01:35:14.669] [main/DEBUG] [net.minecraftforge.fml.loading.moddiscovery.ModFileInfo/LOADING]: Found valid mod file notenoughanimations-forge-1.9.3-mc1.19.2.jar with {notenoughanimations} mods - versions {1.9.3}
[26Jun2025 01:35:14.670] [main/DEBUG] [net.minecraftforge.fml.loading.moddiscovery.ModFileParser/LOADING]: Considering mod file candidate /workspaces/lamicheladaputa/servidor_minecraft/mods/obscure_api-15.jar
[26Jun2025 01:35:14.671] [main/DEBUG] [net.minecraftforge.fml.loading.moddiscovery.ModFileInfo/LOADING]: Found valid mod file obscure_api-15.jar with {obscure_api} mods - versions {15}
[26Jun2025 01:35:14.672] [main/DEBUG] [net.minecraftforge.fml.loading.moddiscovery.ModFileParser/LOADING]: Considering mod file candidate /workspaces/lamicheladaputa/servidor_minecraft/mods/octolib-1.19.2-0.3.jar
[26Jun2025 01:35:14.672] [main/DEBUG] [net.minecraftforge.fml.loading.moddiscovery.ModFileInfo/LOADING]: Found valid mod file octolib-1.19.2-0.3.jar with {octolib} mods - versions {0.3}
[26Jun2025 01:35:14.677] [main/DEBUG] [net.minecraftforge.fml.loading.moddiscovery.ModFileParser/LOADING]: Considering mod file candidate /workspaces/lamicheladaputa/servidor_minecraft/mods/PuzzlesLib-v4.4.3-1.19.2-Forge.jar
[26Jun2025 01:35:14.677] [main/DEBUG] [net.minecraftforge.fml.loading.moddiscovery.ModFileInfo/LOADING]: Found valid mod file PuzzlesLib-v4.4.3-1.19.2-Forge.jar with {puzzleslib} mods - versions {4.4.3}
[26Jun2025 01:35:14.678] [main/DEBUG] [net.minecraftforge.fml.loading.moddiscovery.ModFileParser/LOADING]: Considering mod file candidate /workspaces/lamicheladaputa/servidor_minecraft/mods/realmrpg_fallen_adventurers_1.0.3_forge_1.19.2.jar
[26Jun2025 01:35:14.679] [main/DEBUG] [net.minecraftforge.fml.loading.moddiscovery.ModFileInfo/LOADING]: Found valid mod file realmrpg_fallen_adventurers_1.0.3_forge_1.19.2.jar with {realmrpg_skeletons} mods - versions {1.0.3}
[26Jun2025 01:35:14.679] [main/DEBUG] [net.minecraftforge.fml.loading.moddiscovery.ModFileParser/LOADING]: Considering mod file candidate /workspaces/lamicheladaputa/servidor_minecraft/mods/realmrpg_seadwellers_2.9.9_forge_1.19.2.jar
[26Jun2025 01:35:14.680] [main/DEBUG] [net.minecraftforge.fml.loading.moddiscovery.ModFileInfo/LOADING]: Found valid mod file realmrpg_seadwellers_2.9.9_forge_1.19.2.jar with {seadwellers} mods - versions {2.9.9}
[26Jun2025 01:35:14.680] [main/DEBUG] [net.minecraftforge.fml.loading.moddiscovery.ModFileParser/LOADING]: Considering mod file candidate /workspaces/lamicheladaputa/servidor_minecraft/mods/Regrowth-1.19-41.1.31.1.jar
[26Jun2025 01:35:14.681] [main/DEBUG] [net.minecraftforge.fml.loading.moddiscovery.ModFileInfo/LOADING]: Found valid mod file Regrowth-1.19-41.1.31.1.jar with {regrowth} mods - versions {41.1.31.1}
[26Jun2025 01:35:14.682] [main/DEBUG] [net.minecraftforge.fml.loading.moddiscovery.ModFileParser/LOADING]: Considering mod file candidate /workspaces/lamicheladaputa/servidor_minecraft/mods/relics-1.19.2-0.6.2.4.jar
[26Jun2025 01:35:14.683] [main/DEBUG] [net.minecraftforge.fml.loading.moddiscovery.ModFileInfo/LOADING]: Found valid mod file relics-1.19.2-0.6.2.4.jar with {relics} mods - versions {0.6.2.4}
[26Jun2025 01:35:14.684] [main/DEBUG] [net.minecraftforge.fml.loading.moddiscovery.ModFileParser/LOADING]: Considering mod file candidate /workspaces/lamicheladaputa/servidor_minecraft/mods/resourcefulconfig-forge-1.19.2-1.0.20.jar
[26Jun2025 01:35:14.685] [main/DEBUG] [net.minecraftforge.fml.loading.moddiscovery.ModFileInfo/LOADING]: Found valid mod file resourcefulconfig-forge-1.19.2-1.0.20.jar with {resourcefulconfig} mods - versions {1.0.20}
[26Jun2025 01:35:14.685] [main/DEBUG] [net.minecraftforge.fml.loading.moddiscovery.ModFileParser/LOADING]: Considering mod file candidate /workspaces/lamicheladaputa/servidor_minecraft/mods/resourcefullib-forge-1.19.2-1.1.24.jar
[26Jun2025 01:35:14.686] [main/DEBUG] [net.minecraftforge.fml.loading.moddiscovery.ModFileInfo/LOADING]: Found valid mod file resourcefullib-forge-1.19.2-1.1.24.jar with {resourcefullib} mods - versions {1.1.24}
[26Jun2025 01:35:14.690] [main/DEBUG] [net.minecraftforge.fml.loading.moddiscovery.ModFileParser/LOADING]: Considering mod file candidate /workspaces/lamicheladaputa/servidor_minecraft/mods/right_click_get_crops-1.19.2-1.4.0.11.jar
[26Jun2025 01:35:14.690] [main/DEBUG] [net.minecraftforge.fml.loading.moddiscovery.ModFileInfo/LOADING]: Found valid mod file right_click_get_crops-1.19.2-1.4.0.11.jar with {right_click_get_crops} mods - versions {1.4.0.11}
[26Jun2025 01:35:14.691] [main/DEBUG] [net.minecraftforge.fml.loading.moddiscovery.ModFileParser/LOADING]: Considering mod file candidate /workspaces/lamicheladaputa/servidor_minecraft/mods/scuba_gear-1.19-1.0.5.jar
[26Jun2025 01:35:14.691] [main/DEBUG] [net.minecraftforge.fml.loading.moddiscovery.ModFileInfo/LOADING]: Found valid mod file scuba_gear-1.19-1.0.5.jar with {scuba_gear} mods - versions {1.0.5}
[26Jun2025 01:35:14.692] [main/DEBUG] [net.minecraftforge.fml.loading.moddiscovery.ModFileParser/LOADING]: Considering mod file candidate /workspaces/lamicheladaputa/servidor_minecraft/mods/sleep_tight-1.19.2-1.1.2.jar
[26Jun2025 01:35:14.693] [main/DEBUG] [net.minecraftforge.fml.loading.moddiscovery.ModFileInfo/LOADING]: Found valid mod file sleep_tight-1.19.2-1.1.2.jar with {sleep_tight} mods - versions {1.19.2-1.1.2}
[26Jun2025 01:35:14.694] [main/DEBUG] [net.minecraftforge.fml.loading.moddiscovery.ModFileParser/LOADING]: Considering mod file candidate /workspaces/lamicheladaputa/servidor_minecraft/mods/sophisticatedbackpacks-1.19.2-3.20.2.1035.jar
[26Jun2025 01:35:14.695] [main/DEBUG] [net.minecraftforge.fml.loading.moddiscovery.ModFileInfo/LOADING]: Found valid mod file sophisticatedbackpacks-1.19.2-3.20.2.1035.jar with {sophisticatedbackpacks} mods - versions {1.19.2-3.20.2.1035}
[26Jun2025 01:35:14.696] [main/DEBUG] [net.minecraftforge.fml.loading.moddiscovery.ModFileParser/LOADING]: Considering mod file candidate /workspaces/lamicheladaputa/servidor_minecraft/mods/sophisticatedcore-1.19.2-0.6.4.730.jar
[26Jun2025 01:35:14.697] [main/DEBUG] [net.minecraftforge.fml.loading.moddiscovery.ModFileInfo/LOADING]: Found valid mod file sophisticatedcore-1.19.2-0.6.4.730.jar with {sophisticatedcore} mods - versions {1.19.2-0.6.4.730}
[26Jun2025 01:35:14.697] [main/DEBUG] [net.minecraftforge.fml.loading.moddiscovery.ModFileParser/LOADING]: Considering mod file candidate /workspaces/lamicheladaputa/servidor_minecraft/mods/Structory_1.19.3_v1.3.1a.jar
[26Jun2025 01:35:14.698] [main/DEBUG] [net.minecraftforge.fml.loading.moddiscovery.ModFileInfo/LOADING]: Found valid mod file Structory_1.19.3_v1.3.1a.jar with {structory} mods - versions {1.3.1a}
[26Jun2025 01:35:14.698] [main/DEBUG] [net.minecraftforge.fml.loading.moddiscovery.ModFileParser/LOADING]: Considering mod file candidate /workspaces/lamicheladaputa/servidor_minecraft/mods/Structory_Towers_1.19.3_v1.0.2.jar
[26Jun2025 01:35:14.699] [main/DEBUG] [net.minecraftforge.fml.loading.moddiscovery.ModFileInfo/LOADING]: Found valid mod file Structory_Towers_1.19.3_v1.0.2.jar with {structorytowers} mods - versions {1.0.2}
[26Jun2025 01:35:14.700] [main/DEBUG] [net.minecraftforge.fml.loading.moddiscovery.ModFileParser/LOADING]: Considering mod file candidate /workspaces/lamicheladaputa/servidor_minecraft/mods/structure_gel-1.19.2-2.7.3.jar
[26Jun2025 01:35:14.701] [main/DEBUG] [net.minecraftforge.fml.loading.moddiscovery.ModFileInfo/LOADING]: Found valid mod file structure_gel-1.19.2-2.7.3.jar with {structure_gel} mods - versions {2.7.3}
[26Jun2025 01:35:14.705] [main/DEBUG] [net.minecraftforge.fml.loading.moddiscovery.ModFileParser/LOADING]: Considering mod file candidate /workspaces/lamicheladaputa/servidor_minecraft/mods/supplementaries-1.19.2-2.4.20.jar
[26Jun2025 01:35:14.706] [main/DEBUG] [net.minecraftforge.fml.loading.moddiscovery.ModFileInfo/LOADING]: Found valid mod file supplementaries-1.19.2-2.4.20.jar with {supplementaries} mods - versions {1.19.2-2.4.20}
[26Jun2025 01:35:14.707] [main/DEBUG] [net.minecraftforge.fml.loading.moddiscovery.ModFileParser/LOADING]: Considering mod file candidate /workspaces/lamicheladaputa/servidor_minecraft/mods/takesapillage-1.0.3-1.19.2.jar
[26Jun2025 01:35:14.708] [main/DEBUG] [net.minecraftforge.fml.loading.moddiscovery.ModFileInfo/LOADING]: Found valid mod file takesapillage-1.0.3-1.19.2.jar with {takesapillage} mods - versions {1.0.3}
[26Jun2025 01:35:14.709] [main/DEBUG] [net.minecraftforge.fml.loading.moddiscovery.ModFileParser/LOADING]: Considering mod file candidate /workspaces/lamicheladaputa/servidor_minecraft/mods/TaxOceanVillager+M.1.19.2+ForM+3.1.2.jar
[26Jun2025 01:35:14.709] [main/DEBUG] [net.minecraftforge.fml.loading.moddiscovery.ModFileInfo/LOADING]: Found valid mod file TaxOceanVillager+M.1.19.2+ForM+3.1.2.jar with {taxov} mods - versions {3.1.2}
[26Jun2025 01:35:14.710] [main/DEBUG] [net.minecraftforge.fml.loading.moddiscovery.ModFileParser/LOADING]: Considering mod file candidate /workspaces/lamicheladaputa/servidor_minecraft/mods/TerraBlender-forge-1.19.2-2.0.1.136.jar
[26Jun2025 01:35:14.711] [main/DEBUG] [net.minecraftforge.fml.loading.moddiscovery.ModFileInfo/LOADING]: Found valid mod file TerraBlender-forge-1.19.2-2.0.1.136.jar with {terrablender} mods - versions {2.0.1.136}
[26Jun2025 01:35:14.713] [main/DEBUG] [net.minecraftforge.fml.loading.moddiscovery.ModFileParser/LOADING]: Considering mod file candidate /workspaces/lamicheladaputa/servidor_minecraft/mods/tombstone-1.19.2-8.3.7.jar
[26Jun2025 01:35:14.713] [main/DEBUG] [net.minecraftforge.fml.loading.moddiscovery.ModFileInfo/LOADING]: Found valid mod file tombstone-1.19.2-8.3.7.jar with {tombstone} mods - versions {8.3.7}
[26Jun2025 01:35:14.716] [main/DEBUG] [net.minecraftforge.fml.loading.moddiscovery.ModFileParser/LOADING]: Considering mod file candidate /workspaces/lamicheladaputa/servidor_minecraft/mods/untamedwilds-1.19.2-3.0.4.jar
[26Jun2025 01:35:14.717] [main/DEBUG] [net.minecraftforge.fml.loading.moddiscovery.ModFileInfo/LOADING]: Found valid mod file untamedwilds-1.19.2-3.0.4.jar with {untamedwilds} mods - versions {3.0.4}
[26Jun2025 01:35:14.717] [main/DEBUG] [net.minecraftforge.fml.loading.moddiscovery.ModFileParser/LOADING]: Considering mod file candidate /workspaces/lamicheladaputa/servidor_minecraft/mods/Unwrecked Ships Plus 1.19-1.0.4 Forge.jar
[26Jun2025 01:35:14.718] [main/DEBUG] [net.minecraftforge.fml.loading.moddiscovery.ModFileInfo/LOADING]: Found valid mod file Unwrecked Ships Plus 1.19-1.0.4 Forge.jar with {unwrecked_ships_plus} mods - versions {1.0.4}
[26Jun2025 01:35:14.722] [main/DEBUG] [net.minecraftforge.fml.loading.moddiscovery.ModFileParser/LOADING]: Considering mod file candidate /workspaces/lamicheladaputa/servidor_minecraft/mods/upgrade_aquatic-1.19.2-5.1.0.jar
[26Jun2025 01:35:14.722] [main/DEBUG] [net.minecraftforge.fml.loading.moddiscovery.ModFileInfo/LOADING]: Found valid mod file upgrade_aquatic-1.19.2-5.1.0.jar with {upgrade_aquatic} mods - versions {5.1.0}
[26Jun2025 01:35:14.723] [main/DEBUG] [net.minecraftforge.fml.loading.moddiscovery.ModFileParser/LOADING]: Considering mod file candidate /workspaces/lamicheladaputa/servidor_minecraft/mods/valhelsia_core-forge-1.19.2-0.5.0.jar
[26Jun2025 01:35:14.724] [main/DEBUG] [net.minecraftforge.fml.loading.moddiscovery.ModFileInfo/LOADING]: Found valid mod file valhelsia_core-forge-1.19.2-0.5.0.jar with {valhelsia_core} mods - versions {1.19.2-0.5.0}
[26Jun2025 01:35:14.731] [main/DEBUG] [net.minecraftforge.fml.loading.moddiscovery.ModFileParser/LOADING]: Considering mod file candidate /workspaces/lamicheladaputa/servidor_minecraft/mods/valhelsia_furniture-forge-1.19.2-1.1.1.jar
[26Jun2025 01:35:14.732] [main/DEBUG] [net.minecraftforge.fml.loading.moddiscovery.ModFileInfo/LOADING]: Found valid mod file valhelsia_furniture-forge-1.19.2-1.1.1.jar with {valhelsia_furniture} mods - versions {1.19.2-1.1.1}
[26Jun2025 01:35:14.735] [main/DEBUG] [net.minecraftforge.fml.loading.moddiscovery.ModFileParser/LOADING]: Considering mod file candidate /workspaces/lamicheladaputa/servidor_minecraft/mods/valhelsia_structures-forge-1.19.2-1.0.4.jar
[26Jun2025 01:35:14.736] [main/DEBUG] [net.minecraftforge.fml.loading.moddiscovery.ModFileInfo/LOADING]: Found valid mod file valhelsia_structures-forge-1.19.2-1.0.4.jar with {valhelsia_structures} mods - versions {1.19.2-1.0.4}
[26Jun2025 01:35:14.739] [main/DEBUG] [net.minecraftforge.fml.loading.moddiscovery.ModFileParser/LOADING]: Considering mod file candidate /workspaces/lamicheladaputa/servidor_minecraft/mods/valkyrienskies-119-2.1.2-beta.1.jar
[26Jun2025 01:35:14.740] [main/DEBUG] [net.minecraftforge.fml.loading.moddiscovery.ModFileInfo/LOADING]: Found valid mod file valkyrienskies-119-2.1.2-beta.1.jar with {valkyrienskies} mods - versions {2.1.2-beta.1}
[26Jun2025 01:35:14.741] [main/DEBUG] [net.minecraftforge.fml.loading.moddiscovery.ModFileParser/LOADING]: Considering mod file candidate /workspaces/lamicheladaputa/servidor_minecraft/mods/Wild_Lands_1.0.8-1.19.2.jar
[26Jun2025 01:35:14.742] [main/DEBUG] [net.minecraftforge.fml.loading.moddiscovery.ModFileInfo/LOADING]: Found valid mod file Wild_Lands_1.0.8-1.19.2.jar with {wildlands} mods - versions {1.0.8}
[26Jun2025 01:35:14.742] [main/DEBUG] [net.minecraftforge.fml.loading.moddiscovery.ModFileParser/LOADING]: Considering mod file candidate /workspaces/lamicheladaputa/servidor_minecraft/mods/YungsApi-1.19.2-Forge-3.8.10.jar
[26Jun2025 01:35:14.743] [main/DEBUG] [net.minecraftforge.fml.loading.moddiscovery.ModFileInfo/LOADING]: Found valid mod file YungsApi-1.19.2-Forge-3.8.10.jar with {yungsapi} mods - versions {1.19.2-Forge-3.8.10}
[26Jun2025 01:35:14.744] [main/DEBUG] [net.minecraftforge.fml.loading.moddiscovery.ModFileParser/LOADING]: Considering mod file candidate /workspaces/lamicheladaputa/servidor_minecraft/mods/YungsBetterDesertTemples-1.19.2-Forge-2.2.2.jar
[26Jun2025 01:35:14.744] [main/DEBUG] [net.minecraftforge.fml.loading.moddiscovery.ModFileInfo/LOADING]: Found valid mod file YungsBetterDesertTemples-1.19.2-Forge-2.2.2.jar with {betterdeserttemples} mods - versions {1.19.2-Forge-2.2.2}
[26Jun2025 01:35:14.745] [main/DEBUG] [net.minecraftforge.fml.loading.moddiscovery.ModFileParser/LOADING]: Considering mod file candidate /workspaces/lamicheladaputa/servidor_minecraft/mods/YungsBetterDungeons-1.19.2-Forge-3.2.2.jar
[26Jun2025 01:35:14.746] [main/DEBUG] [net.minecraftforge.fml.loading.moddiscovery.ModFileInfo/LOADING]: Found valid mod file YungsBetterDungeons-1.19.2-Forge-3.2.2.jar with {betterdungeons} mods - versions {1.19.2-Forge-3.2.2}
[26Jun2025 01:35:14.746] [main/DEBUG] [net.minecraftforge.fml.loading.moddiscovery.ModFileParser/LOADING]: Considering mod file candidate /workspaces/lamicheladaputa/servidor_minecraft/mods/YungsBetterEndIsland-1.19.2-Forge-1.0.jar
[26Jun2025 01:35:14.747] [main/DEBUG] [net.minecraftforge.fml.loading.moddiscovery.ModFileInfo/LOADING]: Found valid mod file YungsBetterEndIsland-1.19.2-Forge-1.0.jar with {betterendisland} mods - versions {1.19.2-Forge-1.0}
[26Jun2025 01:35:14.748] [main/DEBUG] [net.minecraftforge.fml.loading.moddiscovery.ModFileParser/LOADING]: Considering mod file candidate /workspaces/lamicheladaputa/servidor_minecraft/mods/YungsBetterJungleTemples-1.19.2-Forge-1.0.1.jar
[26Jun2025 01:35:14.748] [main/DEBUG] [net.minecraftforge.fml.loading.moddiscovery.ModFileInfo/LOADING]: Found valid mod file YungsBetterJungleTemples-1.19.2-Forge-1.0.1.jar with {betterjungletemples} mods - versions {1.19.2-Forge-1.0.1}
[26Jun2025 01:35:14.749] [main/DEBUG] [net.minecraftforge.fml.loading.moddiscovery.ModFileParser/LOADING]: Considering mod file candidate /workspaces/lamicheladaputa/servidor_minecraft/mods/YungsBetterMineshafts-1.19.2-Forge-3.2.1.jar
[26Jun2025 01:35:14.750] [main/DEBUG] [net.minecraftforge.fml.loading.moddiscovery.ModFileInfo/LOADING]: Found valid mod file YungsBetterMineshafts-1.19.2-Forge-3.2.1.jar with {bettermineshafts} mods - versions {1.19.2-Forge-3.2.1}
[26Jun2025 01:35:14.751] [main/DEBUG] [net.minecraftforge.fml.loading.moddiscovery.ModFileParser/LOADING]: Considering mod file candidate /workspaces/lamicheladaputa/servidor_minecraft/mods/YungsBetterNetherFortresses-1.19.2-Forge-1.0.6.jar
[26Jun2025 01:35:14.752] [main/DEBUG] [net.minecraftforge.fml.loading.moddiscovery.ModFileInfo/LOADING]: Found valid mod file YungsBetterNetherFortresses-1.19.2-Forge-1.0.6.jar with {betterfortresses} mods - versions {1.19.2-Forge-1.0.6}
[26Jun2025 01:35:14.752] [main/DEBUG] [net.minecraftforge.fml.loading.moddiscovery.ModFileParser/LOADING]: Considering mod file candidate /workspaces/lamicheladaputa/servidor_minecraft/mods/YungsBetterOceanMonuments-1.19.2-Forge-2.1.1.jar
[26Jun2025 01:35:14.753] [main/DEBUG] [net.minecraftforge.fml.loading.moddiscovery.ModFileInfo/LOADING]: Found valid mod file YungsBetterOceanMonuments-1.19.2-Forge-2.1.1.jar with {betteroceanmonuments} mods - versions {1.19.2-Forge-2.1.1}
[26Jun2025 01:35:14.754] [main/DEBUG] [net.minecraftforge.fml.loading.moddiscovery.ModFileParser/LOADING]: Considering mod file candidate /workspaces/lamicheladaputa/servidor_minecraft/mods/YungsBetterStrongholds-1.19.2-Forge-3.2.0.jar
[26Jun2025 01:35:14.754] [main/DEBUG] [net.minecraftforge.fml.loading.moddiscovery.ModFileInfo/LOADING]: Found valid mod file YungsBetterStrongholds-1.19.2-Forge-3.2.0.jar with {betterstrongholds} mods - versions {1.19.2-Forge-3.2.0}
[26Jun2025 01:35:14.755] [main/DEBUG] [net.minecraftforge.fml.loading.moddiscovery.ModFileParser/LOADING]: Considering mod file candidate /workspaces/lamicheladaputa/servidor_minecraft/mods/YungsBetterWitchHuts-1.19.2-Forge-2.1.0.jar
[26Jun2025 01:35:14.755] [main/DEBUG] [net.minecraftforge.fml.loading.moddiscovery.ModFileInfo/LOADING]: Found valid mod file YungsBetterWitchHuts-1.19.2-Forge-2.1.0.jar with {betterwitchhuts} mods - versions {1.19.2-Forge-2.1.0}
[26Jun2025 01:35:14.756] [main/DEBUG] [net.minecraftforge.fml.loading.moddiscovery.ModFileParser/LOADING]: Considering mod file candidate /workspaces/lamicheladaputa/servidor_minecraft/mods/YungsBridges-1.19.2-Forge-3.1.0.jar
[26Jun2025 01:35:14.756] [main/DEBUG] [net.minecraftforge.fml.loading.moddiscovery.ModFileInfo/LOADING]: Found valid mod file YungsBridges-1.19.2-Forge-3.1.0.jar with {yungsbridges} mods - versions {1.19.2-Forge-3.1.0}
[26Jun2025 01:35:14.757] [main/DEBUG] [net.minecraftforge.fml.loading.moddiscovery.ModFileParser/LOADING]: Considering mod file candidate /workspaces/lamicheladaputa/servidor_minecraft/mods/YungsExtras-1.19.2-Forge-3.1.0.jar
[26Jun2025 01:35:14.758] [main/DEBUG] [net.minecraftforge.fml.loading.moddiscovery.ModFileInfo/LOADING]: Found valid mod file YungsExtras-1.19.2-Forge-3.1.0.jar with {yungsextras} mods - versions {1.19.2-Forge-3.1.0}
[26Jun2025 01:35:14.884] [main/DEBUG] [net.minecraftforge.fml.loading.moddiscovery.ModFileInfo/LOADING]: Found valid mod file server-1.19.2-20220805.130853-srg.jar with {minecraft} mods - versions {1.19.2}
[26Jun2025 01:35:14.887] [main/DEBUG] [net.minecraftforge.fml.loading.moddiscovery.ModFileParser/LOADING]: Considering mod file candidate /workspaces/lamicheladaputa/servidor_minecraft/libraries/net/minecraftforge/fmlcore/1.19.2-43.4.2/fmlcore-1.19.2-43.4.2.jar
[26Jun2025 01:35:14.887] [main/WARN] [net.minecraftforge.fml.loading.moddiscovery.ModFileParser/LOADING]: Mod file /workspaces/lamicheladaputa/servidor_minecraft/libraries/net/minecraftforge/fmlcore/1.19.2-43.4.2/fmlcore-1.19.2-43.4.2.jar is missing mods.toml file
[26Jun2025 01:35:14.889] [main/DEBUG] [net.minecraftforge.fml.loading.moddiscovery.ModFileParser/LOADING]: Considering mod file candidate /workspaces/lamicheladaputa/servidor_minecraft/libraries/net/minecraftforge/javafmllanguage/1.19.2-43.4.2/javafmllanguage-1.19.2-43.4.2.jar
[26Jun2025 01:35:14.890] [main/WARN] [net.minecraftforge.fml.loading.moddiscovery.ModFileParser/LOADING]: Mod file /workspaces/lamicheladaputa/servidor_minecraft/libraries/net/minecraftforge/javafmllanguage/1.19.2-43.4.2/javafmllanguage-1.19.2-43.4.2.jar is missing mods.toml file
[26Jun2025 01:35:14.891] [main/DEBUG] [net.minecraftforge.fml.loading.moddiscovery.ModFileParser/LOADING]: Considering mod file candidate /workspaces/lamicheladaputa/servidor_minecraft/libraries/net/minecraftforge/lowcodelanguage/1.19.2-43.4.2/lowcodelanguage-1.19.2-43.4.2.jar
[26Jun2025 01:35:14.891] [main/WARN] [net.minecraftforge.fml.loading.moddiscovery.ModFileParser/LOADING]: Mod file /workspaces/lamicheladaputa/servidor_minecraft/libraries/net/minecraftforge/lowcodelanguage/1.19.2-43.4.2/lowcodelanguage-1.19.2-43.4.2.jar is missing mods.toml file
[26Jun2025 01:35:14.892] [main/DEBUG] [net.minecraftforge.fml.loading.moddiscovery.ModFileParser/LOADING]: Considering mod file candidate /workspaces/lamicheladaputa/servidor_minecraft/libraries/net/minecraftforge/mclanguage/1.19.2-43.4.2/mclanguage-1.19.2-43.4.2.jar
[26Jun2025 01:35:14.892] [main/WARN] [net.minecraftforge.fml.loading.moddiscovery.ModFileParser/LOADING]: Mod file /workspaces/lamicheladaputa/servidor_minecraft/libraries/net/minecraftforge/mclanguage/1.19.2-43.4.2/mclanguage-1.19.2-43.4.2.jar is missing mods.toml file
[26Jun2025 01:35:14.968] [main/DEBUG] [net.minecraftforge.fml.loading.moddiscovery.ModFileParser/LOADING]: Considering mod file candidate /workspaces/lamicheladaputa/servidor_minecraft/libraries/net/minecraftforge/forge/1.19.2-43.4.2/forge-1.19.2-43.4.2-universal.jar
[26Jun2025 01:35:14.969] [main/DEBUG] [net.minecraftforge.fml.loading.moddiscovery.ModFileInfo/LOADING]: Found valid mod file forge-1.19.2-43.4.2-universal.jar with {forge} mods - versions {43.4.2}
[26Jun2025 01:35:14.984] [main/DEBUG] [net.minecraftforge.fml.loading.moddiscovery.AbstractJarFileDependencyLocator/]: Failed to load resource META-INF/jarjar/metadata.json from YungsBetterDungeons-1.19.2-Forge-3.2.2.jar, it does not contain dependency information.
[26Jun2025 01:35:14.984] [main/DEBUG] [net.minecraftforge.fml.loading.moddiscovery.AbstractJarFileDependencyLocator/]: Failed to load resource META-INF/jarjar/metadata.json from lootintegrations_valhelsia-1.1.jar, it does not contain dependency information.
[26Jun2025 01:35:14.984] [main/DEBUG] [net.minecraftforge.fml.loading.moddiscovery.AbstractJarFileDependencyLocator/]: Failed to load resource META-INF/jarjar/metadata.json from blue_skies-1.19.2-1.3.20.jar, it does not contain dependency information.
[26Jun2025 01:35:14.985] [main/DEBUG] [net.minecraftforge.fml.loading.moddiscovery.AbstractJarFileDependencyLocator/]: Failed to load resource META-INF/jarjar/metadata.json from EasyAnvils-v4.0.11-1.19.2-Forge.jar, it does not contain dependency information.
[26Jun2025 01:35:14.985] [main/DEBUG] [net.minecraftforge.fml.loading.moddiscovery.AbstractJarFileDependencyLocator/]: Failed to load resource META-INF/jarjar/metadata.json from YungsBetterWitchHuts-1.19.2-Forge-2.1.0.jar, it does not contain dependency information.
[26Jun2025 01:35:14.985] [main/DEBUG] [net.minecraftforge.fml.loading.moddiscovery.AbstractJarFileDependencyLocator/]: Failed to load resource META-INF/jarjar/metadata.json from alexsmobs-1.21.1.jar, it does not contain dependency information.
[26Jun2025 01:35:14.985] [main/DEBUG] [net.minecraftforge.fml.loading.moddiscovery.AbstractJarFileDependencyLocator/]: Failed to load resource META-INF/jarjar/metadata.json from botarium-forge-1.19.2-1.9.2.jar, it does not contain dependency information.
[26Jun2025 01:35:14.985] [main/DEBUG] [net.minecraftforge.fml.loading.moddiscovery.AbstractJarFileDependencyLocator/]: Failed to load resource META-INF/jarjar/metadata.json from YungsBetterOceanMonuments-1.19.2-Forge-2.1.1.jar, it does not contain dependency information.
[26Jun2025 01:35:14.985] [main/DEBUG] [net.minecraftforge.fml.loading.moddiscovery.AbstractJarFileDependencyLocator/]: Failed to load resource META-INF/jarjar/metadata.json from HammerLib-1.19.2-19.3.82.jar, it does not contain dependency information.
[26Jun2025 01:35:14.985] [main/DEBUG] [net.minecraftforge.fml.loading.moddiscovery.AbstractJarFileDependencyLocator/]: Failed to load resource META-INF/jarjar/metadata.json from mcw-windows-2.3.0-mc1.19.2forge.jar, it does not contain dependency information.
[26Jun2025 01:35:14.985] [main/DEBUG] [net.minecraftforge.fml.loading.moddiscovery.AbstractJarFileDependencyLocator/]: Failed to load resource META-INF/jarjar/metadata.json from valhelsia_furniture-forge-1.19.2-1.1.1.jar, it does not contain dependency information.
[26Jun2025 01:35:14.985] [main/DEBUG] [net.minecraftforge.fml.loading.moddiscovery.AbstractJarFileDependencyLocator/]: Failed to load resource META-INF/jarjar/metadata.json from sophisticatedcore-1.19.2-0.6.4.730.jar, it does not contain dependency information.
[26Jun2025 01:35:14.986] [main/DEBUG] [net.minecraftforge.fml.loading.moddiscovery.AbstractJarFileDependencyLocator/]: Failed to load resource META-INF/jarjar/metadata.json from JRFTL [1.19.1]-1.4.3.jar, it does not contain dependency information.
[26Jun2025 01:35:14.986] [main/DEBUG] [net.minecraftforge.fml.loading.moddiscovery.AbstractJarFileDependencyLocator/]: Failed to load resource META-INF/jarjar/metadata.json from citadel-2.1.4-1.19.jar, it does not contain dependency information.
[26Jun2025 01:35:14.986] [main/DEBUG] [net.minecraftforge.fml.loading.moddiscovery.AbstractJarFileDependencyLocator/]: Failed to load resource META-INF/jarjar/metadata.json from lootintegrations-1.19.2-4.0.jar, it does not contain dependency information.
[26Jun2025 01:35:14.986] [main/DEBUG] [net.minecraftforge.fml.loading.moddiscovery.AbstractJarFileDependencyLocator/]: Failed to load resource META-INF/jarjar/metadata.json from YungsApi-1.19.2-Forge-3.8.10.jar, it does not contain dependency information.
[26Jun2025 01:35:14.986] [main/DEBUG] [net.minecraftforge.fml.loading.moddiscovery.AbstractJarFileDependencyLocator/]: Failed to load resource META-INF/jarjar/metadata.json from sophisticatedbackpacks-1.19.2-3.20.2.1035.jar, it does not contain dependency information.
[26Jun2025 01:35:14.986] [main/DEBUG] [net.minecraftforge.fml.loading.moddiscovery.AbstractJarFileDependencyLocator/]: Failed to load resource META-INF/jarjar/metadata.json from guardvillagers-1.19.2-1.5.9.jar, it does not contain dependency information.
[26Jun2025 01:35:14.986] [main/DEBUG] [net.minecraftforge.fml.loading.moddiscovery.AbstractJarFileDependencyLocator/]: Failed to load resource META-INF/jarjar/metadata.json from relics-1.19.2-0.6.2.4.jar, it does not contain dependency information.
[26Jun2025 01:35:14.986] [main/DEBUG] [net.minecraftforge.fml.loading.moddiscovery.AbstractJarFileDependencyLocator/]: Failed to load resource META-INF/jarjar/metadata.json from takesapillage-1.0.3-1.19.2.jar, it does not contain dependency information.
[26Jun2025 01:35:14.986] [main/DEBUG] [net.minecraftforge.fml.loading.moddiscovery.AbstractJarFileDependencyLocator/]: Failed to load resource META-INF/jarjar/metadata.json from mcw-doors-1.1.2-mc1.19.2forge.jar, it does not contain dependency information.
[26Jun2025 01:35:14.987] [main/DEBUG] [net.minecraftforge.fml.loading.moddiscovery.AbstractJarFileDependencyLocator/]: Failed to load resource META-INF/jarjar/metadata.json from mermod-forge-1.11.jar, it does not contain dependency information.
[26Jun2025 01:35:14.987] [main/DEBUG] [net.minecraftforge.fml.loading.moddiscovery.AbstractJarFileDependencyLocator/]: Failed to load resource META-INF/jarjar/metadata.json from lootintegrations_structory-1.2.jar, it does not contain dependency information.
[26Jun2025 01:35:14.987] [main/DEBUG] [net.minecraftforge.fml.loading.moddiscovery.AbstractJarFileDependencyLocator/]: Failed to load resource META-INF/jarjar/metadata.json from right_click_get_crops-1.19.2-1.4.0.11.jar, it does not contain dependency information.
[26Jun2025 01:35:14.987] [main/DEBUG] [net.minecraftforge.fml.loading.moddiscovery.AbstractJarFileDependencyLocator/]: Failed to load resource META-INF/jarjar/metadata.json from YungsBetterNetherFortresses-1.19.2-Forge-1.0.6.jar, it does not contain dependency information.
[26Jun2025 01:35:14.987] [main/DEBUG] [net.minecraftforge.fml.loading.moddiscovery.AbstractJarFileDependencyLocator/]: Failed to load resource META-INF/jarjar/metadata.json from ctov-3.2.6c.jar, it does not contain dependency information.
[26Jun2025 01:35:14.987] [main/DEBUG] [net.minecraftforge.fml.loading.moddiscovery.AbstractJarFileDependencyLocator/]: Failed to load resource META-INF/jarjar/metadata.json from geophilic-1.19-2.0.0c.jar, it does not contain dependency information.
[26Jun2025 01:35:14.987] [main/DEBUG] [net.minecraftforge.fml.loading.moddiscovery.AbstractJarFileDependencyLocator/]: Failed to load resource META-INF/jarjar/metadata.json from embeddium-0.3.18.1+mc1.19.2.jar, it does not contain dependency information.
[26Jun2025 01:35:14.987] [main/DEBUG] [net.minecraftforge.fml.loading.moddiscovery.AbstractJarFileDependencyLocator/]: Failed to load resource META-INF/jarjar/metadata.json from structure_gel-1.19.2-2.7.3.jar, it does not contain dependency information.
[26Jun2025 01:35:14.988] [main/DEBUG] [net.minecraftforge.fml.loading.moddiscovery.AbstractJarFileDependencyLocator/]: Failed to load resource META-INF/jarjar/metadata.json from mcw-bridges-3.0.1-mc1.19.2forge.jar, it does not contain dependency information.
[26Jun2025 01:35:14.988] [main/DEBUG] [net.minecraftforge.fml.loading.moddiscovery.AbstractJarFileDependencyLocator/]: Failed to load resource META-INF/jarjar/metadata.json from TaxOceanVillager+M.1.19.2+ForM+3.1.2.jar, it does not contain dependency information.
[26Jun2025 01:35:14.988] [main/DEBUG] [net.minecraftforge.fml.loading.moddiscovery.AbstractJarFileDependencyLocator/]: Failed to load resource META-INF/jarjar/metadata.json from BiomesOPlenty-1.19.2-17.1.1.162.jar, it does not contain dependency information.
[26Jun2025 01:35:14.988] [main/DEBUG] [net.minecraftforge.fml.loading.moddiscovery.AbstractJarFileDependencyLocator/]: Failed to load resource META-INF/jarjar/metadata.json from valhelsia_structures-forge-1.19.2-1.0.4.jar, it does not contain dependency information.
[26Jun2025 01:35:14.988] [main/DEBUG] [net.minecraftforge.fml.loading.moddiscovery.AbstractJarFileDependencyLocator/]: Failed to load resource META-INF/jarjar/metadata.json from mcw-trapdoors-1.1.4-mc1.19.2forge.jar, it does not contain dependency information.
[26Jun2025 01:35:14.988] [main/DEBUG] [net.minecraftforge.fml.loading.moddiscovery.AbstractJarFileDependencyLocator/]: Failed to load resource META-INF/jarjar/metadata.json from mcw-fences-1.2.0-1.19.2forge.jar, it does not contain dependency information.
[26Jun2025 01:35:14.988] [main/DEBUG] [net.minecraftforge.fml.loading.moddiscovery.AbstractJarFileDependencyLocator/]: Failed to load resource META-INF/jarjar/metadata.json from Wild_Lands_1.0.8-1.19.2.jar, it does not contain dependency information.
[26Jun2025 01:35:14.988] [main/DEBUG] [net.minecraftforge.fml.loading.moddiscovery.AbstractJarFileDependencyLocator/]: Failed to load resource META-INF/jarjar/metadata.json from YungsBridges-1.19.2-Forge-3.1.0.jar, it does not contain dependency information.
[26Jun2025 01:35:14.988] [main/DEBUG] [net.minecraftforge.fml.loading.moddiscovery.AbstractJarFileDependencyLocator/]: Failed to load resource META-INF/jarjar/metadata.json from resourcefulconfig-forge-1.19.2-1.0.20.jar, it does not contain dependency information.
[26Jun2025 01:35:14.989] [main/DEBUG] [net.minecraftforge.fml.loading.moddiscovery.AbstractJarFileDependencyLocator/]: Failed to load resource META-INF/jarjar/metadata.json from curios-forge-1.19.2-5.1.6.4.jar, it does not contain dependency information.
[26Jun2025 01:35:14.989] [main/DEBUG] [net.minecraftforge.fml.loading.moddiscovery.AbstractJarFileDependencyLocator/]: Failed to load resource META-INF/jarjar/metadata.json from realmrpg_seadwellers_2.9.9_forge_1.19.2.jar, it does not contain dependency information.
[26Jun2025 01:35:14.989] [main/DEBUG] [net.minecraftforge.fml.loading.moddiscovery.AbstractJarFileDependencyLocator/]: Failed to load resource META-INF/jarjar/metadata.json from YungsExtras-1.19.2-Forge-3.1.0.jar, it does not contain dependency information.
[26Jun2025 01:35:14.989] [main/DEBUG] [net.minecraftforge.fml.loading.moddiscovery.AbstractJarFileDependencyLocator/]: Failed to load resource META-INF/jarjar/metadata.json from YungsBetterStrongholds-1.19.2-Forge-3.2.0.jar, it does not contain dependency information.
[26Jun2025 01:35:14.989] [main/DEBUG] [net.minecraftforge.fml.loading.moddiscovery.AbstractJarFileDependencyLocator/]: Failed to load resource META-INF/jarjar/metadata.json from tombstone-1.19.2-8.3.7.jar, it does not contain dependency information.
[26Jun2025 01:35:14.989] [main/DEBUG] [net.minecraftforge.fml.loading.moddiscovery.AbstractJarFileDependencyLocator/]: Failed to load resource META-INF/jarjar/metadata.json from resourcefullib-forge-1.19.2-1.1.24.jar, it does not contain dependency information.
[26Jun2025 01:35:14.989] [main/DEBUG] [net.minecraftforge.fml.loading.moddiscovery.AbstractJarFileDependencyLocator/]: Failed to load resource META-INF/jarjar/metadata.json from architectury-6.6.92-forge.jar, it does not contain dependency information.
[26Jun2025 01:35:14.989] [main/DEBUG] [net.minecraftforge.fml.loading.moddiscovery.AbstractJarFileDependencyLocator/]: Failed to load resource META-INF/jarjar/metadata.json from mcw-furniture-3.3.0-mc1.19.2forge.jar, it does not contain dependency information.
[26Jun2025 01:35:14.989] [main/DEBUG] [net.minecraftforge.fml.loading.moddiscovery.AbstractJarFileDependencyLocator/]: Failed to load resource META-INF/jarjar/metadata.json from cupboard-1.19.2-2.6.jar, it does not contain dependency information.
[26Jun2025 01:35:14.990] [main/DEBUG] [net.minecraftforge.fml.loading.moddiscovery.AbstractJarFileDependencyLocator/]: Failed to load resource META-INF/jarjar/metadata.json from lootintegrations_ctov-1.3.jar, it does not contain dependency information.
[26Jun2025 01:35:14.990] [main/DEBUG] [net.minecraftforge.fml.loading.moddiscovery.AbstractJarFileDependencyLocator/]: Failed to load resource META-INF/jarjar/metadata.json from YungsBetterEndIsland-1.19.2-Forge-1.0.jar, it does not contain dependency information.
[26Jun2025 01:35:14.990] [main/DEBUG] [net.minecraftforge.fml.loading.moddiscovery.AbstractJarFileDependencyLocator/]: Failed to load resource META-INF/jarjar/metadata.json from lootintegrations_moog-1.4.jar, it does not contain dependency information.
[26Jun2025 01:35:14.990] [main/DEBUG] [net.minecraftforge.fml.loading.moddiscovery.AbstractJarFileDependencyLocator/]: Failed to load resource META-INF/jarjar/metadata.json from FastLeafDecay-30.jar, it does not contain dependency information.
[26Jun2025 01:35:14.990] [main/DEBUG] [net.minecraftforge.fml.loading.moddiscovery.AbstractJarFileDependencyLocator/]: Failed to load resource META-INF/jarjar/metadata.json from YungsBetterMineshafts-1.19.2-Forge-3.2.1.jar, it does not contain dependency information.
[26Jun2025 01:35:14.990] [main/DEBUG] [net.minecraftforge.fml.loading.moddiscovery.AbstractJarFileDependencyLocator/]: Failed to load resource META-INF/jarjar/metadata.json from geckolib-forge-1.19-3.1.40.jar, it does not contain dependency information.
[26Jun2025 01:35:14.990] [main/DEBUG] [net.minecraftforge.fml.loading.moddiscovery.AbstractJarFileDependencyLocator/]: Failed to load resource META-INF/jarjar/metadata.json from mcw-lights-1.1.0-mc1.19.2forge.jar, it does not contain dependency information.
[26Jun2025 01:35:14.990] [main/DEBUG] [net.minecraftforge.fml.loading.moddiscovery.AbstractJarFileDependencyLocator/]: Failed to load resource META-INF/jarjar/metadata.json from YungsBetterJungleTemples-1.19.2-Forge-1.0.1.jar, it does not contain dependency information.
[26Jun2025 01:35:14.991] [main/DEBUG] [net.minecraftforge.fml.loading.moddiscovery.AbstractJarFileDependencyLocator/]: Failed to load resource META-INF/jarjar/metadata.json from arcane_abilities-0.1.9.1-1.19.2.jar, it does not contain dependency information.
[26Jun2025 01:35:14.991] [main/DEBUG] [net.minecraftforge.fml.loading.moddiscovery.AbstractJarFileDependencyLocator/]: Failed to load resource META-INF/jarjar/metadata.json from expore-1.19.2-0.3.jar, it does not contain dependency information.
[26Jun2025 01:35:14.991] [main/DEBUG] [net.minecraftforge.fml.loading.moddiscovery.AbstractJarFileDependencyLocator/]: Failed to load resource META-INF/jarjar/metadata.json from EasyMagic-v4.3.3-1.19.2-Forge.jar, it does not contain dependency information.
[26Jun2025 01:35:14.991] [main/DEBUG] [net.minecraftforge.fml.loading.moddiscovery.AbstractJarFileDependencyLocator/]: Failed to load resource META-INF/jarjar/metadata.json from jei-1.19.2-forge-11.8.1.1034.jar, it does not contain dependency information.
[26Jun2025 01:35:14.991] [main/DEBUG] [net.minecraftforge.fml.loading.moddiscovery.AbstractJarFileDependencyLocator/]: Failed to load resource META-INF/jarjar/metadata.json from upgrade_aquatic-1.19.2-5.1.0.jar, it does not contain dependency information.
[26Jun2025 01:35:14.991] [main/DEBUG] [net.minecraftforge.fml.loading.moddiscovery.AbstractJarFileDependencyLocator/]: Failed to load resource META-INF/jarjar/metadata.json from obscure_api-15.jar, it does not contain dependency information.
[26Jun2025 01:35:14.991] [main/DEBUG] [net.minecraftforge.fml.loading.moddiscovery.AbstractJarFileDependencyLocator/]: Failed to load resource META-INF/jarjar/metadata.json from Structory_Towers_1.19.3_v1.0.2.jar, it does not contain dependency information.
[26Jun2025 01:35:14.991] [main/DEBUG] [net.minecraftforge.fml.loading.moddiscovery.AbstractJarFileDependencyLocator/]: Failed to load resource META-INF/jarjar/metadata.json from realmrpg_fallen_adventurers_1.0.3_forge_1.19.2.jar, it does not contain dependency information.
[26Jun2025 01:35:14.992] [main/DEBUG] [net.minecraftforge.fml.loading.moddiscovery.AbstractJarFileDependencyLocator/]: Failed to load resource META-INF/jarjar/metadata.json from Structory_1.19.3_v1.3.1a.jar, it does not contain dependency information.
[26Jun2025 01:35:14.992] [main/DEBUG] [net.minecraftforge.fml.loading.moddiscovery.AbstractJarFileDependencyLocator/]: Failed to load resource META-INF/jarjar/metadata.json from mcw-paintings-1.0.5-1.19.2forge.jar, it does not contain dependency information.
[26Jun2025 01:35:14.992] [main/DEBUG] [net.minecraftforge.fml.loading.moddiscovery.AbstractJarFileDependencyLocator/]: Failed to load resource META-INF/jarjar/metadata.json from journeymap-1.19.2-5.9.8-forge.jar, it does not contain dependency information.
[26Jun2025 01:35:14.992] [main/DEBUG] [net.minecraftforge.fml.loading.moddiscovery.AbstractJarFileDependencyLocator/]: Failed to load resource META-INF/jarjar/metadata.json from breezy-1.19.2-1.0.8.jar, it does not contain dependency information.
[26Jun2025 01:35:14.992] [main/DEBUG] [net.minecraftforge.fml.loading.moddiscovery.AbstractJarFileDependencyLocator/]: Failed to load resource META-INF/jarjar/metadata.json from untamedwilds-1.19.2-3.0.4.jar, it does not contain dependency information.
[26Jun2025 01:35:14.992] [main/DEBUG] [net.minecraftforge.fml.loading.moddiscovery.AbstractJarFileDependencyLocator/]: Failed to load resource META-INF/jarjar/metadata.json from betteranimalsplus-1.19.2-11.0.10-forge.jar, it does not contain dependency information.
[26Jun2025 01:35:14.992] [main/DEBUG] [net.minecraftforge.fml.loading.moddiscovery.AbstractJarFileDependencyLocator/]: Failed to load resource META-INF/jarjar/metadata.json from YungsBetterDesertTemples-1.19.2-Forge-2.2.2.jar, it does not contain dependency information.
[26Jun2025 01:35:14.992] [main/DEBUG] [net.minecraftforge.fml.loading.moddiscovery.AbstractJarFileDependencyLocator/]: Failed to load resource META-INF/jarjar/metadata.json from iceandfire-1.19.2-2.1.13-beta-3.jar, it does not contain dependency information.
[26Jun2025 01:35:14.992] [main/DEBUG] [net.minecraftforge.fml.loading.moddiscovery.AbstractJarFileDependencyLocator/]: Failed to load resource META-INF/jarjar/metadata.json from blueprint-1.19.2-6.2.0.jar, it does not contain dependency information.
[26Jun2025 01:35:14.993] [main/DEBUG] [net.minecraftforge.fml.loading.moddiscovery.AbstractJarFileDependencyLocator/]: Failed to load resource META-INF/jarjar/metadata.json from Unwrecked Ships Plus 1.19-1.0.4 Forge.jar, it does not contain dependency information.
[26Jun2025 01:35:14.993] [main/DEBUG] [net.minecraftforge.fml.loading.moddiscovery.AbstractJarFileDependencyLocator/]: Failed to load resource META-INF/jarjar/metadata.json from forge-1.19.2-43.4.2-universal.jar, it does not contain dependency information.
[26Jun2025 01:35:14.993] [main/DEBUG] [net.minecraftforge.fml.loading.moddiscovery.AbstractJarFileDependencyLocator/]: Failed to load resource META-INF/jarjar/metadata.json from hero-proof-5.2.1.jar, it does not contain dependency information.
[26Jun2025 01:35:14.993] [main/DEBUG] [net.minecraftforge.fml.loading.moddiscovery.AbstractJarFileDependencyLocator/]: Failed to load resource META-INF/jarjar/metadata.json from scuba_gear-1.19-1.0.5.jar, it does not contain dependency information.
[26Jun2025 01:35:14.993] [main/DEBUG] [net.minecraftforge.fml.loading.moddiscovery.AbstractJarFileDependencyLocator/]: Failed to load resource META-INF/jarjar/metadata.json from mcw-paths-1.1.0forge-mc1.19.2.jar, it does not contain dependency information.
[26Jun2025 01:35:14.993] [main/DEBUG] [net.minecraftforge.fml.loading.moddiscovery.AbstractJarFileDependencyLocator/]: Failed to load resource META-INF/jarjar/metadata.json from server-1.19.2-20220805.130853-srg.jar, it does not contain dependency information.
[26Jun2025 01:35:14.993] [main/DEBUG] [net.minecraftforge.fml.loading.moddiscovery.AbstractJarFileDependencyLocator/]: Failed to load resource META-INF/jarjar/metadata.json from barrowsbrothersv16.jar, it does not contain dependency information.
[26Jun2025 01:35:14.994] [main/DEBUG] [net.minecraftforge.fml.loading.moddiscovery.AbstractJarFileDependencyLocator/]: Failed to load resource META-INF/jarjar/metadata.json from TerraBlender-forge-1.19.2-2.0.1.136.jar, it does not contain dependency information.
[26Jun2025 01:35:14.994] [main/DEBUG] [net.minecraftforge.fml.loading.moddiscovery.AbstractJarFileDependencyLocator/]: Failed to load resource META-INF/jarjar/metadata.json from moonlight-1.19.2-2.3.7-forge.jar, it does not contain dependency information.
[26Jun2025 01:35:14.994] [main/DEBUG] [net.minecraftforge.fml.loading.moddiscovery.AbstractJarFileDependencyLocator/]: Failed to load resource META-INF/jarjar/metadata.json from Jade-1.19.1-forge-8.9.2.jar, it does not contain dependency information.
[26Jun2025 01:35:14.994] [main/DEBUG] [net.minecraftforge.fml.loading.moddiscovery.AbstractJarFileDependencyLocator/]: Failed to load resource META-INF/jarjar/metadata.json from lootintegrations_yungs-1.3.jar, it does not contain dependency information.
[26Jun2025 01:35:14.994] [main/DEBUG] [net.minecraftforge.fml.loading.moddiscovery.AbstractJarFileDependencyLocator/]: Failed to load resource META-INF/jarjar/metadata.json from notenoughanimations-forge-1.9.3-mc1.19.2.jar, it does not contain dependency information.
[26Jun2025 01:35:14.994] [main/DEBUG] [net.minecraftforge.fml.loading.moddiscovery.AbstractJarFileDependencyLocator/]: Failed to load resource META-INF/jarjar/metadata.json from entityculling-forge-1.6.1-mc1.19.2.jar, it does not contain dependency information.
[26Jun2025 01:35:14.994] [main/DEBUG] [net.minecraftforge.fml.loading.moddiscovery.AbstractJarFileDependencyLocator/]: Failed to load resource META-INF/jarjar/metadata.json from Regrowth-1.19-41.1.31.1.jar, it does not contain dependency information.
[26Jun2025 01:35:14.995] [main/DEBUG] [net.minecraftforge.fml.loading.moddiscovery.AbstractJarFileDependencyLocator/]: Failed to load resource META-INF/jarjar/metadata.json from mvs-4.1.4-1.19.2-forge.jar, it does not contain dependency information.
[26Jun2025 01:35:14.995] [main/DEBUG] [net.minecraftforge.fml.loading.moddiscovery.AbstractJarFileDependencyLocator/]: Failed to load resource META-INF/jarjar/metadata.json from appleskin-forge-mc1.19-2.4.2.jar, it does not contain dependency information.
[26Jun2025 01:35:14.995] [main/DEBUG] [net.minecraftforge.fml.loading.moddiscovery.AbstractJarFileDependencyLocator/]: Failed to load resource META-INF/jarjar/metadata.json from moremobvariants-forge+1.19.2-1.3.0.1.jar, it does not contain dependency information.
[26Jun2025 01:35:14.995] [main/DEBUG] [net.minecraftforge.fml.loading.moddiscovery.AbstractJarFileDependencyLocator/]: Failed to load resource META-INF/jarjar/metadata.json from ferritecore-5.0.3-forge.jar, it does not contain dependency information.
[26Jun2025 01:35:14.995] [main/DEBUG] [net.minecraftforge.fml.loading.moddiscovery.AbstractJarFileDependencyLocator/]: Failed to load resource META-INF/jarjar/metadata.json from PuzzlesLib-v4.4.3-1.19.2-Forge.jar, it does not contain dependency information.
[26Jun2025 01:35:14.995] [main/DEBUG] [net.minecraftforge.fml.loading.moddiscovery.AbstractJarFileDependencyLocator/]: Failed to load resource META-INF/jarjar/metadata.json from Aquaculture-1.19.2-2.4.17.jar, it does not contain dependency information.
[26Jun2025 01:35:14.995] [main/DEBUG] [net.minecraftforge.fml.loading.moddiscovery.AbstractJarFileDependencyLocator/]: Failed to load resource META-INF/jarjar/metadata.json from valhelsia_core-forge-1.19.2-0.5.0.jar, it does not contain dependency information.
[26Jun2025 01:35:14.995] [main/DEBUG] [net.minecraftforge.fml.loading.moddiscovery.AbstractJarFileDependencyLocator/]: Failed to load resource META-INF/jarjar/metadata.json from aquamirae-6.API15.jar, it does not contain dependency information.
[26Jun2025 01:35:14.995] [main/DEBUG] [net.minecraftforge.fml.loading.moddiscovery.AbstractJarFileDependencyLocator/]: Failed to load resource META-INF/jarjar/metadata.json from ad_astra-forge-1.19.2-1.12.7.jar, it does not contain dependency information.
[26Jun2025 01:35:14.996] [main/DEBUG] [net.minecraftforge.fml.loading.moddiscovery.AbstractJarFileDependencyLocator/]: Failed to load resource META-INF/jarjar/metadata.json from mclanguage-1.19.2-43.4.2.jar, it does not contain dependency information.
[26Jun2025 01:35:14.996] [main/DEBUG] [net.minecraftforge.fml.loading.moddiscovery.AbstractJarFileDependencyLocator/]: Failed to load resource META-INF/jarjar/metadata.json from javafmllanguage-1.19.2-43.4.2.jar, it does not contain dependency information.
[26Jun2025 01:35:14.996] [main/DEBUG] [net.minecraftforge.fml.loading.moddiscovery.AbstractJarFileDependencyLocator/]: Failed to load resource META-INF/jarjar/metadata.json from fmlcore-1.19.2-43.4.2.jar, it does not contain dependency information.
[26Jun2025 01:35:14.996] [main/DEBUG] [net.minecraftforge.fml.loading.moddiscovery.AbstractJarFileDependencyLocator/]: Failed to load resource META-INF/jarjar/metadata.json from lowcodelanguage-1.19.2-43.4.2.jar, it does not contain dependency information.
[26Jun2025 01:35:15.062] [main/DEBUG] [net.minecraftforge.fml.loading.moddiscovery.ModFileParser/LOADING]: Considering mod file candidate 
[26Jun2025 01:35:15.063] [main/DEBUG] [net.minecraftforge.fml.loading.moddiscovery.ModFileInfo/LOADING]: Found valid mod file mixinextras-forge-0.2.0.jar with {mixinextras} mods - versions {0.2.0}
[26Jun2025 01:35:15.067] [main/DEBUG] [net.minecraftforge.fml.loading.moddiscovery.ModFileParser/LOADING]: Considering mod file candidate 
[26Jun2025 01:35:15.067] [main/DEBUG] [net.minecraftforge.fml.loading.moddiscovery.ModFileInfo/LOADING]: Found valid mod file mixinextras-forge-0.2.0.jar with {mixinextras} mods - versions {0.2.0}
[26Jun2025 01:35:15.082] [main/DEBUG] [net.minecraftforge.fml.loading.moddiscovery.ModFileParser/LOADING]: Considering mod file candidate 
[26Jun2025 01:35:15.083] [main/DEBUG] [net.minecraftforge.fml.loading.moddiscovery.ModFileInfo/LOADING]: Found valid mod file cloth-config-forge-8.3.103.jar with {cloth_config} mods - versions {8.3.103}
[26Jun2025 01:35:15.245] [main/DEBUG] [net.minecraftforge.fml.loading.moddiscovery.ModFileParser/LOADING]: Considering mod file candidate 
[26Jun2025 01:35:15.246] [main/DEBUG] [net.minecraftforge.fml.loading.moddiscovery.ModFileInfo/LOADING]: Found valid mod file cloth-config-forge-8.3.115.jar with {cloth_config} mods - versions {8.3.115}
[26Jun2025 01:35:15.253] [main/DEBUG] [net.minecraftforge.fml.loading.moddiscovery.ModFileParser/LOADING]: Considering mod file candidate 
[26Jun2025 01:35:15.253] [main/DEBUG] [net.minecraftforge.fml.loading.moddiscovery.ModFileInfo/LOADING]: Found valid mod file mixinextras-forge-0.3.2.jar with {mixinextras} mods - versions {0.3.2}
[26Jun2025 01:35:15.254] [main/DEBUG] [net.minecraftforge.fml.loading.moddiscovery.ModFileParser/LOADING]: Considering mod file candidate 
[26Jun2025 01:35:15.255] [main/DEBUG] [net.minecraftforge.fml.loading.moddiscovery.ModFileInfo/LOADING]: Found valid mod file midnightlib-1.0.0-forge.jar with {midnightlib} mods - versions {1.0.0}
[26Jun2025 01:35:15.256] [main/DEBUG] [net.minecraftforge.fml.loading.moddiscovery.ModFileParser/LOADING]: Considering mod file candidate 
[26Jun2025 01:35:15.256] [main/DEBUG] [net.minecraftforge.fml.loading.moddiscovery.ModFileInfo/LOADING]: Found valid mod file mixinextras-forge-0.2.1-beta.2.jar with {mixinextras} mods - versions {0.2.1-beta.2}
[26Jun2025 01:35:15.258] [main/DEBUG] [net.minecraftforge.fml.loading.moddiscovery.ModFileParser/LOADING]: Considering mod file candidate 
[26Jun2025 01:35:15.259] [main/DEBUG] [net.minecraftforge.fml.loading.moddiscovery.ModFileInfo/LOADING]: Found valid mod file mixinextras-forge-0.2.0-rc.5.jar with {mixinextras} mods - versions {0.2.0-rc.5}
[26Jun2025 01:35:15.260] [main/DEBUG] [net.minecraftforge.fml.loading.moddiscovery.ModFileParser/LOADING]: Considering mod file candidate 
[26Jun2025 01:35:15.260] [main/DEBUG] [net.minecraftforge.fml.loading.moddiscovery.ModFileInfo/LOADING]: Found valid mod file mixinextras-forge-0.3.6.jar with {mixinextras} mods - versions {0.3.6}
[26Jun2025 01:35:15.271] [main/DEBUG] [net.minecraftforge.fml.loading.moddiscovery.ModFileParser/LOADING]: Considering mod file candidate 
[26Jun2025 01:35:15.271] [main/DEBUG] [net.minecraftforge.fml.loading.moddiscovery.ModFileInfo/LOADING]: Found valid mod file kffmod-3.12.0.jar with {kotlinforforge} mods - versions {3.12.0}
[26Jun2025 01:35:15.274] [main/DEBUG] [net.minecraftforge.fml.loading.moddiscovery.ModFileParser/LOADING]: Considering mod file candidate 
[26Jun2025 01:35:15.274] [main/DEBUG] [net.minecraftforge.fml.loading.moddiscovery.ModFileInfo/LOADING]: Found valid mod file expandability-forge-7.0.0.jar with {expandability} mods - versions {7.0.0}
[26Jun2025 01:35:15.275] [main/DEBUG] [net.minecraftforge.fml.loading.moddiscovery.ModFileParser/LOADING]: Considering mod file candidate 
[26Jun2025 01:35:15.276] [main/DEBUG] [net.minecraftforge.fml.loading.moddiscovery.ModFileInfo/LOADING]: Found valid mod file mixinextras-forge-0.3.6.jar with {mixinextras} mods - versions {0.3.6}
[26Jun2025 01:35:15.282] [main/DEBUG] [net.minecraftforge.fml.loading.moddiscovery.AbstractJarFileDependencyLocator/]: Failed to load resource META-INF/jarjar/metadata.json from cloth-config-forge-8.3.103.jar, it does not contain dependency information.
[26Jun2025 01:35:15.282] [main/DEBUG] [net.minecraftforge.fml.loading.moddiscovery.AbstractJarFileDependencyLocator/]: Failed to load resource META-INF/jarjar/metadata.json from api-1.1.0+b19b27c4a4.jar, it does not contain dependency information.
[26Jun2025 01:35:15.282] [main/DEBUG] [net.minecraftforge.fml.loading.moddiscovery.AbstractJarFileDependencyLocator/]: Failed to load resource META-INF/jarjar/metadata.json from util-1.1.0+b19b27c4a4.jar, it does not contain dependency information.
[26Jun2025 01:35:15.282] [main/DEBUG] [net.minecraftforge.fml.loading.moddiscovery.AbstractJarFileDependencyLocator/]: Failed to load resource META-INF/jarjar/metadata.json from javax.inject-1.jar, it does not contain dependency information.
[26Jun2025 01:35:15.282] [main/DEBUG] [net.minecraftforge.fml.loading.moddiscovery.AbstractJarFileDependencyLocator/]: Failed to load resource META-INF/jarjar/metadata.json from joml-1.10.4.jar, it does not contain dependency information.
[26Jun2025 01:35:15.282] [main/DEBUG] [net.minecraftforge.fml.loading.moddiscovery.AbstractJarFileDependencyLocator/]: Failed to load resource META-INF/jarjar/metadata.json from joml-primitives-1.10.0.jar, it does not contain dependency information.
[26Jun2025 01:35:15.283] [main/DEBUG] [net.minecraftforge.fml.loading.moddiscovery.AbstractJarFileDependencyLocator/]: Failed to load resource META-INF/jarjar/metadata.json from commons-math3-3.6.1.jar, it does not contain dependency information.
[26Jun2025 01:35:15.283] [main/DEBUG] [net.minecraftforge.fml.loading.moddiscovery.AbstractJarFileDependencyLocator/]: Failed to load resource META-INF/jarjar/metadata.json from jackson-module-kotlin-2.14.0-rubyfork.jar, it does not contain dependency information.
[26Jun2025 01:35:15.283] [main/DEBUG] [net.minecraftforge.fml.loading.moddiscovery.AbstractJarFileDependencyLocator/]: Failed to load resource META-INF/jarjar/metadata.json from jackson-module-parameter-names-2.14.0.jar, it does not contain dependency information.
[26Jun2025 01:35:15.283] [main/DEBUG] [net.minecraftforge.fml.loading.moddiscovery.AbstractJarFileDependencyLocator/]: Failed to load resource META-INF/jarjar/metadata.json from jackson-dataformat-cbor-2.14.0.jar, it does not contain dependency information.
[26Jun2025 01:35:15.283] [main/DEBUG] [net.minecraftforge.fml.loading.moddiscovery.AbstractJarFileDependencyLocator/]: Failed to load resource META-INF/jarjar/metadata.json from jackson-databind-2.14.0.jar, it does not contain dependency information.
[26Jun2025 01:35:15.283] [main/DEBUG] [net.minecraftforge.fml.loading.moddiscovery.AbstractJarFileDependencyLocator/]: Failed to load resource META-INF/jarjar/metadata.json from jackson-annotations-2.14.0.jar, it does not contain dependency information.
[26Jun2025 01:35:15.283] [main/DEBUG] [net.minecraftforge.fml.loading.moddiscovery.AbstractJarFileDependencyLocator/]: Failed to load resource META-INF/jarjar/metadata.json from jackson-core-2.14.0.jar, it does not contain dependency information.
[26Jun2025 01:35:15.283] [main/DEBUG] [net.minecraftforge.fml.loading.moddiscovery.AbstractJarFileDependencyLocator/]: Failed to load resource META-INF/jarjar/metadata.json from jackson-kotlin-dsl-1.2.0.jar, it does not contain dependency information.
[26Jun2025 01:35:15.283] [main/DEBUG] [net.minecraftforge.fml.loading.moddiscovery.AbstractJarFileDependencyLocator/]: Failed to load resource META-INF/jarjar/metadata.json from json-schema-validator-1.0.71.jar, it does not contain dependency information.
[26Jun2025 01:35:15.283] [main/DEBUG] [net.minecraftforge.fml.loading.moddiscovery.AbstractJarFileDependencyLocator/]: Failed to load resource META-INF/jarjar/metadata.json from itu-1.7.0.jar, it does not contain dependency information.
[26Jun2025 01:35:15.284] [main/DEBUG] [net.minecraftforge.fml.loading.moddiscovery.AbstractJarFileDependencyLocator/]: Failed to load resource META-INF/jarjar/metadata.json from jsonschema-module-jackson-4.25.0.jar, it does not contain dependency information.
[26Jun2025 01:35:15.284] [main/DEBUG] [net.minecraftforge.fml.loading.moddiscovery.AbstractJarFileDependencyLocator/]: Failed to load resource META-INF/jarjar/metadata.json from jsonschema-generator-4.25.0.jar, it does not contain dependency information.
[26Jun2025 01:35:15.284] [main/DEBUG] [net.minecraftforge.fml.loading.moddiscovery.AbstractJarFileDependencyLocator/]: Failed to load resource META-INF/jarjar/metadata.json from classmate-1.5.1.jar, it does not contain dependency information.
[26Jun2025 01:35:15.284] [main/DEBUG] [net.minecraftforge.fml.loading.moddiscovery.AbstractJarFileDependencyLocator/]: Failed to load resource META-INF/jarjar/metadata.json from zjsonpatch-0.4.11.jar, it does not contain dependency information.
[26Jun2025 01:35:15.284] [main/DEBUG] [net.minecraftforge.fml.loading.moddiscovery.AbstractJarFileDependencyLocator/]: Failed to load resource META-INF/jarjar/metadata.json from commons-collections4-4.3.jar, it does not contain dependency information.
[26Jun2025 01:35:15.284] [main/DEBUG] [net.minecraftforge.fml.loading.moddiscovery.AbstractJarFileDependencyLocator/]: Failed to load resource META-INF/jarjar/metadata.json from dagger-2.43.2.jar, it does not contain dependency information.
[26Jun2025 01:35:15.284] [main/DEBUG] [net.minecraftforge.fml.loading.moddiscovery.AbstractJarFileDependencyLocator/]: Failed to load resource META-INF/jarjar/metadata.json from cloth-config-forge-8.3.115.jar, it does not contain dependency information.
[26Jun2025 01:35:15.284] [main/DEBUG] [net.minecraftforge.fml.loading.moddiscovery.AbstractJarFileDependencyLocator/]: Failed to load resource META-INF/jarjar/metadata.json from MathParser.org-mXparser-5.2.1.jar, it does not contain dependency information.
[26Jun2025 01:35:15.287] [main/DEBUG] [net.minecraftforge.fml.loading.moddiscovery.AbstractJarFileDependencyLocator/]: Failed to load resource META-INF/jarjar/metadata.json from midnightlib-1.0.0-forge.jar, it does not contain dependency information.
[26Jun2025 01:35:15.295] [main/DEBUG] [net.minecraftforge.fml.loading.moddiscovery.AbstractJarFileDependencyLocator/]: Failed to load resource META-INF/jarjar/metadata.json from Reflect-1.3.4.jar, it does not contain dependency information.
[26Jun2025 01:35:15.296] [main/DEBUG] [net.minecraftforge.fml.loading.moddiscovery.AbstractJarFileDependencyLocator/]: Failed to load resource META-INF/jarjar/metadata.json from json-path-2.9.0.jar, it does not contain dependency information.
[26Jun2025 01:35:15.296] [main/DEBUG] [net.minecraftforge.fml.loading.moddiscovery.AbstractJarFileDependencyLocator/]: Failed to load resource META-INF/jarjar/metadata.json from kfflang-3.12.0.jar, it does not contain dependency information.
[26Jun2025 01:35:15.296] [main/DEBUG] [net.minecraftforge.fml.loading.moddiscovery.AbstractJarFileDependencyLocator/]: Failed to load resource META-INF/jarjar/metadata.json from kfflib-3.12.0.jar, it does not contain dependency information.
[26Jun2025 01:35:15.296] [main/DEBUG] [net.minecraftforge.fml.loading.moddiscovery.AbstractJarFileDependencyLocator/]: Failed to load resource META-INF/jarjar/metadata.json from kffmod-3.12.0.jar, it does not contain dependency information.
[26Jun2025 01:35:15.300] [main/DEBUG] [net.minecraftforge.fml.loading.moddiscovery.AbstractJarFileDependencyLocator/]: Failed to load resource META-INF/jarjar/metadata.json from MixinExtras-0.2.0.jar, it does not contain dependency information.
[26Jun2025 01:35:15.300] [main/DEBUG] [net.minecraftforge.fml.loading.moddiscovery.AbstractJarFileDependencyLocator/]: Failed to load resource META-INF/jarjar/metadata.json from MixinExtras-0.2.0.jar, it does not contain dependency information.
[26Jun2025 01:35:15.300] [main/DEBUG] [net.minecraftforge.fml.loading.moddiscovery.AbstractJarFileDependencyLocator/]: Failed to load resource META-INF/jarjar/metadata.json from MixinExtras-0.3.2.jar, it does not contain dependency information.
[26Jun2025 01:35:15.300] [main/DEBUG] [net.minecraftforge.fml.loading.moddiscovery.AbstractJarFileDependencyLocator/]: Failed to load resource META-INF/jarjar/metadata.json from MixinExtras-0.2.1-beta.2.jar, it does not contain dependency information.
[26Jun2025 01:35:15.300] [main/DEBUG] [net.minecraftforge.fml.loading.moddiscovery.AbstractJarFileDependencyLocator/]: Failed to load resource META-INF/jarjar/metadata.json from MixinExtras-0.2.0-rc.5.jar, it does not contain dependency information.
[26Jun2025 01:35:15.301] [main/DEBUG] [net.minecraftforge.fml.loading.moddiscovery.AbstractJarFileDependencyLocator/]: Failed to load resource META-INF/jarjar/metadata.json from MixinExtras-0.3.6.jar, it does not contain dependency information.
[26Jun2025 01:35:15.301] [main/DEBUG] [net.minecraftforge.fml.loading.moddiscovery.AbstractJarFileDependencyLocator/]: Failed to load resource META-INF/jarjar/metadata.json from MixinExtras-0.1.0-rc5.jar, it does not contain dependency information.
[26Jun2025 01:35:15.301] [main/DEBUG] [net.minecraftforge.fml.loading.moddiscovery.AbstractJarFileDependencyLocator/]: Failed to load resource META-INF/jarjar/metadata.json from MixinExtras-0.3.6.jar, it does not contain dependency information.
[26Jun2025 01:35:15.327] [main/DEBUG] [net.minecraftforge.fml.loading.moddiscovery.ModFileParser/LOADING]: Considering mod file candidate 
[26Jun2025 01:35:15.328] [main/DEBUG] [net.minecraftforge.fml.loading.moddiscovery.ModFileInfo/LOADING]: Found valid mod file mixinextras-forge-0.3.6.jar with {mixinextras} mods - versions {0.3.6}
[26Jun2025 01:35:15.377] [main/DEBUG] [net.minecraftforge.fml.loading.moddiscovery.ModFileParser/LOADING]: Considering mod file candidate 
[26Jun2025 01:35:15.378] [main/DEBUG] [net.minecraftforge.fml.loading.moddiscovery.ModFileInfo/LOADING]: Found valid mod file kffmod-3.12.0.jar with {kotlinforforge} mods - versions {3.12.0}
[26Jun2025 01:35:15.462] [main/DEBUG] [net.minecraftforge.fml.loading.moddiscovery.ModFileParser/LOADING]: Considering mod file candidate 
[26Jun2025 01:35:15.462] [main/DEBUG] [net.minecraftforge.fml.loading.moddiscovery.ModFileInfo/LOADING]: Found valid mod file midnightlib-1.0.0-forge.jar with {midnightlib} mods - versions {1.0.0}
[26Jun2025 01:35:15.475] [main/DEBUG] [net.minecraftforge.fml.loading.moddiscovery.ModFileParser/LOADING]: Considering mod file candidate 
[26Jun2025 01:35:15.475] [main/DEBUG] [net.minecraftforge.fml.loading.moddiscovery.ModFileInfo/LOADING]: Found valid mod file cloth-config-forge-8.3.115.jar with {cloth_config} mods - versions {8.3.115}
[26Jun2025 01:35:15.477] [main/DEBUG] [net.minecraftforge.fml.loading.moddiscovery.ModFileParser/LOADING]: Considering mod file candidate 
[26Jun2025 01:35:15.477] [main/DEBUG] [net.minecraftforge.fml.loading.moddiscovery.ModFileInfo/LOADING]: Found valid mod file expandability-forge-7.0.0.jar with {expandability} mods - versions {7.0.0}
[26Jun2025 01:35:15.520] [main/INFO] [net.minecraftforge.fml.loading.moddiscovery.JarInJarDependencyLocator/]: Found 32 dependencies adding them to mods collection
[26Jun2025 01:35:15.522] [main/DEBUG] [net.minecraftforge.fml.loading.moddiscovery.ModFileParser/LOADING]: Considering mod file candidate /workspaces/lamicheladaputa/servidor_minecraft/mods/YungsBetterDungeons-1.19.2-Forge-3.2.2.jar
[26Jun2025 01:35:15.523] [main/DEBUG] [net.minecraftforge.fml.loading.moddiscovery.ModFileInfo/LOADING]: Found valid mod file YungsBetterDungeons-1.19.2-Forge-3.2.2.jar with {betterdungeons} mods - versions {1.19.2-Forge-3.2.2}
[26Jun2025 01:35:15.526] [main/DEBUG] [net.minecraftforge.fml.loading.moddiscovery.ModFile/LOADING]: Loading mod file /workspaces/lamicheladaputa/servidor_minecraft/mods/YungsBetterDungeons-1.19.2-Forge-3.2.2.jar with languages [LanguageSpec[languageName=javafml, acceptedVersions=[43,)]]
[26Jun2025 01:35:15.527] [main/DEBUG] [net.minecraftforge.fml.loading.moddiscovery.ModFileParser/LOADING]: Considering mod file candidate /workspaces/lamicheladaputa/servidor_minecraft/mods/blue_skies-1.19.2-1.3.20.jar
[26Jun2025 01:35:15.527] [main/DEBUG] [net.minecraftforge.fml.loading.moddiscovery.ModFileInfo/LOADING]: Found valid mod file blue_skies-1.19.2-1.3.20.jar with {blue_skies} mods - versions {1.3.20}
[26Jun2025 01:35:15.527] [main/DEBUG] [net.minecraftforge.fml.loading.moddiscovery.ModFile/LOADING]: Loading mod file /workspaces/lamicheladaputa/servidor_minecraft/mods/blue_skies-1.19.2-1.3.20.jar with languages [LanguageSpec[languageName=javafml, acceptedVersions=[43,)]]
[26Jun2025 01:35:15.529] [main/DEBUG] [net.minecraftforge.fml.loading.moddiscovery.ModFileParser/LOADING]: Considering mod file candidate /workspaces/lamicheladaputa/servidor_minecraft/mods/lootintegrations_valhelsia-1.1.jar
[26Jun2025 01:35:15.530] [main/DEBUG] [net.minecraftforge.fml.loading.moddiscovery.ModFileInfo/LOADING]: Found valid mod file lootintegrations_valhelsia-1.1.jar with {lootintegrations_valhelsia} mods - versions {1}
[26Jun2025 01:35:15.530] [main/DEBUG] [net.minecraftforge.fml.loading.moddiscovery.ModFile/LOADING]: Loading mod file /workspaces/lamicheladaputa/servidor_minecraft/mods/lootintegrations_valhelsia-1.1.jar with languages [LanguageSpec[languageName=lowcodefml, acceptedVersions=[0,)]]
[26Jun2025 01:35:15.530] [main/DEBUG] [net.minecraftforge.fml.loading.moddiscovery.ModFileParser/LOADING]: Considering mod file candidate /workspaces/lamicheladaputa/servidor_minecraft/mods/EasyAnvils-v4.0.11-1.19.2-Forge.jar
[26Jun2025 01:35:15.531] [main/DEBUG] [net.minecraftforge.fml.loading.moddiscovery.ModFileInfo/LOADING]: Found valid mod file EasyAnvils-v4.0.11-1.19.2-Forge.jar with {easyanvils} mods - versions {4.0.11}
[26Jun2025 01:35:15.531] [main/DEBUG] [net.minecraftforge.fml.loading.moddiscovery.ModFile/LOADING]: Loading mod file /workspaces/lamicheladaputa/servidor_minecraft/mods/EasyAnvils-v4.0.11-1.19.2-Forge.jar with languages [LanguageSpec[languageName=javafml, acceptedVersions=[43,)]]
[26Jun2025 01:35:15.531] [main/DEBUG] [net.minecraftforge.fml.loading.moddiscovery.ModFileParser/LOADING]: Considering mod file candidate /workspaces/lamicheladaputa/servidor_minecraft/mods/alexsmobs-1.21.1.jar
[26Jun2025 01:35:15.531] [main/DEBUG] [net.minecraftforge.fml.loading.moddiscovery.ModFileInfo/LOADING]: Found valid mod file alexsmobs-1.21.1.jar with {alexsmobs} mods - versions {1.21.1}
[26Jun2025 01:35:15.531] [main/DEBUG] [net.minecraftforge.fml.loading.moddiscovery.ModFile/LOADING]: Loading mod file /workspaces/lamicheladaputa/servidor_minecraft/mods/alexsmobs-1.21.1.jar with languages [LanguageSpec[languageName=javafml, acceptedVersions=[42,)]]
[26Jun2025 01:35:15.532] [main/DEBUG] [net.minecraftforge.fml.loading.moddiscovery.ModFileParser/LOADING]: Considering mod file candidate /workspaces/lamicheladaputa/servidor_minecraft/mods/YungsBetterWitchHuts-1.19.2-Forge-2.1.0.jar
[26Jun2025 01:35:15.532] [main/DEBUG] [net.minecraftforge.fml.loading.moddiscovery.ModFileInfo/LOADING]: Found valid mod file YungsBetterWitchHuts-1.19.2-Forge-2.1.0.jar with {betterwitchhuts} mods - versions {1.19.2-Forge-2.1.0}
[26Jun2025 01:35:15.532] [main/DEBUG] [net.minecraftforge.fml.loading.moddiscovery.ModFile/LOADING]: Loading mod file /workspaces/lamicheladaputa/servidor_minecraft/mods/YungsBetterWitchHuts-1.19.2-Forge-2.1.0.jar with languages [LanguageSpec[languageName=javafml, acceptedVersions=[43,)]]
[26Jun2025 01:35:15.532] [main/DEBUG] [net.minecraftforge.fml.loading.moddiscovery.ModFileParser/LOADING]: Considering mod file candidate /workspaces/lamicheladaputa/servidor_minecraft/mods/botarium-forge-1.19.2-1.9.2.jar
[26Jun2025 01:35:15.533] [main/DEBUG] [net.minecraftforge.fml.loading.moddiscovery.ModFileInfo/LOADING]: Found valid mod file botarium-forge-1.19.2-1.9.2.jar with {botarium} mods - versions {1.9.2}
[26Jun2025 01:35:15.533] [main/DEBUG] [net.minecraftforge.fml.loading.moddiscovery.ModFile/LOADING]: Loading mod file /workspaces/lamicheladaputa/servidor_minecraft/mods/botarium-forge-1.19.2-1.9.2.jar with languages [LanguageSpec[languageName=javafml, acceptedVersions=[43,)]]
[26Jun2025 01:35:15.533] [main/DEBUG] [net.minecraftforge.fml.loading.moddiscovery.ModFileParser/LOADING]: Considering mod file candidate /workspaces/lamicheladaputa/servidor_minecraft/mods/YungsBetterOceanMonuments-1.19.2-Forge-2.1.1.jar
[26Jun2025 01:35:15.533] [main/DEBUG] [net.minecraftforge.fml.loading.moddiscovery.ModFileInfo/LOADING]: Found valid mod file YungsBetterOceanMonuments-1.19.2-Forge-2.1.1.jar with {betteroceanmonuments} mods - versions {1.19.2-Forge-2.1.1}
[26Jun2025 01:35:15.533] [main/DEBUG] [net.minecraftforge.fml.loading.moddiscovery.ModFile/LOADING]: Loading mod file /workspaces/lamicheladaputa/servidor_minecraft/mods/YungsBetterOceanMonuments-1.19.2-Forge-2.1.1.jar with languages [LanguageSpec[languageName=javafml, acceptedVersions=[43,)]]
[26Jun2025 01:35:15.534] [main/DEBUG] [net.minecraftforge.fml.loading.moddiscovery.ModFileParser/LOADING]: Considering mod file candidate /workspaces/lamicheladaputa/servidor_minecraft/mods/HammerLib-1.19.2-19.3.82.jar
[26Jun2025 01:35:15.534] [main/DEBUG] [net.minecraftforge.fml.loading.moddiscovery.ModFileInfo/LOADING]: Found valid mod file HammerLib-1.19.2-19.3.82.jar with {hammerlib} mods - versions {19.3.82}
[26Jun2025 01:35:15.534] [main/DEBUG] [net.minecraftforge.fml.loading.moddiscovery.ModFile/LOADING]: Loading mod file /workspaces/lamicheladaputa/servidor_minecraft/mods/HammerLib-1.19.2-19.3.82.jar with languages [LanguageSpec[languageName=javafml, acceptedVersions=[43,)]]
[26Jun2025 01:35:15.534] [main/DEBUG] [net.minecraftforge.fml.loading.moddiscovery.ModFileParser/LOADING]: Considering mod file candidate /workspaces/lamicheladaputa/servidor_minecraft/mods/mcw-windows-2.3.0-mc1.19.2forge.jar
[26Jun2025 01:35:15.534] [main/DEBUG] [net.minecraftforge.fml.loading.moddiscovery.ModFileInfo/LOADING]: Found valid mod file mcw-windows-2.3.0-mc1.19.2forge.jar with {mcwwindows} mods - versions {2.3.0}
[26Jun2025 01:35:15.535] [main/DEBUG] [net.minecraftforge.fml.loading.moddiscovery.ModFile/LOADING]: Loading mod file /workspaces/lamicheladaputa/servidor_minecraft/mods/mcw-windows-2.3.0-mc1.19.2forge.jar with languages [LanguageSpec[languageName=javafml, acceptedVersions=[28,)]]
[26Jun2025 01:35:15.535] [main/DEBUG] [net.minecraftforge.fml.loading.moddiscovery.ModFileParser/LOADING]: Considering mod file candidate /workspaces/lamicheladaputa/servidor_minecraft/mods/immersive_aircraft-0.7.11+1.19.2-forge.jar
[26Jun2025 01:35:15.535] [main/DEBUG] [net.minecraftforge.fml.loading.moddiscovery.ModFileInfo/LOADING]: Found valid mod file immersive_aircraft-0.7.11+1.19.2-forge.jar with {immersive_aircraft} mods - versions {0.7.11+1.19.2}
[26Jun2025 01:35:15.535] [main/DEBUG] [net.minecraftforge.fml.loading.moddiscovery.ModFile/LOADING]: Loading mod file /workspaces/lamicheladaputa/servidor_minecraft/mods/immersive_aircraft-0.7.11+1.19.2-forge.jar with languages [LanguageSpec[languageName=javafml, acceptedVersions=[43,)]]
[26Jun2025 01:35:15.535] [main/DEBUG] [net.minecraftforge.fml.loading.moddiscovery.ModFileParser/LOADING]: Considering mod file candidate /workspaces/lamicheladaputa/servidor_minecraft/mods/valhelsia_furniture-forge-1.19.2-1.1.1.jar
[26Jun2025 01:35:15.536] [main/DEBUG] [net.minecraftforge.fml.loading.moddiscovery.ModFileInfo/LOADING]: Found valid mod file valhelsia_furniture-forge-1.19.2-1.1.1.jar with {valhelsia_furniture} mods - versions {1.19.2-1.1.1}
[26Jun2025 01:35:15.536] [main/DEBUG] [net.minecraftforge.fml.loading.moddiscovery.ModFile/LOADING]: Loading mod file /workspaces/lamicheladaputa/servidor_minecraft/mods/valhelsia_furniture-forge-1.19.2-1.1.1.jar with languages [LanguageSpec[languageName=javafml, acceptedVersions=[43,)]]
[26Jun2025 01:35:15.536] [main/DEBUG] [net.minecraftforge.fml.loading.moddiscovery.ModFileParser/LOADING]: Considering mod file candidate /workspaces/lamicheladaputa/servidor_minecraft/mods/sophisticatedcore-1.19.2-0.6.4.730.jar
[26Jun2025 01:35:15.537] [main/DEBUG] [net.minecraftforge.fml.loading.moddiscovery.ModFileInfo/LOADING]: Found valid mod file sophisticatedcore-1.19.2-0.6.4.730.jar with {sophisticatedcore} mods - versions {1.19.2-0.6.4.730}
[26Jun2025 01:35:15.537] [main/DEBUG] [net.minecraftforge.fml.loading.moddiscovery.ModFile/LOADING]: Loading mod file /workspaces/lamicheladaputa/servidor_minecraft/mods/sophisticatedcore-1.19.2-0.6.4.730.jar with languages [LanguageSpec[languageName=javafml, acceptedVersions=[18,)]]
[26Jun2025 01:35:15.537] [main/DEBUG] [net.minecraftforge.fml.loading.moddiscovery.ModFileParser/LOADING]: Considering mod file candidate /workspaces/lamicheladaputa/servidor_minecraft/mods/eureka-1192-1.5.1-beta.2.jar
[26Jun2025 01:35:15.537] [main/DEBUG] [net.minecraftforge.fml.loading.moddiscovery.ModFileInfo/LOADING]: Found valid mod file eureka-1192-1.5.1-beta.2.jar with {vs_eureka} mods - versions {1.5.1-beta.2}
[26Jun2025 01:35:15.537] [main/DEBUG] [net.minecraftforge.fml.loading.moddiscovery.ModFile/LOADING]: Loading mod file /workspaces/lamicheladaputa/servidor_minecraft/mods/eureka-1192-1.5.1-beta.2.jar with languages [LanguageSpec[languageName=kotlinforforge, acceptedVersions=[3.12.0,)]]
[26Jun2025 01:35:15.537] [main/DEBUG] [net.minecraftforge.fml.loading.moddiscovery.ModFileParser/LOADING]: Considering mod file candidate /workspaces/lamicheladaputa/servidor_minecraft/mods/JRFTL [1.19.1]-1.4.3.jar
[26Jun2025 01:35:15.538] [main/DEBUG] [net.minecraftforge.fml.loading.moddiscovery.ModFileInfo/LOADING]: Found valid mod file JRFTL [1.19.1]-1.4.3.jar with {jrftl} mods - versions {1.4.3}
[26Jun2025 01:35:15.538] [main/DEBUG] [net.minecraftforge.fml.loading.moddiscovery.ModFile/LOADING]: Loading mod file /workspaces/lamicheladaputa/servidor_minecraft/mods/JRFTL [1.19.1]-1.4.3.jar with languages [LanguageSpec[languageName=javafml, acceptedVersions=[41,)]]
[26Jun2025 01:35:15.538] [main/DEBUG] [net.minecraftforge.fml.loading.moddiscovery.ModFileParser/LOADING]: Considering mod file candidate /workspaces/lamicheladaputa/servidor_minecraft/mods/citadel-2.1.4-1.19.jar
[26Jun2025 01:35:15.539] [main/DEBUG] [net.minecraftforge.fml.loading.moddiscovery.ModFileInfo/LOADING]: Found valid mod file citadel-2.1.4-1.19.jar with {citadel} mods - versions {2.1.4}
[26Jun2025 01:35:15.539] [main/DEBUG] [net.minecraftforge.fml.loading.moddiscovery.ModFile/LOADING]: Loading mod file /workspaces/lamicheladaputa/servidor_minecraft/mods/citadel-2.1.4-1.19.jar with languages [LanguageSpec[languageName=javafml, acceptedVersions=[41,)]]
[26Jun2025 01:35:15.539] [main/DEBUG] [net.minecraftforge.fml.loading.moddiscovery.ModFileParser/LOADING]: Considering mod file candidate /workspaces/lamicheladaputa/servidor_minecraft/mods/modernfix-forge-5.18.1+mc1.19.2.jar
[26Jun2025 01:35:15.539] [main/DEBUG] [net.minecraftforge.fml.loading.moddiscovery.ModFileInfo/LOADING]: Found valid mod file modernfix-forge-5.18.1+mc1.19.2.jar with {modernfix} mods - versions {5.18.1+mc1.19.2}
[26Jun2025 01:35:15.539] [main/DEBUG] [net.minecraftforge.fml.loading.moddiscovery.ModFile/LOADING]: Loading mod file /workspaces/lamicheladaputa/servidor_minecraft/mods/modernfix-forge-5.18.1+mc1.19.2.jar with languages [LanguageSpec[languageName=javafml, acceptedVersions=[43,)]]
[26Jun2025 01:35:15.540] [main/DEBUG] [net.minecraftforge.fml.loading.moddiscovery.ModFileParser/LOADING]: Considering mod file candidate /workspaces/lamicheladaputa/servidor_minecraft/mods/lootintegrations-1.19.2-4.0.jar
[26Jun2025 01:35:15.540] [main/DEBUG] [net.minecraftforge.fml.loading.moddiscovery.ModFileInfo/LOADING]: Found valid mod file lootintegrations-1.19.2-4.0.jar with {lootintegrations} mods - versions {1.19.2-4.0}
[26Jun2025 01:35:15.540] [main/DEBUG] [net.minecraftforge.fml.loading.moddiscovery.ModFile/LOADING]: Loading mod file /workspaces/lamicheladaputa/servidor_minecraft/mods/lootintegrations-1.19.2-4.0.jar with languages [LanguageSpec[languageName=javafml, acceptedVersions=[36,)]]
[26Jun2025 01:35:15.540] [main/DEBUG] [net.minecraftforge.fml.loading.moddiscovery.ModFileParser/LOADING]: Considering mod file candidate /workspaces/lamicheladaputa/servidor_minecraft/mods/YungsApi-1.19.2-Forge-3.8.10.jar
[26Jun2025 01:35:15.541] [main/DEBUG] [net.minecraftforge.fml.loading.moddiscovery.ModFileInfo/LOADING]: Found valid mod file YungsApi-1.19.2-Forge-3.8.10.jar with {yungsapi} mods - versions {1.19.2-Forge-3.8.10}
[26Jun2025 01:35:15.541] [main/DEBUG] [net.minecraftforge.fml.loading.moddiscovery.ModFile/LOADING]: Loading mod file /workspaces/lamicheladaputa/servidor_minecraft/mods/YungsApi-1.19.2-Forge-3.8.10.jar with languages [LanguageSpec[languageName=javafml, acceptedVersions=[43,)]]
[26Jun2025 01:35:15.541] [main/DEBUG] [net.minecraftforge.fml.loading.moddiscovery.ModFileParser/LOADING]: Considering mod file candidate /workspaces/lamicheladaputa/servidor_minecraft/mods/guardvillagers-1.19.2-1.5.9.jar
[26Jun2025 01:35:15.542] [main/DEBUG] [net.minecraftforge.fml.loading.moddiscovery.ModFileInfo/LOADING]: Found valid mod file guardvillagers-1.19.2-1.5.9.jar with {guardvillagers} mods - versions {1.19.2-1.5.9}
[26Jun2025 01:35:15.542] [main/DEBUG] [net.minecraftforge.fml.loading.moddiscovery.ModFile/LOADING]: Loading mod file /workspaces/lamicheladaputa/servidor_minecraft/mods/guardvillagers-1.19.2-1.5.9.jar with languages [LanguageSpec[languageName=javafml, acceptedVersions=[43,)]]
[26Jun2025 01:35:15.542] [main/DEBUG] [net.minecraftforge.fml.loading.moddiscovery.ModFileParser/LOADING]: Considering mod file candidate /workspaces/lamicheladaputa/servidor_minecraft/mods/sophisticatedbackpacks-1.19.2-3.20.2.1035.jar
[26Jun2025 01:35:15.542] [main/DEBUG] [net.minecraftforge.fml.loading.moddiscovery.ModFileInfo/LOADING]: Found valid mod file sophisticatedbackpacks-1.19.2-3.20.2.1035.jar with {sophisticatedbackpacks} mods - versions {1.19.2-3.20.2.1035}
[26Jun2025 01:35:15.542] [main/DEBUG] [net.minecraftforge.fml.loading.moddiscovery.ModFile/LOADING]: Loading mod file /workspaces/lamicheladaputa/servidor_minecraft/mods/sophisticatedbackpacks-1.19.2-3.20.2.1035.jar with languages [LanguageSpec[languageName=javafml, acceptedVersions=[18,)]]
[26Jun2025 01:35:15.542] [main/DEBUG] [net.minecraftforge.fml.loading.moddiscovery.ModFileParser/LOADING]: Considering mod file candidate /workspaces/lamicheladaputa/servidor_minecraft/mods/relics-1.19.2-0.6.2.4.jar
[26Jun2025 01:35:15.543] [main/DEBUG] [net.minecraftforge.fml.loading.moddiscovery.ModFileInfo/LOADING]: Found valid mod file relics-1.19.2-0.6.2.4.jar with {relics} mods - versions {0.6.2.4}
[26Jun2025 01:35:15.543] [main/DEBUG] [net.minecraftforge.fml.loading.moddiscovery.ModFile/LOADING]: Loading mod file /workspaces/lamicheladaputa/servidor_minecraft/mods/relics-1.19.2-0.6.2.4.jar with languages [LanguageSpec[languageName=javafml, acceptedVersions=[35,)]]
[26Jun2025 01:35:15.543] [main/DEBUG] [net.minecraftforge.fml.loading.moddiscovery.ModFileParser/LOADING]: Considering mod file candidate /workspaces/lamicheladaputa/servidor_minecraft/mods/mcw-doors-1.1.2-mc1.19.2forge.jar
[26Jun2025 01:35:15.543] [main/DEBUG] [net.minecraftforge.fml.loading.moddiscovery.ModFileInfo/LOADING]: Found valid mod file mcw-doors-1.1.2-mc1.19.2forge.jar with {mcwdoors} mods - versions {1.1.2}
[26Jun2025 01:35:15.543] [main/DEBUG] [net.minecraftforge.fml.loading.moddiscovery.ModFile/LOADING]: Loading mod file /workspaces/lamicheladaputa/servidor_minecraft/mods/mcw-doors-1.1.2-mc1.19.2forge.jar with languages [LanguageSpec[languageName=javafml, acceptedVersions=[28,)]]
[26Jun2025 01:35:15.544] [main/DEBUG] [net.minecraftforge.fml.loading.moddiscovery.ModFileParser/LOADING]: Considering mod file candidate /workspaces/lamicheladaputa/servidor_minecraft/mods/takesapillage-1.0.3-1.19.2.jar
[26Jun2025 01:35:15.544] [main/DEBUG] [net.minecraftforge.fml.loading.moddiscovery.ModFileInfo/LOADING]: Found valid mod file takesapillage-1.0.3-1.19.2.jar with {takesapillage} mods - versions {1.0.3}
[26Jun2025 01:35:15.544] [main/DEBUG] [net.minecraftforge.fml.loading.moddiscovery.ModFile/LOADING]: Loading mod file /workspaces/lamicheladaputa/servidor_minecraft/mods/takesapillage-1.0.3-1.19.2.jar with languages [LanguageSpec[languageName=javafml, acceptedVersions=[42,)]]
[26Jun2025 01:35:15.544] [main/DEBUG] [net.minecraftforge.fml.loading.moddiscovery.ModFileParser/LOADING]: Considering mod file candidate /workspaces/lamicheladaputa/servidor_minecraft/mods/mermod-forge-1.11.jar
[26Jun2025 01:35:15.544] [main/DEBUG] [net.minecraftforge.fml.loading.moddiscovery.ModFileInfo/LOADING]: Found valid mod file mermod-forge-1.11.jar with {mermod} mods - versions {1.11}
[26Jun2025 01:35:15.544] [main/DEBUG] [net.minecraftforge.fml.loading.moddiscovery.ModFile/LOADING]: Loading mod file /workspaces/lamicheladaputa/servidor_minecraft/mods/mermod-forge-1.11.jar with languages [LanguageSpec[languageName=javafml, acceptedVersions=[43,)]]
[26Jun2025 01:35:15.545] [main/DEBUG] [net.minecraftforge.fml.loading.moddiscovery.ModFileParser/LOADING]: Considering mod file candidate /workspaces/lamicheladaputa/servidor_minecraft/mods/lootintegrations_structory-1.2.jar
[26Jun2025 01:35:15.545] [main/DEBUG] [net.minecraftforge.fml.loading.moddiscovery.ModFileInfo/LOADING]: Found valid mod file lootintegrations_structory-1.2.jar with {lootintegrations_structory} mods - versions {1}
[26Jun2025 01:35:15.545] [main/DEBUG] [net.minecraftforge.fml.loading.moddiscovery.ModFile/LOADING]: Loading mod file /workspaces/lamicheladaputa/servidor_minecraft/mods/lootintegrations_structory-1.2.jar with languages [LanguageSpec[languageName=lowcodefml, acceptedVersions=[0,)]]
[26Jun2025 01:35:15.545] [main/DEBUG] [net.minecraftforge.fml.loading.moddiscovery.ModFileParser/LOADING]: Considering mod file candidate /workspaces/lamicheladaputa/servidor_minecraft/mods/right_click_get_crops-1.19.2-1.4.0.11.jar
[26Jun2025 01:35:15.545] [main/DEBUG] [net.minecraftforge.fml.loading.moddiscovery.ModFileInfo/LOADING]: Found valid mod file right_click_get_crops-1.19.2-1.4.0.11.jar with {right_click_get_crops} mods - versions {1.4.0.11}
[26Jun2025 01:35:15.546] [main/DEBUG] [net.minecraftforge.fml.loading.moddiscovery.ModFile/LOADING]: Loading mod file /workspaces/lamicheladaputa/servidor_minecraft/mods/right_click_get_crops-1.19.2-1.4.0.11.jar with languages [LanguageSpec[languageName=javafml, acceptedVersions=[40,)]]
[26Jun2025 01:35:15.546] [main/DEBUG] [net.minecraftforge.fml.loading.moddiscovery.ModFileParser/LOADING]: Considering mod file candidate 
[26Jun2025 01:35:15.546] [main/DEBUG] [net.minecraftforge.fml.loading.moddiscovery.ModFileInfo/LOADING]: Found valid mod file cloth-config-forge-8.3.115.jar with {cloth_config} mods - versions {8.3.115}
[26Jun2025 01:35:15.546] [main/DEBUG] [net.minecraftforge.fml.loading.moddiscovery.ModFile/LOADING]: Loading mod file  with languages [LanguageSpec[languageName=javafml, acceptedVersions=[34,)]]
[26Jun2025 01:35:15.546] [main/DEBUG] [net.minecraftforge.fml.loading.moddiscovery.ModFileParser/LOADING]: Considering mod file candidate /workspaces/lamicheladaputa/servidor_minecraft/mods/YungsBetterNetherFortresses-1.19.2-Forge-1.0.6.jar
[26Jun2025 01:35:15.546] [main/DEBUG] [net.minecraftforge.fml.loading.moddiscovery.ModFileInfo/LOADING]: Found valid mod file YungsBetterNetherFortresses-1.19.2-Forge-1.0.6.jar with {betterfortresses} mods - versions {1.19.2-Forge-1.0.6}
[26Jun2025 01:35:15.547] [main/DEBUG] [net.minecraftforge.fml.loading.moddiscovery.ModFile/LOADING]: Loading mod file /workspaces/lamicheladaputa/servidor_minecraft/mods/YungsBetterNetherFortresses-1.19.2-Forge-1.0.6.jar with languages [LanguageSpec[languageName=javafml, acceptedVersions=[43,)]]
[26Jun2025 01:35:15.547] [main/DEBUG] [net.minecraftforge.fml.loading.moddiscovery.ModFileParser/LOADING]: Considering mod file candidate /workspaces/lamicheladaputa/servidor_minecraft/mods/ctov-3.2.6c.jar
[26Jun2025 01:35:15.547] [main/DEBUG] [net.minecraftforge.fml.loading.moddiscovery.ModFileInfo/LOADING]: Found valid mod file ctov-3.2.6c.jar with {ctov} mods - versions {3.2.6c}
[26Jun2025 01:35:15.547] [main/DEBUG] [net.minecraftforge.fml.loading.moddiscovery.ModFile/LOADING]: Loading mod file /workspaces/lamicheladaputa/servidor_minecraft/mods/ctov-3.2.6c.jar with languages [LanguageSpec[languageName=javafml, acceptedVersions=[41,46)]]
[26Jun2025 01:35:15.547] [main/DEBUG] [net.minecraftforge.fml.loading.moddiscovery.ModFileParser/LOADING]: Considering mod file candidate /workspaces/lamicheladaputa/servidor_minecraft/mods/supplementaries-1.19.2-2.4.20.jar
[26Jun2025 01:35:15.548] [main/DEBUG] [net.minecraftforge.fml.loading.moddiscovery.ModFileInfo/LOADING]: Found valid mod file supplementaries-1.19.2-2.4.20.jar with {supplementaries} mods - versions {1.19.2-2.4.20}
[26Jun2025 01:35:15.548] [main/DEBUG] [net.minecraftforge.fml.loading.moddiscovery.ModFile/LOADING]: Loading mod file /workspaces/lamicheladaputa/servidor_minecraft/mods/supplementaries-1.19.2-2.4.20.jar with languages [LanguageSpec[languageName=javafml, acceptedVersions=[40,)]]
[26Jun2025 01:35:15.548] [main/DEBUG] [net.minecraftforge.fml.loading.moddiscovery.ModFileParser/LOADING]: Considering mod file candidate /workspaces/lamicheladaputa/servidor_minecraft/mods/embeddium-0.3.18.1+mc1.19.2.jar
[26Jun2025 01:35:15.548] [main/DEBUG] [net.minecraftforge.fml.loading.moddiscovery.ModFileInfo/LOADING]: Found valid mod file embeddium-0.3.18.1+mc1.19.2.jar with {embeddium,rubidium} mods - versions {0.3.18.1+mc1.19.2,0.6.2c}
[26Jun2025 01:35:15.548] [main/DEBUG] [net.minecraftforge.fml.loading.moddiscovery.ModFile/LOADING]: Loading mod file /workspaces/lamicheladaputa/servidor_minecraft/mods/embeddium-0.3.18.1+mc1.19.2.jar with languages [LanguageSpec[languageName=javafml, acceptedVersions=[39,)]]
[26Jun2025 01:35:15.548] [main/DEBUG] [net.minecraftforge.fml.loading.moddiscovery.ModFileParser/LOADING]: Considering mod file candidate /workspaces/lamicheladaputa/servidor_minecraft/mods/geophilic-1.19-2.0.0c.jar
[26Jun2025 01:35:15.549] [main/DEBUG] [net.minecraftforge.fml.loading.moddiscovery.ModFileInfo/LOADING]: Found valid mod file geophilic-1.19-2.0.0c.jar with {geophilic} mods - versions {1.19-2.0.0c}
[26Jun2025 01:35:15.549] [main/DEBUG] [net.minecraftforge.fml.loading.moddiscovery.ModFile/LOADING]: Loading mod file /workspaces/lamicheladaputa/servidor_minecraft/mods/geophilic-1.19-2.0.0c.jar with languages [LanguageSpec[languageName=lowcodefml, acceptedVersions=[41,45)]]
[26Jun2025 01:35:15.549] [main/DEBUG] [net.minecraftforge.fml.loading.moddiscovery.ModFileParser/LOADING]: Considering mod file candidate /workspaces/lamicheladaputa/servidor_minecraft/mods/structure_gel-1.19.2-2.7.3.jar
[26Jun2025 01:35:15.549] [main/DEBUG] [net.minecraftforge.fml.loading.moddiscovery.ModFileInfo/LOADING]: Found valid mod file structure_gel-1.19.2-2.7.3.jar with {structure_gel} mods - versions {2.7.3}
[26Jun2025 01:35:15.549] [main/DEBUG] [net.minecraftforge.fml.loading.moddiscovery.ModFile/LOADING]: Loading mod file /workspaces/lamicheladaputa/servidor_minecraft/mods/structure_gel-1.19.2-2.7.3.jar with languages [LanguageSpec[languageName=javafml, acceptedVersions=[43,)]]
[26Jun2025 01:35:15.550] [main/DEBUG] [net.minecraftforge.fml.loading.moddiscovery.ModFileParser/LOADING]: Considering mod file candidate /workspaces/lamicheladaputa/servidor_minecraft/mods/mcw-bridges-3.0.1-mc1.19.2forge.jar
[26Jun2025 01:35:15.550] [main/DEBUG] [net.minecraftforge.fml.loading.moddiscovery.ModFileInfo/LOADING]: Found valid mod file mcw-bridges-3.0.1-mc1.19.2forge.jar with {mcwbridges} mods - versions {3.0.1}
[26Jun2025 01:35:15.550] [main/DEBUG] [net.minecraftforge.fml.loading.moddiscovery.ModFile/LOADING]: Loading mod file /workspaces/lamicheladaputa/servidor_minecraft/mods/mcw-bridges-3.0.1-mc1.19.2forge.jar with languages [LanguageSpec[languageName=javafml, acceptedVersions=[28,)]]
[26Jun2025 01:35:15.550] [main/DEBUG] [net.minecraftforge.fml.loading.moddiscovery.ModFileParser/LOADING]: Considering mod file candidate /workspaces/lamicheladaputa/servidor_minecraft/mods/TaxOceanVillager+M.1.19.2+ForM+3.1.2.jar
[26Jun2025 01:35:15.550] [main/DEBUG] [net.minecraftforge.fml.loading.moddiscovery.ModFileInfo/LOADING]: Found valid mod file TaxOceanVillager+M.1.19.2+ForM+3.1.2.jar with {taxov} mods - versions {3.1.2}
[26Jun2025 01:35:15.551] [main/DEBUG] [net.minecraftforge.fml.loading.moddiscovery.ModFile/LOADING]: Loading mod file /workspaces/lamicheladaputa/servidor_minecraft/mods/TaxOceanVillager+M.1.19.2+ForM+3.1.2.jar with languages [LanguageSpec[languageName=javafml, acceptedVersions=[43,)]]
[26Jun2025 01:35:15.551] [main/DEBUG] [net.minecraftforge.fml.loading.moddiscovery.ModFileParser/LOADING]: Considering mod file candidate /workspaces/lamicheladaputa/servidor_minecraft/mods/BiomesOPlenty-1.19.2-17.1.1.162.jar
[26Jun2025 01:35:15.551] [main/DEBUG] [net.minecraftforge.fml.loading.moddiscovery.ModFileInfo/LOADING]: Found valid mod file BiomesOPlenty-1.19.2-17.1.1.162.jar with {biomesoplenty} mods - versions {17.1.1.162}
[26Jun2025 01:35:15.551] [main/DEBUG] [net.minecraftforge.fml.loading.moddiscovery.ModFile/LOADING]: Loading mod file /workspaces/lamicheladaputa/servidor_minecraft/mods/BiomesOPlenty-1.19.2-17.1.1.162.jar with languages [LanguageSpec[languageName=javafml, acceptedVersions=[43,)]]
[26Jun2025 01:35:15.551] [main/DEBUG] [net.minecraftforge.fml.loading.moddiscovery.ModFileParser/LOADING]: Considering mod file candidate /workspaces/lamicheladaputa/servidor_minecraft/mods/valhelsia_structures-forge-1.19.2-1.0.4.jar
[26Jun2025 01:35:15.552] [main/DEBUG] [net.minecraftforge.fml.loading.moddiscovery.ModFileInfo/LOADING]: Found valid mod file valhelsia_structures-forge-1.19.2-1.0.4.jar with {valhelsia_structures} mods - versions {1.19.2-1.0.4}
[26Jun2025 01:35:15.552] [main/DEBUG] [net.minecraftforge.fml.loading.moddiscovery.ModFile/LOADING]: Loading mod file /workspaces/lamicheladaputa/servidor_minecraft/mods/valhelsia_structures-forge-1.19.2-1.0.4.jar with languages [LanguageSpec[languageName=javafml, acceptedVersions=[43,)]]
[26Jun2025 01:35:15.552] [main/DEBUG] [net.minecraftforge.fml.loading.moddiscovery.ModFileParser/LOADING]: Considering mod file candidate /workspaces/lamicheladaputa/servidor_minecraft/mods/mcw-fences-1.2.0-1.19.2forge.jar
[26Jun2025 01:35:15.552] [main/DEBUG] [net.minecraftforge.fml.loading.moddiscovery.ModFileInfo/LOADING]: Found valid mod file mcw-fences-1.2.0-1.19.2forge.jar with {mcwfences} mods - versions {1.2.0}
[26Jun2025 01:35:15.552] [main/DEBUG] [net.minecraftforge.fml.loading.moddiscovery.ModFile/LOADING]: Loading mod file /workspaces/lamicheladaputa/servidor_minecraft/mods/mcw-fences-1.2.0-1.19.2forge.jar with languages [LanguageSpec[languageName=javafml, acceptedVersions=[28,)]]
[26Jun2025 01:35:15.552] [main/DEBUG] [net.minecraftforge.fml.loading.moddiscovery.ModFileParser/LOADING]: Considering mod file candidate /workspaces/lamicheladaputa/servidor_minecraft/mods/mcw-trapdoors-1.1.4-mc1.19.2forge.jar
[26Jun2025 01:35:15.552] [main/DEBUG] [net.minecraftforge.fml.loading.moddiscovery.ModFileInfo/LOADING]: Found valid mod file mcw-trapdoors-1.1.4-mc1.19.2forge.jar with {mcwtrpdoors} mods - versions {1.1.4}
[26Jun2025 01:35:15.553] [main/DEBUG] [net.minecraftforge.fml.loading.moddiscovery.ModFile/LOADING]: Loading mod file /workspaces/lamicheladaputa/servidor_minecraft/mods/mcw-trapdoors-1.1.4-mc1.19.2forge.jar with languages [LanguageSpec[languageName=javafml, acceptedVersions=[28,)]]
[26Jun2025 01:35:15.553] [main/DEBUG] [net.minecraftforge.fml.loading.moddiscovery.ModFileParser/LOADING]: Considering mod file candidate /workspaces/lamicheladaputa/servidor_minecraft/mods/sleep_tight-1.19.2-1.1.2.jar
[26Jun2025 01:35:15.553] [main/DEBUG] [net.minecraftforge.fml.loading.moddiscovery.ModFileInfo/LOADING]: Found valid mod file sleep_tight-1.19.2-1.1.2.jar with {sleep_tight} mods - versions {1.19.2-1.1.2}
[26Jun2025 01:35:15.553] [main/DEBUG] [net.minecraftforge.fml.loading.moddiscovery.ModFile/LOADING]: Loading mod file /workspaces/lamicheladaputa/servidor_minecraft/mods/sleep_tight-1.19.2-1.1.2.jar with languages [LanguageSpec[languageName=javafml, acceptedVersions=[40,)]]
[26Jun2025 01:35:15.553] [main/DEBUG] [net.minecraftforge.fml.loading.moddiscovery.ModFileParser/LOADING]: Considering mod file candidate /workspaces/lamicheladaputa/servidor_minecraft/mods/Wild_Lands_1.0.8-1.19.2.jar
[26Jun2025 01:35:15.553] [main/DEBUG] [net.minecraftforge.fml.loading.moddiscovery.ModFileInfo/LOADING]: Found valid mod file Wild_Lands_1.0.8-1.19.2.jar with {wildlands} mods - versions {1.0.8}
[26Jun2025 01:35:15.554] [main/DEBUG] [net.minecraftforge.fml.loading.moddiscovery.ModFile/LOADING]: Loading mod file /workspaces/lamicheladaputa/servidor_minecraft/mods/Wild_Lands_1.0.8-1.19.2.jar with languages [LanguageSpec[languageName=javafml, acceptedVersions=[43,)]]
[26Jun2025 01:35:15.554] [main/DEBUG] [net.minecraftforge.fml.loading.moddiscovery.ModFileParser/LOADING]: Considering mod file candidate /workspaces/lamicheladaputa/servidor_minecraft/mods/YungsBridges-1.19.2-Forge-3.1.0.jar
[26Jun2025 01:35:15.554] [main/DEBUG] [net.minecraftforge.fml.loading.moddiscovery.ModFileInfo/LOADING]: Found valid mod file YungsBridges-1.19.2-Forge-3.1.0.jar with {yungsbridges} mods - versions {1.19.2-Forge-3.1.0}
[26Jun2025 01:35:15.554] [main/DEBUG] [net.minecraftforge.fml.loading.moddiscovery.ModFile/LOADING]: Loading mod file /workspaces/lamicheladaputa/servidor_minecraft/mods/YungsBridges-1.19.2-Forge-3.1.0.jar with languages [LanguageSpec[languageName=javafml, acceptedVersions=[43,)]]
[26Jun2025 01:35:15.554] [main/DEBUG] [net.minecraftforge.fml.loading.moddiscovery.ModFileParser/LOADING]: Considering mod file candidate /workspaces/lamicheladaputa/servidor_minecraft/mods/resourcefulconfig-forge-1.19.2-1.0.20.jar
[26Jun2025 01:35:15.555] [main/DEBUG] [net.minecraftforge.fml.loading.moddiscovery.ModFileInfo/LOADING]: Found valid mod file resourcefulconfig-forge-1.19.2-1.0.20.jar with {resourcefulconfig} mods - versions {1.0.20}
[26Jun2025 01:35:15.555] [main/DEBUG] [net.minecraftforge.fml.loading.moddiscovery.ModFile/LOADING]: Loading mod file /workspaces/lamicheladaputa/servidor_minecraft/mods/resourcefulconfig-forge-1.19.2-1.0.20.jar with languages [LanguageSpec[languageName=javafml, acceptedVersions=[43,)]]
[26Jun2025 01:35:15.555] [main/DEBUG] [net.minecraftforge.fml.loading.moddiscovery.ModFileParser/LOADING]: Considering mod file candidate /workspaces/lamicheladaputa/servidor_minecraft/mods/curios-forge-1.19.2-5.1.6.4.jar
[26Jun2025 01:35:15.555] [main/DEBUG] [net.minecraftforge.fml.loading.moddiscovery.ModFileInfo/LOADING]: Found valid mod file curios-forge-1.19.2-5.1.6.4.jar with {curios} mods - versions {1.19.2-5.1.6.4}
[26Jun2025 01:35:15.555] [main/DEBUG] [net.minecraftforge.fml.loading.moddiscovery.ModFile/LOADING]: Loading mod file /workspaces/lamicheladaputa/servidor_minecraft/mods/curios-forge-1.19.2-5.1.6.4.jar with languages [LanguageSpec[languageName=javafml, acceptedVersions=[41,)]]
[26Jun2025 01:35:15.555] [main/DEBUG] [net.minecraftforge.fml.loading.moddiscovery.ModFileParser/LOADING]: Considering mod file candidate /workspaces/lamicheladaputa/servidor_minecraft/mods/cullleaves-forge-3.0.1.jar
[26Jun2025 01:35:15.556] [main/DEBUG] [net.minecraftforge.fml.loading.moddiscovery.ModFileInfo/LOADING]: Found valid mod file cullleaves-forge-3.0.1.jar with {cullleaves} mods - versions {3.0.1}
[26Jun2025 01:35:15.556] [main/DEBUG] [net.minecraftforge.fml.loading.moddiscovery.ModFile/LOADING]: Loading mod file /workspaces/lamicheladaputa/servidor_minecraft/mods/cullleaves-forge-3.0.1.jar with languages [LanguageSpec[languageName=javafml, acceptedVersions=[43,)]]
[26Jun2025 01:35:15.556] [main/DEBUG] [net.minecraftforge.fml.loading.moddiscovery.ModFileParser/LOADING]: Considering mod file candidate /workspaces/lamicheladaputa/servidor_minecraft/mods/realmrpg_seadwellers_2.9.9_forge_1.19.2.jar
[26Jun2025 01:35:15.556] [main/DEBUG] [net.minecraftforge.fml.loading.moddiscovery.ModFileInfo/LOADING]: Found valid mod file realmrpg_seadwellers_2.9.9_forge_1.19.2.jar with {seadwellers} mods - versions {2.9.9}
[26Jun2025 01:35:15.556] [main/DEBUG] [net.minecraftforge.fml.loading.moddiscovery.ModFile/LOADING]: Loading mod file /workspaces/lamicheladaputa/servidor_minecraft/mods/realmrpg_seadwellers_2.9.9_forge_1.19.2.jar with languages [LanguageSpec[languageName=javafml, acceptedVersions=[43,)]]
[26Jun2025 01:35:15.556] [main/DEBUG] [net.minecraftforge.fml.loading.moddiscovery.ModFileParser/LOADING]: Considering mod file candidate /workspaces/lamicheladaputa/servidor_minecraft/mods/YungsExtras-1.19.2-Forge-3.1.0.jar
[26Jun2025 01:35:15.557] [main/DEBUG] [net.minecraftforge.fml.loading.moddiscovery.ModFileInfo/LOADING]: Found valid mod file YungsExtras-1.19.2-Forge-3.1.0.jar with {yungsextras} mods - versions {1.19.2-Forge-3.1.0}
[26Jun2025 01:35:15.557] [main/DEBUG] [net.minecraftforge.fml.loading.moddiscovery.ModFile/LOADING]: Loading mod file /workspaces/lamicheladaputa/servidor_minecraft/mods/YungsExtras-1.19.2-Forge-3.1.0.jar with languages [LanguageSpec[languageName=javafml, acceptedVersions=[43,)]]
[26Jun2025 01:35:15.557] [main/DEBUG] [net.minecraftforge.fml.loading.moddiscovery.ModFileParser/LOADING]: Considering mod file candidate /workspaces/lamicheladaputa/servidor_minecraft/mods/tombstone-1.19.2-8.3.7.jar
[26Jun2025 01:35:15.557] [main/DEBUG] [net.minecraftforge.fml.loading.moddiscovery.ModFileInfo/LOADING]: Found valid mod file tombstone-1.19.2-8.3.7.jar with {tombstone} mods - versions {8.3.7}
[26Jun2025 01:35:15.557] [main/DEBUG] [net.minecraftforge.fml.loading.moddiscovery.ModFile/LOADING]: Loading mod file /workspaces/lamicheladaputa/servidor_minecraft/mods/tombstone-1.19.2-8.3.7.jar with languages [LanguageSpec[languageName=javafml, acceptedVersions=[43,)]]
[26Jun2025 01:35:15.557] [main/DEBUG] [net.minecraftforge.fml.loading.moddiscovery.ModFileParser/LOADING]: Considering mod file candidate /workspaces/lamicheladaputa/servidor_minecraft/mods/YungsBetterStrongholds-1.19.2-Forge-3.2.0.jar
[26Jun2025 01:35:15.558] [main/DEBUG] [net.minecraftforge.fml.loading.moddiscovery.ModFileInfo/LOADING]: Found valid mod file YungsBetterStrongholds-1.19.2-Forge-3.2.0.jar with {betterstrongholds} mods - versions {1.19.2-Forge-3.2.0}
[26Jun2025 01:35:15.558] [main/DEBUG] [net.minecraftforge.fml.loading.moddiscovery.ModFile/LOADING]: Loading mod file /workspaces/lamicheladaputa/servidor_minecraft/mods/YungsBetterStrongholds-1.19.2-Forge-3.2.0.jar with languages [LanguageSpec[languageName=javafml, acceptedVersions=[43,)]]
[26Jun2025 01:35:15.558] [main/DEBUG] [net.minecraftforge.fml.loading.moddiscovery.ModFileParser/LOADING]: Considering mod file candidate /workspaces/lamicheladaputa/servidor_minecraft/mods/resourcefullib-forge-1.19.2-1.1.24.jar
[26Jun2025 01:35:15.558] [main/DEBUG] [net.minecraftforge.fml.loading.moddiscovery.ModFileInfo/LOADING]: Found valid mod file resourcefullib-forge-1.19.2-1.1.24.jar with {resourcefullib} mods - versions {1.1.24}
[26Jun2025 01:35:15.558] [main/DEBUG] [net.minecraftforge.fml.loading.moddiscovery.ModFile/LOADING]: Loading mod file /workspaces/lamicheladaputa/servidor_minecraft/mods/resourcefullib-forge-1.19.2-1.1.24.jar with languages [LanguageSpec[languageName=javafml, acceptedVersions=[41,)]]
[26Jun2025 01:35:15.559] [main/DEBUG] [net.minecraftforge.fml.loading.moddiscovery.ModFileParser/LOADING]: Considering mod file candidate /workspaces/lamicheladaputa/servidor_minecraft/mods/architectury-6.6.92-forge.jar
[26Jun2025 01:35:15.559] [main/DEBUG] [net.minecraftforge.fml.loading.moddiscovery.ModFileInfo/LOADING]: Found valid mod file architectury-6.6.92-forge.jar with {architectury} mods - versions {6.6.92}
[26Jun2025 01:35:15.559] [main/DEBUG] [net.minecraftforge.fml.loading.moddiscovery.ModFile/LOADING]: Loading mod file /workspaces/lamicheladaputa/servidor_minecraft/mods/architectury-6.6.92-forge.jar with languages [LanguageSpec[languageName=javafml, acceptedVersions=[43,)]]
[26Jun2025 01:35:15.559] [main/DEBUG] [net.minecraftforge.fml.loading.moddiscovery.ModFileParser/LOADING]: Considering mod file candidate /workspaces/lamicheladaputa/servidor_minecraft/mods/cupboard-1.19.2-2.6.jar
[26Jun2025 01:35:15.560] [main/DEBUG] [net.minecraftforge.fml.loading.moddiscovery.ModFileInfo/LOADING]: Found valid mod file cupboard-1.19.2-2.6.jar with {cupboard} mods - versions {1.19.2-2.6}
[26Jun2025 01:35:15.560] [main/DEBUG] [net.minecraftforge.fml.loading.moddiscovery.ModFile/LOADING]: Loading mod file /workspaces/lamicheladaputa/servidor_minecraft/mods/cupboard-1.19.2-2.6.jar with languages [LanguageSpec[languageName=javafml, acceptedVersions=[36,)]]
[26Jun2025 01:35:15.560] [main/DEBUG] [net.minecraftforge.fml.loading.moddiscovery.ModFileParser/LOADING]: Considering mod file candidate /workspaces/lamicheladaputa/servidor_minecraft/mods/mcw-furniture-3.3.0-mc1.19.2forge.jar
[26Jun2025 01:35:15.560] [main/DEBUG] [net.minecraftforge.fml.loading.moddiscovery.ModFileInfo/LOADING]: Found valid mod file mcw-furniture-3.3.0-mc1.19.2forge.jar with {mcwfurnitures} mods - versions {3.3.0}
[26Jun2025 01:35:15.560] [main/DEBUG] [net.minecraftforge.fml.loading.moddiscovery.ModFile/LOADING]: Loading mod file /workspaces/lamicheladaputa/servidor_minecraft/mods/mcw-furniture-3.3.0-mc1.19.2forge.jar with languages [LanguageSpec[languageName=javafml, acceptedVersions=[28,)]]
[26Jun2025 01:35:15.560] [main/DEBUG] [net.minecraftforge.fml.loading.moddiscovery.ModFileParser/LOADING]: Considering mod file candidate /workspaces/lamicheladaputa/servidor_minecraft/mods/lootintegrations_ctov-1.3.jar
[26Jun2025 01:35:15.561] [main/DEBUG] [net.minecraftforge.fml.loading.moddiscovery.ModFileInfo/LOADING]: Found valid mod file lootintegrations_ctov-1.3.jar with {lootintegrations_ctov} mods - versions {1}
[26Jun2025 01:35:15.561] [main/DEBUG] [net.minecraftforge.fml.loading.moddiscovery.ModFile/LOADING]: Loading mod file /workspaces/lamicheladaputa/servidor_minecraft/mods/lootintegrations_ctov-1.3.jar with languages [LanguageSpec[languageName=lowcodefml, acceptedVersions=[0,)]]
[26Jun2025 01:35:15.561] [main/DEBUG] [net.minecraftforge.fml.loading.moddiscovery.ModFileParser/LOADING]: Considering mod file candidate /workspaces/lamicheladaputa/servidor_minecraft/mods/YungsBetterEndIsland-1.19.2-Forge-1.0.jar
[26Jun2025 01:35:15.561] [main/DEBUG] [net.minecraftforge.fml.loading.moddiscovery.ModFileInfo/LOADING]: Found valid mod file YungsBetterEndIsland-1.19.2-Forge-1.0.jar with {betterendisland} mods - versions {1.19.2-Forge-1.0}
[26Jun2025 01:35:15.561] [main/DEBUG] [net.minecraftforge.fml.loading.moddiscovery.ModFile/LOADING]: Loading mod file /workspaces/lamicheladaputa/servidor_minecraft/mods/YungsBetterEndIsland-1.19.2-Forge-1.0.jar with languages [LanguageSpec[languageName=javafml, acceptedVersions=[43,)]]
[26Jun2025 01:35:15.561] [main/DEBUG] [net.minecraftforge.fml.loading.moddiscovery.ModFileParser/LOADING]: Considering mod file candidate /workspaces/lamicheladaputa/servidor_minecraft/mods/lootintegrations_moog-1.4.jar
[26Jun2025 01:35:15.562] [main/DEBUG] [net.minecraftforge.fml.loading.moddiscovery.ModFileInfo/LOADING]: Found valid mod file lootintegrations_moog-1.4.jar with {lootintegrations_moog} mods - versions {1}
[26Jun2025 01:35:15.562] [main/DEBUG] [net.minecraftforge.fml.loading.moddiscovery.ModFile/LOADING]: Loading mod file /workspaces/lamicheladaputa/servidor_minecraft/mods/lootintegrations_moog-1.4.jar with languages [LanguageSpec[languageName=lowcodefml, acceptedVersions=[0,)]]
[26Jun2025 01:35:15.562] [main/DEBUG] [net.minecraftforge.fml.loading.moddiscovery.ModFileParser/LOADING]: Considering mod file candidate /workspaces/lamicheladaputa/servidor_minecraft/mods/FastLeafDecay-30.jar
[26Jun2025 01:35:15.562] [main/DEBUG] [net.minecraftforge.fml.loading.moddiscovery.ModFileInfo/LOADING]: Found valid mod file FastLeafDecay-30.jar with {fastleafdecay} mods - versions {30}
[26Jun2025 01:35:15.562] [main/DEBUG] [net.minecraftforge.fml.loading.moddiscovery.ModFile/LOADING]: Loading mod file /workspaces/lamicheladaputa/servidor_minecraft/mods/FastLeafDecay-30.jar with languages [LanguageSpec[languageName=javafml, acceptedVersions=[41,)]]
[26Jun2025 01:35:15.563] [main/DEBUG] [net.minecraftforge.fml.loading.moddiscovery.ModFileParser/LOADING]: Considering mod file candidate /workspaces/lamicheladaputa/servidor_minecraft/mods/YungsBetterMineshafts-1.19.2-Forge-3.2.1.jar
[26Jun2025 01:35:15.563] [main/DEBUG] [net.minecraftforge.fml.loading.moddiscovery.ModFileInfo/LOADING]: Found valid mod file YungsBetterMineshafts-1.19.2-Forge-3.2.1.jar with {bettermineshafts} mods - versions {1.19.2-Forge-3.2.1}
[26Jun2025 01:35:15.563] [main/DEBUG] [net.minecraftforge.fml.loading.moddiscovery.ModFile/LOADING]: Loading mod file /workspaces/lamicheladaputa/servidor_minecraft/mods/YungsBetterMineshafts-1.19.2-Forge-3.2.1.jar with languages [LanguageSpec[languageName=javafml, acceptedVersions=[43,)]]
[26Jun2025 01:35:15.563] [main/DEBUG] [net.minecraftforge.fml.loading.moddiscovery.ModFileParser/LOADING]: Considering mod file candidate /workspaces/lamicheladaputa/servidor_minecraft/mods/geckolib-forge-1.19-3.1.40.jar
[26Jun2025 01:35:15.563] [main/DEBUG] [net.minecraftforge.fml.loading.moddiscovery.ModFileInfo/LOADING]: Found valid mod file geckolib-forge-1.19-3.1.40.jar with {geckolib3} mods - versions {3.1.40}
[26Jun2025 01:35:15.564] [main/DEBUG] [net.minecraftforge.fml.loading.moddiscovery.ModFile/LOADING]: Loading mod file /workspaces/lamicheladaputa/servidor_minecraft/mods/geckolib-forge-1.19-3.1.40.jar with languages [LanguageSpec[languageName=javafml, acceptedVersions=[41,)]]
[26Jun2025 01:35:15.564] [main/DEBUG] [net.minecraftforge.fml.loading.moddiscovery.ModFileParser/LOADING]: Considering mod file candidate /workspaces/lamicheladaputa/servidor_minecraft/mods/mcw-lights-1.1.0-mc1.19.2forge.jar
[26Jun2025 01:35:15.564] [main/DEBUG] [net.minecraftforge.fml.loading.moddiscovery.ModFileInfo/LOADING]: Found valid mod file mcw-lights-1.1.0-mc1.19.2forge.jar with {mcwlights} mods - versions {1.1.0}
[26Jun2025 01:35:15.564] [main/DEBUG] [net.minecraftforge.fml.loading.moddiscovery.ModFile/LOADING]: Loading mod file /workspaces/lamicheladaputa/servidor_minecraft/mods/mcw-lights-1.1.0-mc1.19.2forge.jar with languages [LanguageSpec[languageName=javafml, acceptedVersions=[28,)]]
[26Jun2025 01:35:15.564] [main/DEBUG] [net.minecraftforge.fml.loading.moddiscovery.ModFileParser/LOADING]: Considering mod file candidate /workspaces/lamicheladaputa/servidor_minecraft/mods/YungsBetterJungleTemples-1.19.2-Forge-1.0.1.jar
[26Jun2025 01:35:15.565] [main/DEBUG] [net.minecraftforge.fml.loading.moddiscovery.ModFileInfo/LOADING]: Found valid mod file YungsBetterJungleTemples-1.19.2-Forge-1.0.1.jar with {betterjungletemples} mods - versions {1.19.2-Forge-1.0.1}
[26Jun2025 01:35:15.565] [main/DEBUG] [net.minecraftforge.fml.loading.moddiscovery.ModFile/LOADING]: Loading mod file /workspaces/lamicheladaputa/servidor_minecraft/mods/YungsBetterJungleTemples-1.19.2-Forge-1.0.1.jar with languages [LanguageSpec[languageName=javafml, acceptedVersions=[43,)]]
[26Jun2025 01:35:15.565] [main/DEBUG] [net.minecraftforge.fml.loading.moddiscovery.ModFileParser/LOADING]: Considering mod file candidate /workspaces/lamicheladaputa/servidor_minecraft/mods/arcane_abilities-0.1.9.1-1.19.2.jar
[26Jun2025 01:35:15.566] [main/DEBUG] [net.minecraftforge.fml.loading.moddiscovery.ModFileInfo/LOADING]: Found valid mod file arcane_abilities-0.1.9.1-1.19.2.jar with {arcane_abilities} mods - versions {0.1.9.1}
[26Jun2025 01:35:15.566] [main/DEBUG] [net.minecraftforge.fml.loading.moddiscovery.ModFile/LOADING]: Loading mod file /workspaces/lamicheladaputa/servidor_minecraft/mods/arcane_abilities-0.1.9.1-1.19.2.jar with languages [LanguageSpec[languageName=javafml, acceptedVersions=[43,)]]
[26Jun2025 01:35:15.566] [main/DEBUG] [net.minecraftforge.fml.loading.moddiscovery.ModFileParser/LOADING]: Considering mod file candidate /workspaces/lamicheladaputa/servidor_minecraft/mods/expore-1.19.2-0.3.jar
[26Jun2025 01:35:15.567] [main/DEBUG] [net.minecraftforge.fml.loading.moddiscovery.ModFileInfo/LOADING]: Found valid mod file expore-1.19.2-0.3.jar with {expore} mods - versions {1.19.2-0.3}
[26Jun2025 01:35:15.567] [main/DEBUG] [net.minecraftforge.fml.loading.moddiscovery.ModFile/LOADING]: Loading mod file /workspaces/lamicheladaputa/servidor_minecraft/mods/expore-1.19.2-0.3.jar with languages [LanguageSpec[languageName=javafml, acceptedVersions=[43,)]]
[26Jun2025 01:35:15.567] [main/DEBUG] [net.minecraftforge.fml.loading.moddiscovery.ModFileParser/LOADING]: Considering mod file candidate /workspaces/lamicheladaputa/servidor_minecraft/mods/octolib-1.19.2-0.3.jar
[26Jun2025 01:35:15.567] [main/DEBUG] [net.minecraftforge.fml.loading.moddiscovery.ModFileInfo/LOADING]: Found valid mod file octolib-1.19.2-0.3.jar with {octolib} mods - versions {0.3}
[26Jun2025 01:35:15.568] [main/DEBUG] [net.minecraftforge.fml.loading.moddiscovery.ModFile/LOADING]: Loading mod file /workspaces/lamicheladaputa/servidor_minecraft/mods/octolib-1.19.2-0.3.jar with languages [LanguageSpec[languageName=javafml, acceptedVersions=[43,)]]
[26Jun2025 01:35:15.568] [main/DEBUG] [net.minecraftforge.fml.loading.moddiscovery.ModFileParser/LOADING]: Considering mod file candidate /workspaces/lamicheladaputa/servidor_minecraft/mods/EasyMagic-v4.3.3-1.19.2-Forge.jar
[26Jun2025 01:35:15.568] [main/DEBUG] [net.minecraftforge.fml.loading.moddiscovery.ModFileInfo/LOADING]: Found valid mod file EasyMagic-v4.3.3-1.19.2-Forge.jar with {easymagic} mods - versions {4.3.3}
[26Jun2025 01:35:15.568] [main/DEBUG] [net.minecraftforge.fml.loading.moddiscovery.ModFile/LOADING]: Loading mod file /workspaces/lamicheladaputa/servidor_minecraft/mods/EasyMagic-v4.3.3-1.19.2-Forge.jar with languages [LanguageSpec[languageName=javafml, acceptedVersions=[43,)]]
[26Jun2025 01:35:15.569] [main/DEBUG] [net.minecraftforge.fml.loading.moddiscovery.ModFileParser/LOADING]: Considering mod file candidate /workspaces/lamicheladaputa/servidor_minecraft/mods/jei-1.19.2-forge-11.8.1.1034.jar
[26Jun2025 01:35:15.569] [main/DEBUG] [net.minecraftforge.fml.loading.moddiscovery.ModFileInfo/LOADING]: Found valid mod file jei-1.19.2-forge-11.8.1.1034.jar with {jei} mods - versions {11.8.1.1034}
[26Jun2025 01:35:15.569] [main/DEBUG] [net.minecraftforge.fml.loading.moddiscovery.ModFile/LOADING]: Loading mod file /workspaces/lamicheladaputa/servidor_minecraft/mods/jei-1.19.2-forge-11.8.1.1034.jar with languages [LanguageSpec[languageName=javafml, acceptedVersions=[41,)]]
[26Jun2025 01:35:15.569] [main/DEBUG] [net.minecraftforge.fml.loading.moddiscovery.ModFileParser/LOADING]: Considering mod file candidate /workspaces/lamicheladaputa/servidor_minecraft/mods/obscure_api-15.jar
[26Jun2025 01:35:15.570] [main/DEBUG] [net.minecraftforge.fml.loading.moddiscovery.ModFileInfo/LOADING]: Found valid mod file obscure_api-15.jar with {obscure_api} mods - versions {15}
[26Jun2025 01:35:15.570] [main/DEBUG] [net.minecraftforge.fml.loading.moddiscovery.ModFile/LOADING]: Loading mod file /workspaces/lamicheladaputa/servidor_minecraft/mods/obscure_api-15.jar with languages [LanguageSpec[languageName=javafml, acceptedVersions=[43,)]]
[26Jun2025 01:35:15.570] [main/DEBUG] [net.minecraftforge.fml.loading.moddiscovery.ModFileParser/LOADING]: Considering mod file candidate /workspaces/lamicheladaputa/servidor_minecraft/mods/upgrade_aquatic-1.19.2-5.1.0.jar
[26Jun2025 01:35:15.570] [main/DEBUG] [net.minecraftforge.fml.loading.moddiscovery.ModFileInfo/LOADING]: Found valid mod file upgrade_aquatic-1.19.2-5.1.0.jar with {upgrade_aquatic} mods - versions {5.1.0}
[26Jun2025 01:35:15.570] [main/DEBUG] [net.minecraftforge.fml.loading.moddiscovery.ModFile/LOADING]: Loading mod file /workspaces/lamicheladaputa/servidor_minecraft/mods/upgrade_aquatic-1.19.2-5.1.0.jar with languages [LanguageSpec[languageName=javafml, acceptedVersions=[32,)]]
[26Jun2025 01:35:15.570] [main/DEBUG] [net.minecraftforge.fml.loading.moddiscovery.ModFileParser/LOADING]: Considering mod file candidate /workspaces/lamicheladaputa/servidor_minecraft/mods/Structory_Towers_1.19.3_v1.0.2.jar
[26Jun2025 01:35:15.571] [main/DEBUG] [net.minecraftforge.fml.loading.moddiscovery.ModFileInfo/LOADING]: Found valid mod file Structory_Towers_1.19.3_v1.0.2.jar with {structorytowers} mods - versions {1.0.2}
[26Jun2025 01:35:15.571] [main/DEBUG] [net.minecraftforge.fml.loading.moddiscovery.ModFile/LOADING]: Loading mod file /workspaces/lamicheladaputa/servidor_minecraft/mods/Structory_Towers_1.19.3_v1.0.2.jar with languages [LanguageSpec[languageName=javafml, acceptedVersions=[40,)]]
[26Jun2025 01:35:15.571] [main/DEBUG] [net.minecraftforge.fml.loading.moddiscovery.ModFileParser/LOADING]: Considering mod file candidate /workspaces/lamicheladaputa/servidor_minecraft/mods/realmrpg_fallen_adventurers_1.0.3_forge_1.19.2.jar
[26Jun2025 01:35:15.571] [main/DEBUG] [net.minecraftforge.fml.loading.moddiscovery.ModFileInfo/LOADING]: Found valid mod file realmrpg_fallen_adventurers_1.0.3_forge_1.19.2.jar with {realmrpg_skeletons} mods - versions {1.0.3}
[26Jun2025 01:35:15.571] [main/DEBUG] [net.minecraftforge.fml.loading.moddiscovery.ModFile/LOADING]: Loading mod file /workspaces/lamicheladaputa/servidor_minecraft/mods/realmrpg_fallen_adventurers_1.0.3_forge_1.19.2.jar with languages [LanguageSpec[languageName=javafml, acceptedVersions=[43,)]]
[26Jun2025 01:35:15.571] [main/DEBUG] [net.minecraftforge.fml.loading.moddiscovery.ModFileParser/LOADING]: Considering mod file candidate /workspaces/lamicheladaputa/servidor_minecraft/mods/mcw-paintings-1.0.5-1.19.2forge.jar
[26Jun2025 01:35:15.572] [main/DEBUG] [net.minecraftforge.fml.loading.moddiscovery.ModFileInfo/LOADING]: Found valid mod file mcw-paintings-1.0.5-1.19.2forge.jar with {mcwpaintings} mods - versions {1.0.5}
[26Jun2025 01:35:15.572] [main/DEBUG] [net.minecraftforge.fml.loading.moddiscovery.ModFile/LOADING]: Loading mod file /workspaces/lamicheladaputa/servidor_minecraft/mods/mcw-paintings-1.0.5-1.19.2forge.jar with languages [LanguageSpec[languageName=javafml, acceptedVersions=[28,)]]
[26Jun2025 01:35:15.572] [main/DEBUG] [net.minecraftforge.fml.loading.moddiscovery.ModFileParser/LOADING]: Considering mod file candidate /workspaces/lamicheladaputa/servidor_minecraft/mods/Structory_1.19.3_v1.3.1a.jar
[26Jun2025 01:35:15.572] [main/DEBUG] [net.minecraftforge.fml.loading.moddiscovery.ModFileInfo/LOADING]: Found valid mod file Structory_1.19.3_v1.3.1a.jar with {structory} mods - versions {1.3.1a}
[26Jun2025 01:35:15.572] [main/DEBUG] [net.minecraftforge.fml.loading.moddiscovery.ModFile/LOADING]: Loading mod file /workspaces/lamicheladaputa/servidor_minecraft/mods/Structory_1.19.3_v1.3.1a.jar with languages [LanguageSpec[languageName=javafml, acceptedVersions=[40,)]]
[26Jun2025 01:35:15.572] [main/DEBUG] [net.minecraftforge.fml.loading.moddiscovery.ModFileParser/LOADING]: Considering mod file candidate /workspaces/lamicheladaputa/servidor_minecraft/mods/journeymap-1.19.2-5.9.8-forge.jar
[26Jun2025 01:35:15.572] [main/DEBUG] [net.minecraftforge.fml.loading.moddiscovery.ModFileInfo/LOADING]: Found valid mod file journeymap-1.19.2-5.9.8-forge.jar with {journeymap} mods - versions {5.9.8}
[26Jun2025 01:35:15.573] [main/DEBUG] [net.minecraftforge.fml.loading.moddiscovery.ModFile/LOADING]: Loading mod file /workspaces/lamicheladaputa/servidor_minecraft/mods/journeymap-1.19.2-5.9.8-forge.jar with languages [LanguageSpec[languageName=javafml, acceptedVersions=[42,)]]
[26Jun2025 01:35:15.573] [main/DEBUG] [net.minecraftforge.fml.loading.moddiscovery.ModFileParser/LOADING]: Found coremod journeymap potion effect transformer with Javascript path potion-effects-shift.js
[26Jun2025 01:35:15.573] [main/DEBUG] [net.minecraftforge.fml.loading.moddiscovery.ModFile/LOADING]: Found coremod potion-effects-shift.js
[26Jun2025 01:35:15.573] [main/DEBUG] [net.minecraftforge.fml.loading.moddiscovery.ModFileParser/LOADING]: Considering mod file candidate /workspaces/lamicheladaputa/servidor_minecraft/mods/artifacts-1.19.2-5.0.6.jar
[26Jun2025 01:35:15.573] [main/DEBUG] [net.minecraftforge.fml.loading.moddiscovery.ModFileInfo/LOADING]: Found valid mod file artifacts-1.19.2-5.0.6.jar with {artifacts} mods - versions {1.19.2-5.0.6}
[26Jun2025 01:35:15.574] [main/DEBUG] [net.minecraftforge.fml.loading.moddiscovery.ModFile/LOADING]: Loading mod file /workspaces/lamicheladaputa/servidor_minecraft/mods/artifacts-1.19.2-5.0.6.jar with languages [LanguageSpec[languageName=javafml, acceptedVersions=[43,)]]
[26Jun2025 01:35:15.574] [main/DEBUG] [net.minecraftforge.fml.loading.moddiscovery.ModFileParser/LOADING]: Considering mod file candidate /workspaces/lamicheladaputa/servidor_minecraft/mods/breezy-1.19.2-1.0.8.jar
[26Jun2025 01:35:15.574] [main/DEBUG] [net.minecraftforge.fml.loading.moddiscovery.ModFileInfo/LOADING]: Found valid mod file breezy-1.19.2-1.0.8.jar with {breezy} mods - versions {1.0.8}
[26Jun2025 01:35:15.574] [main/DEBUG] [net.minecraftforge.fml.loading.moddiscovery.ModFile/LOADING]: Loading mod file /workspaces/lamicheladaputa/servidor_minecraft/mods/breezy-1.19.2-1.0.8.jar with languages [LanguageSpec[languageName=javafml, acceptedVersions=[43,)]]
[26Jun2025 01:35:15.574] [main/DEBUG] [net.minecraftforge.fml.loading.moddiscovery.ModFileParser/LOADING]: Considering mod file candidate /workspaces/lamicheladaputa/servidor_minecraft/mods/untamedwilds-1.19.2-3.0.4.jar
[26Jun2025 01:35:15.574] [main/DEBUG] [net.minecraftforge.fml.loading.moddiscovery.ModFileInfo/LOADING]: Found valid mod file untamedwilds-1.19.2-3.0.4.jar with {untamedwilds} mods - versions {3.0.4}
[26Jun2025 01:35:15.574] [main/DEBUG] [net.minecraftforge.fml.loading.moddiscovery.ModFile/LOADING]: Loading mod file /workspaces/lamicheladaputa/servidor_minecraft/mods/untamedwilds-1.19.2-3.0.4.jar with languages [LanguageSpec[languageName=javafml, acceptedVersions=[38,)]]
[26Jun2025 01:35:15.574] [main/DEBUG] [net.minecraftforge.fml.loading.moddiscovery.ModFileParser/LOADING]: Considering mod file candidate /workspaces/lamicheladaputa/servidor_minecraft/mods/betteranimalsplus-1.19.2-11.0.10-forge.jar
[26Jun2025 01:35:15.575] [main/DEBUG] [net.minecraftforge.fml.loading.moddiscovery.ModFileInfo/LOADING]: Found valid mod file betteranimalsplus-1.19.2-11.0.10-forge.jar with {betteranimalsplus} mods - versions {1.19.2-11.0.10}
[26Jun2025 01:35:15.575] [main/DEBUG] [net.minecraftforge.fml.loading.moddiscovery.ModFile/LOADING]: Loading mod file /workspaces/lamicheladaputa/servidor_minecraft/mods/betteranimalsplus-1.19.2-11.0.10-forge.jar with languages [LanguageSpec[languageName=javafml, acceptedVersions=[43,)]]
[26Jun2025 01:35:15.575] [main/DEBUG] [net.minecraftforge.fml.loading.moddiscovery.ModFileParser/LOADING]: Considering mod file candidate 
[26Jun2025 01:35:15.575] [main/DEBUG] [net.minecraftforge.fml.loading.moddiscovery.ModFileInfo/LOADING]: Found valid mod file midnightlib-1.0.0-forge.jar with {midnightlib} mods - versions {1.0.0}
[26Jun2025 01:35:15.575] [main/DEBUG] [net.minecraftforge.fml.loading.moddiscovery.ModFile/LOADING]: Loading mod file  with languages [LanguageSpec[languageName=javafml, acceptedVersions=[43,)]]
[26Jun2025 01:35:15.575] [main/DEBUG] [net.minecraftforge.fml.loading.moddiscovery.ModFileParser/LOADING]: Considering mod file candidate /workspaces/lamicheladaputa/servidor_minecraft/mods/YungsBetterDesertTemples-1.19.2-Forge-2.2.2.jar
[26Jun2025 01:35:15.576] [main/DEBUG] [net.minecraftforge.fml.loading.moddiscovery.ModFileInfo/LOADING]: Found valid mod file YungsBetterDesertTemples-1.19.2-Forge-2.2.2.jar with {betterdeserttemples} mods - versions {1.19.2-Forge-2.2.2}
[26Jun2025 01:35:15.576] [main/DEBUG] [net.minecraftforge.fml.loading.moddiscovery.ModFile/LOADING]: Loading mod file /workspaces/lamicheladaputa/servidor_minecraft/mods/YungsBetterDesertTemples-1.19.2-Forge-2.2.2.jar with languages [LanguageSpec[languageName=javafml, acceptedVersions=[43,)]]
[26Jun2025 01:35:15.576] [main/DEBUG] [net.minecraftforge.fml.loading.moddiscovery.ModFileParser/LOADING]: Considering mod file candidate /workspaces/lamicheladaputa/servidor_minecraft/mods/iceandfire-1.19.2-2.1.13-beta-3.jar
[26Jun2025 01:35:15.576] [main/DEBUG] [net.minecraftforge.fml.loading.moddiscovery.ModFileInfo/LOADING]: Found valid mod file iceandfire-1.19.2-2.1.13-beta-3.jar with {iceandfire} mods - versions {1.19.2-2.1.13+build.beta-3}
[26Jun2025 01:35:15.576] [main/DEBUG] [net.minecraftforge.fml.loading.moddiscovery.ModFile/LOADING]: Loading mod file /workspaces/lamicheladaputa/servidor_minecraft/mods/iceandfire-1.19.2-2.1.13-beta-3.jar with languages [LanguageSpec[languageName=javafml, acceptedVersions=[37.0,)]]
[26Jun2025 01:35:15.576] [main/DEBUG] [net.minecraftforge.fml.loading.moddiscovery.ModFileParser/LOADING]: Considering mod file candidate /workspaces/lamicheladaputa/servidor_minecraft/mods/blueprint-1.19.2-6.2.0.jar
[26Jun2025 01:35:15.577] [main/DEBUG] [net.minecraftforge.fml.loading.moddiscovery.ModFileInfo/LOADING]: Found valid mod file blueprint-1.19.2-6.2.0.jar with {blueprint} mods - versions {6.2.0}
[26Jun2025 01:35:15.577] [main/DEBUG] [net.minecraftforge.fml.loading.moddiscovery.ModFile/LOADING]: Loading mod file /workspaces/lamicheladaputa/servidor_minecraft/mods/blueprint-1.19.2-6.2.0.jar with languages [LanguageSpec[languageName=javafml, acceptedVersions=[32,)]]
[26Jun2025 01:35:15.577] [main/DEBUG] [net.minecraftforge.fml.loading.moddiscovery.ModFileParser/LOADING]: Considering mod file candidate /workspaces/lamicheladaputa/servidor_minecraft/mods/Unwrecked Ships Plus 1.19-1.0.4 Forge.jar
[26Jun2025 01:35:15.577] [main/DEBUG] [net.minecraftforge.fml.loading.moddiscovery.ModFileInfo/LOADING]: Found valid mod file Unwrecked Ships Plus 1.19-1.0.4 Forge.jar with {unwrecked_ships_plus} mods - versions {1.0.4}
[26Jun2025 01:35:15.577] [main/DEBUG] [net.minecraftforge.fml.loading.moddiscovery.ModFile/LOADING]: Loading mod file /workspaces/lamicheladaputa/servidor_minecraft/mods/Unwrecked Ships Plus 1.19-1.0.4 Forge.jar with languages [LanguageSpec[languageName=lowcodefml, acceptedVersions=[40,)]]
[26Jun2025 01:35:15.577] [main/DEBUG] [net.minecraftforge.fml.loading.moddiscovery.ModFileParser/LOADING]: Considering mod file candidate /workspaces/lamicheladaputa/servidor_minecraft/mods/hero-proof-5.2.1.jar
[26Jun2025 01:35:15.578] [main/DEBUG] [net.minecraftforge.fml.loading.moddiscovery.ModFileInfo/LOADING]: Found valid mod file hero-proof-5.2.1.jar with {mr_hero_proof} mods - versions {5.2.1}
[26Jun2025 01:35:15.578] [main/DEBUG] [net.minecraftforge.fml.loading.moddiscovery.ModFile/LOADING]: Loading mod file /workspaces/lamicheladaputa/servidor_minecraft/mods/hero-proof-5.2.1.jar with languages [LanguageSpec[languageName=javafml, acceptedVersions=[25,)]]
[26Jun2025 01:35:15.578] [main/DEBUG] [net.minecraftforge.fml.loading.moddiscovery.ModFileParser/LOADING]: Considering mod file candidate /workspaces/lamicheladaputa/servidor_minecraft/libraries/net/minecraftforge/forge/1.19.2-43.4.2/forge-1.19.2-43.4.2-universal.jar
[26Jun2025 01:35:15.578] [main/DEBUG] [net.minecraftforge.fml.loading.moddiscovery.ModFileInfo/LOADING]: Found valid mod file forge-1.19.2-43.4.2-universal.jar with {forge} mods - versions {43.4.2}
[26Jun2025 01:35:15.578] [main/DEBUG] [net.minecraftforge.fml.loading.moddiscovery.ModFile/LOADING]: Loading mod file /workspaces/lamicheladaputa/servidor_minecraft/libraries/net/minecraftforge/forge/1.19.2-43.4.2/forge-1.19.2-43.4.2-universal.jar with languages [LanguageSpec[languageName=javafml, acceptedVersions=[24,]]]
[26Jun2025 01:35:15.578] [main/DEBUG] [net.minecraftforge.fml.loading.moddiscovery.ModFileParser/LOADING]: Found coremod field_to_method with Javascript path coremods/field_to_method.js
[26Jun2025 01:35:15.579] [main/DEBUG] [net.minecraftforge.fml.loading.moddiscovery.ModFileParser/LOADING]: Found coremod field_to_instanceof with Javascript path coremods/field_to_instanceof.js
[26Jun2025 01:35:15.579] [main/DEBUG] [net.minecraftforge.fml.loading.moddiscovery.ModFileParser/LOADING]: Found coremod add_bouncer_method with Javascript path coremods/add_bouncer_method.js
[26Jun2025 01:35:15.579] [main/DEBUG] [net.minecraftforge.fml.loading.moddiscovery.ModFile/LOADING]: Found coremod coremods/field_to_method.js
[26Jun2025 01:35:15.579] [main/DEBUG] [net.minecraftforge.fml.loading.moddiscovery.ModFile/LOADING]: Found coremod coremods/field_to_instanceof.js
[26Jun2025 01:35:15.579] [main/DEBUG] [net.minecraftforge.fml.loading.moddiscovery.ModFile/LOADING]: Found coremod coremods/add_bouncer_method.js
[26Jun2025 01:35:15.579] [main/DEBUG] [net.minecraftforge.fml.loading.moddiscovery.ModFileParser/LOADING]: Considering mod file candidate /workspaces/lamicheladaputa/servidor_minecraft/mods/scuba_gear-1.19-1.0.5.jar
[26Jun2025 01:35:15.579] [main/DEBUG] [net.minecraftforge.fml.loading.moddiscovery.ModFileInfo/LOADING]: Found valid mod file scuba_gear-1.19-1.0.5.jar with {scuba_gear} mods - versions {1.0.5}
[26Jun2025 01:35:15.579] [main/DEBUG] [net.minecraftforge.fml.loading.moddiscovery.ModFile/LOADING]: Loading mod file /workspaces/lamicheladaputa/servidor_minecraft/mods/scuba_gear-1.19-1.0.5.jar with languages [LanguageSpec[languageName=javafml, acceptedVersions=[41,)]]
[26Jun2025 01:35:15.579] [main/DEBUG] [net.minecraftforge.fml.loading.moddiscovery.ModFileParser/LOADING]: Considering mod file candidate /workspaces/lamicheladaputa/servidor_minecraft/mods/friendsandfoes-forge-mc1.19.2-3.0.9.jar
[26Jun2025 01:35:15.580] [main/DEBUG] [net.minecraftforge.fml.loading.moddiscovery.ModFileInfo/LOADING]: Found valid mod file friendsandfoes-forge-mc1.19.2-3.0.9.jar with {friendsandfoes} mods - versions {3.0.9}
[26Jun2025 01:35:15.580] [main/DEBUG] [net.minecraftforge.fml.loading.moddiscovery.ModFile/LOADING]: Loading mod file /workspaces/lamicheladaputa/servidor_minecraft/mods/friendsandfoes-forge-mc1.19.2-3.0.9.jar with languages [LanguageSpec[languageName=javafml, acceptedVersions=*]]
[26Jun2025 01:35:15.580] [main/DEBUG] [net.minecraftforge.fml.loading.moddiscovery.ModFileParser/LOADING]: Considering mod file candidate /workspaces/lamicheladaputa/servidor_minecraft/mods/mcw-paths-1.1.0forge-mc1.19.2.jar
[26Jun2025 01:35:15.580] [main/DEBUG] [net.minecraftforge.fml.loading.moddiscovery.ModFileInfo/LOADING]: Found valid mod file mcw-paths-1.1.0forge-mc1.19.2.jar with {mcwpaths} mods - versions {1.1.0}
[26Jun2025 01:35:15.580] [main/DEBUG] [net.minecraftforge.fml.loading.moddiscovery.ModFile/LOADING]: Loading mod file /workspaces/lamicheladaputa/servidor_minecraft/mods/mcw-paths-1.1.0forge-mc1.19.2.jar with languages [LanguageSpec[languageName=javafml, acceptedVersions=[28,)]]
[26Jun2025 01:35:15.580] [main/DEBUG] [net.minecraftforge.fml.loading.moddiscovery.ModFileParser/LOADING]: Considering mod file candidate /workspaces/lamicheladaputa/servidor_minecraft/mods/barrowsbrothersv16.jar
[26Jun2025 01:35:15.581] [main/DEBUG] [net.minecraftforge.fml.loading.moddiscovery.ModFileInfo/LOADING]: Found valid mod file barrowsbrothersv16.jar with {barrows_brothers_mod} mods - versions {1.6}
[26Jun2025 01:35:15.581] [main/DEBUG] [net.minecraftforge.fml.loading.moddiscovery.ModFile/LOADING]: Loading mod file /workspaces/lamicheladaputa/servidor_minecraft/mods/barrowsbrothersv16.jar with languages [LanguageSpec[languageName=javafml, acceptedVersions=[43,)]]
[26Jun2025 01:35:15.581] [main/DEBUG] [net.minecraftforge.fml.loading.moddiscovery.ModFileInfo/LOADING]: Found valid mod file server-1.19.2-20220805.130853-srg.jar with {minecraft} mods - versions {1.19.2}
[26Jun2025 01:35:15.581] [main/DEBUG] [net.minecraftforge.fml.loading.moddiscovery.ModFile/LOADING]: Loading mod file /workspaces/lamicheladaputa/servidor_minecraft/libraries/net/minecraft/server/1.19.2-20220805.130853/server-1.19.2-20220805.130853-srg.jar with languages [LanguageSpec[languageName=minecraft, acceptedVersions=1]]
[26Jun2025 01:35:15.581] [main/DEBUG] [net.minecraftforge.fml.loading.moddiscovery.ModFileParser/LOADING]: Considering mod file candidate /workspaces/lamicheladaputa/servidor_minecraft/mods/moonlight-1.19.2-2.3.7-forge.jar
[26Jun2025 01:35:15.582] [main/DEBUG] [net.minecraftforge.fml.loading.moddiscovery.ModFileInfo/LOADING]: Found valid mod file moonlight-1.19.2-2.3.7-forge.jar with {moonlight} mods - versions {1.19.2-2.3.7}
[26Jun2025 01:35:15.582] [main/DEBUG] [net.minecraftforge.fml.loading.moddiscovery.ModFile/LOADING]: Loading mod file /workspaces/lamicheladaputa/servidor_minecraft/mods/moonlight-1.19.2-2.3.7-forge.jar with languages [LanguageSpec[languageName=javafml, acceptedVersions=[40,)]]
[26Jun2025 01:35:15.582] [main/DEBUG] [net.minecraftforge.fml.loading.moddiscovery.ModFileParser/LOADING]: Considering mod file candidate /workspaces/lamicheladaputa/servidor_minecraft/mods/TerraBlender-forge-1.19.2-2.0.1.136.jar
[26Jun2025 01:35:15.582] [main/DEBUG] [net.minecraftforge.fml.loading.moddiscovery.ModFileInfo/LOADING]: Found valid mod file TerraBlender-forge-1.19.2-2.0.1.136.jar with {terrablender} mods - versions {2.0.1.136}
[26Jun2025 01:35:15.582] [main/DEBUG] [net.minecraftforge.fml.loading.moddiscovery.ModFile/LOADING]: Loading mod file /workspaces/lamicheladaputa/servidor_minecraft/mods/TerraBlender-forge-1.19.2-2.0.1.136.jar with languages [LanguageSpec[languageName=javafml, acceptedVersions=[43,)]]
[26Jun2025 01:35:15.583] [main/DEBUG] [net.minecraftforge.fml.loading.moddiscovery.ModFileParser/LOADING]: Considering mod file candidate /workspaces/lamicheladaputa/servidor_minecraft/mods/Jade-1.19.1-forge-8.9.2.jar
[26Jun2025 01:35:15.583] [main/DEBUG] [net.minecraftforge.fml.loading.moddiscovery.ModFileInfo/LOADING]: Found valid mod file Jade-1.19.1-forge-8.9.2.jar with {jade} mods - versions {8.9.2}
[26Jun2025 01:35:15.583] [main/DEBUG] [net.minecraftforge.fml.loading.moddiscovery.ModFile/LOADING]: Loading mod file /workspaces/lamicheladaputa/servidor_minecraft/mods/Jade-1.19.1-forge-8.9.2.jar with languages [LanguageSpec[languageName=javafml, acceptedVersions=[42,)]]
[26Jun2025 01:35:15.583] [main/DEBUG] [net.minecraftforge.fml.loading.moddiscovery.ModFileParser/LOADING]: Considering mod file candidate /workspaces/lamicheladaputa/servidor_minecraft/mods/lootintegrations_yungs-1.3.jar
[26Jun2025 01:35:15.584] [main/DEBUG] [net.minecraftforge.fml.loading.moddiscovery.ModFileInfo/LOADING]: Found valid mod file lootintegrations_yungs-1.3.jar with {lootintegrations_yungs} mods - versions {1}
[26Jun2025 01:35:15.584] [main/DEBUG] [net.minecraftforge.fml.loading.moddiscovery.ModFile/LOADING]: Loading mod file /workspaces/lamicheladaputa/servidor_minecraft/mods/lootintegrations_yungs-1.3.jar with languages [LanguageSpec[languageName=lowcodefml, acceptedVersions=[0,)]]
[26Jun2025 01:35:15.584] [main/DEBUG] [net.minecraftforge.fml.loading.moddiscovery.ModFileParser/LOADING]: Considering mod file candidate 
[26Jun2025 01:35:15.585] [main/DEBUG] [net.minecraftforge.fml.loading.moddiscovery.ModFileInfo/LOADING]: Found valid mod file kffmod-3.12.0.jar with {kotlinforforge} mods - versions {3.12.0}
[26Jun2025 01:35:15.585] [main/DEBUG] [net.minecraftforge.fml.loading.moddiscovery.ModFile/LOADING]: Loading mod file  with languages [LanguageSpec[languageName=kotlinforforge, acceptedVersions=[3,)]]
[26Jun2025 01:35:15.585] [main/DEBUG] [net.minecraftforge.fml.loading.moddiscovery.ModFileParser/LOADING]: Considering mod file candidate /workspaces/lamicheladaputa/servidor_minecraft/mods/notenoughanimations-forge-1.9.3-mc1.19.2.jar
[26Jun2025 01:35:15.585] [main/DEBUG] [net.minecraftforge.fml.loading.moddiscovery.ModFileInfo/LOADING]: Found valid mod file notenoughanimations-forge-1.9.3-mc1.19.2.jar with {notenoughanimations} mods - versions {1.9.3}
[26Jun2025 01:35:15.585] [main/DEBUG] [net.minecraftforge.fml.loading.moddiscovery.ModFile/LOADING]: Loading mod file /workspaces/lamicheladaputa/servidor_minecraft/mods/notenoughanimations-forge-1.9.3-mc1.19.2.jar with languages [LanguageSpec[languageName=javafml, acceptedVersions=[28,)]]
[26Jun2025 01:35:15.585] [main/DEBUG] [net.minecraftforge.fml.loading.moddiscovery.ModFileParser/LOADING]: Considering mod file candidate /workspaces/lamicheladaputa/servidor_minecraft/mods/entityculling-forge-1.6.1-mc1.19.2.jar
[26Jun2025 01:35:15.586] [main/DEBUG] [net.minecraftforge.fml.loading.moddiscovery.ModFileInfo/LOADING]: Found valid mod file entityculling-forge-1.6.1-mc1.19.2.jar with {entityculling} mods - versions {1.6.1}
[26Jun2025 01:35:15.586] [main/DEBUG] [net.minecraftforge.fml.loading.moddiscovery.ModFile/LOADING]: Loading mod file /workspaces/lamicheladaputa/servidor_minecraft/mods/entityculling-forge-1.6.1-mc1.19.2.jar with languages [LanguageSpec[languageName=javafml, acceptedVersions=[35,)]]
[26Jun2025 01:35:15.586] [main/DEBUG] [net.minecraftforge.fml.loading.moddiscovery.ModFileParser/LOADING]: Considering mod file candidate /workspaces/lamicheladaputa/servidor_minecraft/mods/freecam-forge-1.2.3+1.19.2.jar
[26Jun2025 01:35:15.587] [main/DEBUG] [net.minecraftforge.fml.loading.moddiscovery.ModFileInfo/LOADING]: Found valid mod file freecam-forge-1.2.3+1.19.2.jar with {freecam} mods - versions {1.2.3}
[26Jun2025 01:35:15.587] [main/DEBUG] [net.minecraftforge.fml.loading.moddiscovery.ModFile/LOADING]: Loading mod file /workspaces/lamicheladaputa/servidor_minecraft/mods/freecam-forge-1.2.3+1.19.2.jar with languages [LanguageSpec[languageName=javafml, acceptedVersions=[41,)]]
[26Jun2025 01:35:15.587] [main/DEBUG] [net.minecraftforge.fml.loading.moddiscovery.ModFileParser/LOADING]: Considering mod file candidate /workspaces/lamicheladaputa/servidor_minecraft/mods/Regrowth-1.19-41.1.31.1.jar
[26Jun2025 01:35:15.588] [main/DEBUG] [net.minecraftforge.fml.loading.moddiscovery.ModFileInfo/LOADING]: Found valid mod file Regrowth-1.19-41.1.31.1.jar with {regrowth} mods - versions {41.1.31.1}
[26Jun2025 01:35:15.588] [main/DEBUG] [net.minecraftforge.fml.loading.moddiscovery.ModFile/LOADING]: Loading mod file /workspaces/lamicheladaputa/servidor_minecraft/mods/Regrowth-1.19-41.1.31.1.jar with languages [LanguageSpec[languageName=javafml, acceptedVersions=[41,)]]
[26Jun2025 01:35:15.588] [main/DEBUG] [net.minecraftforge.fml.loading.moddiscovery.ModFileParser/LOADING]: Considering mod file candidate /workspaces/lamicheladaputa/servidor_minecraft/mods/ImmediatelyFast-Forge-1.4.0+1.19.2.jar
[26Jun2025 01:35:15.588] [main/DEBUG] [net.minecraftforge.fml.loading.moddiscovery.ModFileInfo/LOADING]: Found valid mod file ImmediatelyFast-Forge-1.4.0+1.19.2.jar with {immediatelyfast} mods - versions {1.4.0+1.19.2}
[26Jun2025 01:35:15.588] [main/DEBUG] [net.minecraftforge.fml.loading.moddiscovery.ModFile/LOADING]: Loading mod file /workspaces/lamicheladaputa/servidor_minecraft/mods/ImmediatelyFast-Forge-1.4.0+1.19.2.jar with languages [LanguageSpec[languageName=javafml, acceptedVersions=[43,)]]
[26Jun2025 01:35:15.588] [main/DEBUG] [net.minecraftforge.fml.loading.moddiscovery.ModFileParser/LOADING]: Considering mod file candidate /workspaces/lamicheladaputa/servidor_minecraft/mods/appleskin-forge-mc1.19-2.4.2.jar
[26Jun2025 01:35:15.589] [main/DEBUG] [net.minecraftforge.fml.loading.moddiscovery.ModFileInfo/LOADING]: Found valid mod file appleskin-forge-mc1.19-2.4.2.jar with {appleskin} mods - versions {2.4.2+mc1.19}
[26Jun2025 01:35:15.589] [main/DEBUG] [net.minecraftforge.fml.loading.moddiscovery.ModFile/LOADING]: Loading mod file /workspaces/lamicheladaputa/servidor_minecraft/mods/appleskin-forge-mc1.19-2.4.2.jar with languages [LanguageSpec[languageName=javafml, acceptedVersions=[41,)]]
[26Jun2025 01:35:15.589] [main/DEBUG] [net.minecraftforge.fml.loading.moddiscovery.ModFileParser/LOADING]: Considering mod file candidate /workspaces/lamicheladaputa/servidor_minecraft/mods/mvs-4.1.4-1.19.2-forge.jar
[26Jun2025 01:35:15.589] [main/DEBUG] [net.minecraftforge.fml.loading.moddiscovery.ModFileInfo/LOADING]: Found valid mod file mvs-4.1.4-1.19.2-forge.jar with {mvs} mods - versions {4.1.4-1.19.2-forge}
[26Jun2025 01:35:15.589] [main/DEBUG] [net.minecraftforge.fml.loading.moddiscovery.ModFile/LOADING]: Loading mod file /workspaces/lamicheladaputa/servidor_minecraft/mods/mvs-4.1.4-1.19.2-forge.jar with languages [LanguageSpec[languageName=javafml, acceptedVersions=[41,)]]
[26Jun2025 01:35:15.589] [main/DEBUG] [net.minecraftforge.fml.loading.moddiscovery.ModFileParser/LOADING]: Considering mod file candidate /workspaces/lamicheladaputa/servidor_minecraft/mods/ferritecore-5.0.3-forge.jar
[26Jun2025 01:35:15.590] [main/DEBUG] [net.minecraftforge.fml.loading.moddiscovery.ModFileInfo/LOADING]: Found valid mod file ferritecore-5.0.3-forge.jar with {ferritecore} mods - versions {5.0.3}
[26Jun2025 01:35:15.590] [main/DEBUG] [net.minecraftforge.fml.loading.moddiscovery.ModFile/LOADING]: Loading mod file /workspaces/lamicheladaputa/servidor_minecraft/mods/ferritecore-5.0.3-forge.jar with languages [LanguageSpec[languageName=javafml, acceptedVersions=[28,)]]
[26Jun2025 01:35:15.590] [main/DEBUG] [net.minecraftforge.fml.loading.moddiscovery.ModFileParser/LOADING]: Considering mod file candidate /workspaces/lamicheladaputa/servidor_minecraft/mods/moremobvariants-forge+1.19.2-1.3.0.1.jar
[26Jun2025 01:35:15.590] [main/DEBUG] [net.minecraftforge.fml.loading.moddiscovery.ModFileInfo/LOADING]: Found valid mod file moremobvariants-forge+1.19.2-1.3.0.1.jar with {moremobvariants} mods - versions {1.3.0}
[26Jun2025 01:35:15.590] [main/DEBUG] [net.minecraftforge.fml.loading.moddiscovery.ModFile/LOADING]: Loading mod file /workspaces/lamicheladaputa/servidor_minecraft/mods/moremobvariants-forge+1.19.2-1.3.0.1.jar with languages [LanguageSpec[languageName=javafml, acceptedVersions=[43,)]]
[26Jun2025 01:35:15.591] [main/DEBUG] [net.minecraftforge.fml.loading.moddiscovery.ModFileParser/LOADING]: Considering mod file candidate /workspaces/lamicheladaputa/servidor_minecraft/mods/PuzzlesLib-v4.4.3-1.19.2-Forge.jar
[26Jun2025 01:35:15.591] [main/DEBUG] [net.minecraftforge.fml.loading.moddiscovery.ModFileInfo/LOADING]: Found valid mod file PuzzlesLib-v4.4.3-1.19.2-Forge.jar with {puzzleslib} mods - versions {4.4.3}
[26Jun2025 01:35:15.591] [main/DEBUG] [net.minecraftforge.fml.loading.moddiscovery.ModFile/LOADING]: Loading mod file /workspaces/lamicheladaputa/servidor_minecraft/mods/PuzzlesLib-v4.4.3-1.19.2-Forge.jar with languages [LanguageSpec[languageName=javafml, acceptedVersions=[43,)]]
[26Jun2025 01:35:15.591] [main/DEBUG] [net.minecraftforge.fml.loading.moddiscovery.ModFileParser/LOADING]: Considering mod file candidate /workspaces/lamicheladaputa/servidor_minecraft/mods/Aquaculture-1.19.2-2.4.17.jar
[26Jun2025 01:35:15.591] [main/DEBUG] [net.minecraftforge.fml.loading.moddiscovery.ModFileInfo/LOADING]: Found valid mod file Aquaculture-1.19.2-2.4.17.jar with {aquaculture} mods - versions {1.19.2-2.4.17}
[26Jun2025 01:35:15.591] [main/DEBUG] [net.minecraftforge.fml.loading.moddiscovery.ModFile/LOADING]: Loading mod file /workspaces/lamicheladaputa/servidor_minecraft/mods/Aquaculture-1.19.2-2.4.17.jar with languages [LanguageSpec[languageName=javafml, acceptedVersions=[41,)]]
[26Jun2025 01:35:15.591] [main/DEBUG] [net.minecraftforge.fml.loading.moddiscovery.ModFileParser/LOADING]: Considering mod file candidate /workspaces/lamicheladaputa/servidor_minecraft/mods/valkyrienskies-119-2.1.2-beta.1.jar
[26Jun2025 01:35:15.592] [main/DEBUG] [net.minecraftforge.fml.loading.moddiscovery.ModFileInfo/LOADING]: Found valid mod file valkyrienskies-119-2.1.2-beta.1.jar with {valkyrienskies} mods - versions {2.1.2-beta.1}
[26Jun2025 01:35:15.592] [main/DEBUG] [net.minecraftforge.fml.loading.moddiscovery.ModFile/LOADING]: Loading mod file /workspaces/lamicheladaputa/servidor_minecraft/mods/valkyrienskies-119-2.1.2-beta.1.jar with languages [LanguageSpec[languageName=javafml, acceptedVersions=[40,)]]
[26Jun2025 01:35:15.592] [main/DEBUG] [net.minecraftforge.fml.loading.moddiscovery.ModFileParser/LOADING]: Considering mod file candidate 
[26Jun2025 01:35:15.592] [main/DEBUG] [net.minecraftforge.fml.loading.moddiscovery.ModFileInfo/LOADING]: Found valid mod file expandability-forge-7.0.0.jar with {expandability} mods - versions {7.0.0}
[26Jun2025 01:35:15.592] [main/DEBUG] [net.minecraftforge.fml.loading.moddiscovery.ModFile/LOADING]: Loading mod file  with languages [LanguageSpec[languageName=javafml, acceptedVersions=[41,)]]
[26Jun2025 01:35:15.592] [main/DEBUG] [net.minecraftforge.fml.loading.moddiscovery.ModFileParser/LOADING]: Considering mod file candidate /workspaces/lamicheladaputa/servidor_minecraft/mods/valhelsia_core-forge-1.19.2-0.5.0.jar
[26Jun2025 01:35:15.593] [main/DEBUG] [net.minecraftforge.fml.loading.moddiscovery.ModFileInfo/LOADING]: Found valid mod file valhelsia_core-forge-1.19.2-0.5.0.jar with {valhelsia_core} mods - versions {1.19.2-0.5.0}
[26Jun2025 01:35:15.593] [main/DEBUG] [net.minecraftforge.fml.loading.moddiscovery.ModFile/LOADING]: Loading mod file /workspaces/lamicheladaputa/servidor_minecraft/mods/valhelsia_core-forge-1.19.2-0.5.0.jar with languages [LanguageSpec[languageName=javafml, acceptedVersions=[43,)]]
[26Jun2025 01:35:15.593] [main/DEBUG] [net.minecraftforge.fml.loading.moddiscovery.ModFileParser/LOADING]: Considering mod file candidate /workspaces/lamicheladaputa/servidor_minecraft/mods/aquamirae-6.API15.jar
[26Jun2025 01:35:15.593] [main/DEBUG] [net.minecraftforge.fml.loading.moddiscovery.ModFileInfo/LOADING]: Found valid mod file aquamirae-6.API15.jar with {aquamirae} mods - versions {6.API15}
[26Jun2025 01:35:15.593] [main/DEBUG] [net.minecraftforge.fml.loading.moddiscovery.ModFile/LOADING]: Loading mod file /workspaces/lamicheladaputa/servidor_minecraft/mods/aquamirae-6.API15.jar with languages [LanguageSpec[languageName=javafml, acceptedVersions=[43,)]]
[26Jun2025 01:35:15.593] [main/DEBUG] [net.minecraftforge.fml.loading.moddiscovery.ModFileParser/LOADING]: Considering mod file candidate /workspaces/lamicheladaputa/servidor_minecraft/mods/ad_astra-forge-1.19.2-1.12.7.jar
[26Jun2025 01:35:15.594] [main/DEBUG] [net.minecraftforge.fml.loading.moddiscovery.ModFileInfo/LOADING]: Found valid mod file ad_astra-forge-1.19.2-1.12.7.jar with {ad_astra} mods - versions {1.12.7}
[26Jun2025 01:35:15.594] [main/DEBUG] [net.minecraftforge.fml.loading.moddiscovery.ModFile/LOADING]: Loading mod file /workspaces/lamicheladaputa/servidor_minecraft/mods/ad_astra-forge-1.19.2-1.12.7.jar with languages [LanguageSpec[languageName=javafml, acceptedVersions=[43,)]]
[26Jun2025 01:35:15.594] [main/DEBUG] [net.minecraftforge.fml.loading.moddiscovery.ModFile/LOADING]: Loading mod file  with languages []
[26Jun2025 01:35:15.594] [main/DEBUG] [net.minecraftforge.fml.loading.moddiscovery.ModFile/LOADING]: Loading mod file  with languages []
[26Jun2025 01:35:15.594] [main/DEBUG] [net.minecraftforge.fml.loading.moddiscovery.ModFile/LOADING]: Loading mod file  with languages []
[26Jun2025 01:35:15.594] [main/DEBUG] [net.minecraftforge.fml.loading.moddiscovery.ModFile/LOADING]: Loading mod file  with languages []
[26Jun2025 01:35:15.594] [main/DEBUG] [net.minecraftforge.fml.loading.moddiscovery.ModFileParser/LOADING]: Considering mod file candidate 
[26Jun2025 01:35:15.594] [main/DEBUG] [net.minecraftforge.fml.loading.moddiscovery.ModFileInfo/LOADING]: Found valid mod file mixinextras-forge-0.3.6.jar with {mixinextras} mods - versions {0.3.6}
[26Jun2025 01:35:15.595] [main/DEBUG] [net.minecraftforge.fml.loading.moddiscovery.ModFile/LOADING]: Loading mod file  with languages [LanguageSpec[languageName=javafml, acceptedVersions=*]]
[26Jun2025 01:35:15.595] [main/DEBUG] [net.minecraftforge.fml.loading.moddiscovery.ModFile/LOADING]: Loading mod file  with languages []
[26Jun2025 01:35:15.595] [main/DEBUG] [net.minecraftforge.fml.loading.moddiscovery.ModFile/LOADING]: Loading mod file  with languages []
[26Jun2025 01:35:15.595] [main/DEBUG] [net.minecraftforge.fml.loading.moddiscovery.ModFile/LOADING]: Loading mod file  with languages []
[26Jun2025 01:35:15.595] [main/DEBUG] [net.minecraftforge.fml.loading.moddiscovery.ModFile/LOADING]: Loading mod file  with languages []
[26Jun2025 01:35:15.595] [main/DEBUG] [net.minecraftforge.fml.loading.moddiscovery.ModFile/LOADING]: Loading mod file  with languages []
[26Jun2025 01:35:15.595] [main/DEBUG] [net.minecraftforge.fml.loading.moddiscovery.ModFile/LOADING]: Loading mod file  with languages []
[26Jun2025 01:35:15.595] [main/DEBUG] [net.minecraftforge.fml.loading.moddiscovery.ModFile/LOADING]: Loading mod file  with languages []
[26Jun2025 01:35:15.595] [main/DEBUG] [net.minecraftforge.fml.loading.moddiscovery.ModFile/LOADING]: Loading mod file  with languages []
[26Jun2025 01:35:15.595] [main/DEBUG] [net.minecraftforge.fml.loading.moddiscovery.ModFile/LOADING]: Loading mod file  with languages []
[26Jun2025 01:35:15.595] [main/DEBUG] [net.minecraftforge.fml.loading.moddiscovery.ModFile/LOADING]: Loading mod file  with languages []
[26Jun2025 01:35:15.595] [main/DEBUG] [net.minecraftforge.fml.loading.moddiscovery.ModFile/LOADING]: Loading mod file  with languages []
[26Jun2025 01:35:15.595] [main/DEBUG] [net.minecraftforge.fml.loading.moddiscovery.ModFile/LOADING]: Loading mod file  with languages []
[26Jun2025 01:35:15.595] [main/DEBUG] [net.minecraftforge.fml.loading.moddiscovery.ModFile/LOADING]: Loading mod file  with languages []
[26Jun2025 01:35:15.595] [main/DEBUG] [net.minecraftforge.fml.loading.moddiscovery.ModFile/LOADING]: Loading mod file  with languages []
[26Jun2025 01:35:15.595] [main/DEBUG] [net.minecraftforge.fml.loading.moddiscovery.ModFile/LOADING]: Loading mod file  with languages []
[26Jun2025 01:35:15.595] [main/DEBUG] [net.minecraftforge.fml.loading.moddiscovery.ModFile/LOADING]: Loading mod file  with languages []
[26Jun2025 01:35:15.595] [main/DEBUG] [net.minecraftforge.fml.loading.moddiscovery.ModFile/LOADING]: Loading mod file  with languages []
[26Jun2025 01:35:15.595] [main/DEBUG] [net.minecraftforge.fml.loading.moddiscovery.ModFile/LOADING]: Loading mod file  with languages []
[26Jun2025 01:35:15.596] [main/DEBUG] [net.minecraftforge.fml.loading.moddiscovery.ModFile/LOADING]: Loading mod file  with languages []
[26Jun2025 01:35:15.596] [main/DEBUG] [net.minecraftforge.fml.loading.moddiscovery.ModFile/LOADING]: Loading mod file  with languages []
[26Jun2025 01:35:15.596] [main/DEBUG] [net.minecraftforge.fml.loading.moddiscovery.ModFile/LOADING]: Loading mod file  with languages []
[26Jun2025 01:35:15.596] [main/DEBUG] [net.minecraftforge.fml.loading.moddiscovery.ModFile/LOADING]: Loading mod file  with languages []
[26Jun2025 01:35:15.597] [main/DEBUG] [cpw.mods.modlauncher.TransformationServiceDecorator/MODLAUNCHER]: End scan trigger - transformation service fml
[26Jun2025 01:35:15.611] [main/DEBUG] [net.minecraftforge.fml.loading.LanguageLoadingProvider/CORE]: Found 4 language providers
[26Jun2025 01:35:15.612] [main/DEBUG] [net.minecraftforge.fml.loading.LanguageLoadingProvider/CORE]: Found language provider minecraft, version 1.0
[26Jun2025 01:35:15.613] [main/DEBUG] [net.minecraftforge.fml.loading.LanguageLoadingProvider/CORE]: Found language provider javafml, version 43
[26Jun2025 01:35:15.614] [main/DEBUG] [net.minecraftforge.fml.loading.LanguageLoadingProvider/CORE]: Found language provider kotlinforforge, version 3.12.0
[26Jun2025 01:35:15.614] [main/DEBUG] [net.minecraftforge.fml.loading.LanguageLoadingProvider/CORE]: Found language provider lowcodefml, version 43
[26Jun2025 01:35:15.621] [main/DEBUG] [net.minecraftforge.fml.loading.ModSorter/]: Configured system mods: [minecraft, forge]
[26Jun2025 01:35:15.621] [main/DEBUG] [net.minecraftforge.fml.loading.ModSorter/]: Found system mod: minecraft
[26Jun2025 01:35:15.621] [main/DEBUG] [net.minecraftforge.fml.loading.ModSorter/]: Found system mod: forge
[26Jun2025 01:35:15.624] [main/DEBUG] [net.minecraftforge.fml.loading.ModSorter/LOADING]: Found 188 mod requirements (184 mandatory, 4 optional)
[26Jun2025 01:35:15.625] [main/DEBUG] [net.minecraftforge.fml.loading.ModSorter/LOADING]: Found 0 mod requirements missing (0 mandatory, 0 optional)
[26Jun2025 01:35:16.200] [main/DEBUG] [cpw.mods.modlauncher.TransformationServicesHandler/MODLAUNCHER]: Transformation services loading transformers
[26Jun2025 01:35:16.201] [main/DEBUG] [cpw.mods.modlauncher.TransformationServiceDecorator/MODLAUNCHER]: Initializing transformers for transformation service mixin
[26Jun2025 01:35:16.201] [main/DEBUG] [cpw.mods.modlauncher.TransformationServiceDecorator/MODLAUNCHER]: Initialized transformers for transformation service mixin
[26Jun2025 01:35:16.202] [main/DEBUG] [cpw.mods.modlauncher.TransformationServiceDecorator/MODLAUNCHER]: Initializing transformers for transformation service fml
[26Jun2025 01:35:16.202] [main/DEBUG] [net.minecraftforge.fml.loading.FMLServiceProvider/CORE]: Loading coremod transformers
[26Jun2025 01:35:16.202] [main/DEBUG] [net.minecraftforge.coremod.CoreModEngine/COREMOD]: Loading CoreMod from potion-effects-shift.js
[26Jun2025 01:35:16.405] [main/DEBUG] [net.minecraftforge.coremod.CoreModEngine/COREMOD]: CoreMod loaded successfully
[26Jun2025 01:35:16.405] [main/DEBUG] [net.minecraftforge.coremod.CoreModEngine/COREMOD]: Loading CoreMod from coremods/field_to_method.js
[26Jun2025 01:35:16.442] [main/DEBUG] [net.minecraftforge.coremod.CoreModEngine/COREMOD]: CoreMod loaded successfully
[26Jun2025 01:35:16.442] [main/DEBUG] [net.minecraftforge.coremod.CoreModEngine/COREMOD]: Loading CoreMod from coremods/field_to_instanceof.js
[26Jun2025 01:35:16.483] [main/DEBUG] [net.minecraftforge.coremod.CoreModEngine/COREMOD]: CoreMod loaded successfully
[26Jun2025 01:35:16.483] [main/DEBUG] [net.minecraftforge.coremod.CoreModEngine/COREMOD]: Loading CoreMod from coremods/add_bouncer_method.js
[26Jun2025 01:35:16.517] [main/DEBUG] [net.minecraftforge.coremod.CoreModEngine/COREMOD]: CoreMod loaded successfully
[26Jun2025 01:35:16.522] [main/DEBUG] [cpw.mods.modlauncher.TransformStore/MODLAUNCHER]: Adding transformer net.minecraftforge.coremod.transformer.CoreModClassTransformer@73a0f2b to Target : CLASS {Lnet/minecraft/world/level/biome/Biome;} {} {V}
[26Jun2025 01:35:16.523] [main/DEBUG] [cpw.mods.modlauncher.TransformStore/MODLAUNCHER]: Adding transformer net.minecraftforge.coremod.transformer.CoreModClassTransformer@6870c3c2 to Target : CLASS {Lnet/minecraft/world/level/levelgen/structure/Structure;} {} {V}
[26Jun2025 01:35:16.523] [main/DEBUG] [cpw.mods.modlauncher.TransformStore/MODLAUNCHER]: Adding transformer net.minecraftforge.coremod.transformer.CoreModClassTransformer@fb0a08c to Target : CLASS {Lnet/minecraft/world/effect/MobEffectInstance;} {} {V}
[26Jun2025 01:35:16.523] [main/DEBUG] [cpw.mods.modlauncher.TransformStore/MODLAUNCHER]: Adding transformer net.minecraftforge.coremod.transformer.CoreModClassTransformer@1faf386c to Target : CLASS {Lnet/minecraft/world/level/block/LiquidBlock;} {} {V}
[26Jun2025 01:35:16.523] [main/DEBUG] [cpw.mods.modlauncher.TransformStore/MODLAUNCHER]: Adding transformer net.minecraftforge.coremod.transformer.CoreModClassTransformer@4debbf0 to Target : CLASS {Lnet/minecraft/world/item/BucketItem;} {} {V}
[26Jun2025 01:35:16.523] [main/DEBUG] [cpw.mods.modlauncher.TransformStore/MODLAUNCHER]: Adding transformer net.minecraftforge.coremod.transformer.CoreModClassTransformer@6a5e167a to Target : CLASS {Lnet/minecraft/world/level/block/StairBlock;} {} {V}
[26Jun2025 01:35:16.524] [main/DEBUG] [cpw.mods.modlauncher.TransformStore/MODLAUNCHER]: Adding transformer net.minecraftforge.coremod.transformer.CoreModClassTransformer@60e06f7d to Target : CLASS {Lnet/minecraft/world/level/block/FlowerPotBlock;} {} {V}
[26Jun2025 01:35:16.524] [main/DEBUG] [cpw.mods.modlauncher.TransformStore/MODLAUNCHER]: Adding transformer net.minecraftforge.coremod.transformer.CoreModClassTransformer@66a5755 to Target : CLASS {Lnet/minecraft/world/item/ItemStack;} {} {V}
[26Jun2025 01:35:16.524] [main/DEBUG] [cpw.mods.modlauncher.TransformStore/MODLAUNCHER]: Adding transformer net.minecraftforge.coremod.transformer.CoreModClassTransformer@771a7d53 to Target : CLASS {Lnet/minecraft/network/play/client/CClientSettingsPacket;} {} {V}
[26Jun2025 01:35:16.524] [main/DEBUG] [cpw.mods.modlauncher.TransformStore/MODLAUNCHER]: Adding transformer net.minecraftforge.coremod.transformer.CoreModMethodTransformer@e95595b to Target : METHOD {Lnet/minecraft/client/gui/Gui;} {m_93028_} {(Lcom/mojang/blaze3d/vertex/PoseStack;)V}
[26Jun2025 01:35:16.524] [main/DEBUG] [cpw.mods.modlauncher.TransformationServiceDecorator/MODLAUNCHER]: Initialized transformers for transformation service fml
[26Jun2025 01:35:18.547] [main/DEBUG] [mixin/]: Processing prepare() for PlatformAgent[MixinPlatformAgentDefault:ModLauncher Root Container(ModLauncher:4f56a0a2)]
[26Jun2025 01:35:18.547] [main/DEBUG] [mixin/]: Processing launch tasks for PlatformAgent[MixinPlatformAgentDefault:ModLauncher Root Container(ModLauncher:4f56a0a2)]
[26Jun2025 01:35:18.548] [main/DEBUG] [mixin/]: Adding mixin platform agents for container SecureJarResource(betterdungeons)
[26Jun2025 01:35:18.548] [main/DEBUG] [mixin/]: Instancing new MixinPlatformAgentMinecraftForge for SecureJarResource(betterdungeons)
[26Jun2025 01:35:18.548] [main/DEBUG] [mixin/]: MixinPlatformAgentMinecraftForge rejected container SecureJarResource(betterdungeons)
[26Jun2025 01:35:18.548] [main/DEBUG] [mixin/]: Instancing new MixinPlatformAgentDefault for SecureJarResource(betterdungeons)
[26Jun2025 01:35:18.548] [main/DEBUG] [mixin/]: MixinPlatformAgentDefault accepted container SecureJarResource(betterdungeons)
[26Jun2025 01:35:18.548] [main/DEBUG] [mixin/]: Processing prepare() for PlatformAgent[MixinPlatformAgentDefault:SecureJarResource(betterdungeons)]
[26Jun2025 01:35:18.548] [main/DEBUG] [mixin/]: Registering mixin config: betterdungeons.mixins.json
[26Jun2025 01:35:18.566] [main/DEBUG] [mixin/]: Compatibility level JAVA_17 specified by betterdungeons.mixins.json is higher than the maximum level supported by this version of mixin (JAVA_13).
[26Jun2025 01:35:18.570] [main/INFO] [mixin/]: Compatibility level set to JAVA_17
[26Jun2025 01:35:18.571] [main/DEBUG] [mixin/]: Registering mixin config: betterdungeons_forge.mixins.json
[26Jun2025 01:35:18.574] [main/DEBUG] [mixin/]: Adding mixin platform agents for container SecureJarResource(blue_skies)
[26Jun2025 01:35:18.574] [main/DEBUG] [mixin/]: Instancing new MixinPlatformAgentMinecraftForge for SecureJarResource(blue_skies)
[26Jun2025 01:35:18.575] [main/DEBUG] [mixin/]: MixinPlatformAgentMinecraftForge rejected container SecureJarResource(blue_skies)
[26Jun2025 01:35:18.575] [main/DEBUG] [mixin/]: Instancing new MixinPlatformAgentDefault for SecureJarResource(blue_skies)
[26Jun2025 01:35:18.575] [main/DEBUG] [mixin/]: MixinPlatformAgentDefault accepted container SecureJarResource(blue_skies)
[26Jun2025 01:35:18.575] [main/DEBUG] [mixin/]: Processing prepare() for PlatformAgent[MixinPlatformAgentDefault:SecureJarResource(blue_skies)]
[26Jun2025 01:35:18.575] [main/DEBUG] [mixin/]: Registering mixin config: blue_skies.mixins.json
[26Jun2025 01:35:18.578] [main/DEBUG] [mixin/]: Adding mixin platform agents for container SecureJarResource(lootintegrations_valhelsia)
[26Jun2025 01:35:18.578] [main/DEBUG] [mixin/]: Instancing new MixinPlatformAgentMinecraftForge for SecureJarResource(lootintegrations_valhelsia)
[26Jun2025 01:35:18.578] [main/DEBUG] [mixin/]: MixinPlatformAgentMinecraftForge rejected container SecureJarResource(lootintegrations_valhelsia)
[26Jun2025 01:35:18.578] [main/DEBUG] [mixin/]: Instancing new MixinPlatformAgentDefault for SecureJarResource(lootintegrations_valhelsia)
[26Jun2025 01:35:18.578] [main/DEBUG] [mixin/]: MixinPlatformAgentDefault accepted container SecureJarResource(lootintegrations_valhelsia)
[26Jun2025 01:35:18.578] [main/DEBUG] [mixin/]: Processing prepare() for PlatformAgent[MixinPlatformAgentDefault:SecureJarResource(lootintegrations_valhelsia)]
[26Jun2025 01:35:18.578] [main/DEBUG] [mixin/]: Adding mixin platform agents for container SecureJarResource(easyanvils)
[26Jun2025 01:35:18.578] [main/DEBUG] [mixin/]: Instancing new MixinPlatformAgentMinecraftForge for SecureJarResource(easyanvils)
[26Jun2025 01:35:18.578] [main/DEBUG] [mixin/]: MixinPlatformAgentMinecraftForge rejected container SecureJarResource(easyanvils)
[26Jun2025 01:35:18.578] [main/DEBUG] [mixin/]: Instancing new MixinPlatformAgentDefault for SecureJarResource(easyanvils)
[26Jun2025 01:35:18.578] [main/DEBUG] [mixin/]: MixinPlatformAgentDefault accepted container SecureJarResource(easyanvils)
[26Jun2025 01:35:18.578] [main/DEBUG] [mixin/]: Processing prepare() for PlatformAgent[MixinPlatformAgentDefault:SecureJarResource(easyanvils)]
[26Jun2025 01:35:18.578] [main/DEBUG] [mixin/]: Registering mixin config: easyanvils.common.mixins.json
[26Jun2025 01:35:18.580] [main/DEBUG] [mixin/]: Registering mixin config: easyanvils.forge.mixins.json
[26Jun2025 01:35:18.582] [main/DEBUG] [mixin/]: Adding mixin platform agents for container SecureJarResource(alexsmobs)
[26Jun2025 01:35:18.582] [main/DEBUG] [mixin/]: Instancing new MixinPlatformAgentMinecraftForge for SecureJarResource(alexsmobs)
[26Jun2025 01:35:18.582] [main/DEBUG] [mixin/]: MixinPlatformAgentMinecraftForge rejected container SecureJarResource(alexsmobs)
[26Jun2025 01:35:18.582] [main/DEBUG] [mixin/]: Instancing new MixinPlatformAgentDefault for SecureJarResource(alexsmobs)
[26Jun2025 01:35:18.582] [main/DEBUG] [mixin/]: MixinPlatformAgentDefault accepted container SecureJarResource(alexsmobs)
[26Jun2025 01:35:18.582] [main/DEBUG] [mixin/]: Processing prepare() for PlatformAgent[MixinPlatformAgentDefault:SecureJarResource(alexsmobs)]
[26Jun2025 01:35:18.582] [main/DEBUG] [mixin/]: Adding mixin platform agents for container SecureJarResource(betterwitchhuts)
[26Jun2025 01:35:18.582] [main/DEBUG] [mixin/]: Instancing new MixinPlatformAgentMinecraftForge for SecureJarResource(betterwitchhuts)
[26Jun2025 01:35:18.582] [main/DEBUG] [mixin/]: MixinPlatformAgentMinecraftForge rejected container SecureJarResource(betterwitchhuts)
[26Jun2025 01:35:18.582] [main/DEBUG] [mixin/]: Instancing new MixinPlatformAgentDefault for SecureJarResource(betterwitchhuts)
[26Jun2025 01:35:18.582] [main/DEBUG] [mixin/]: MixinPlatformAgentDefault accepted container SecureJarResource(betterwitchhuts)
[26Jun2025 01:35:18.582] [main/DEBUG] [mixin/]: Processing prepare() for PlatformAgent[MixinPlatformAgentDefault:SecureJarResource(betterwitchhuts)]
[26Jun2025 01:35:18.582] [main/DEBUG] [mixin/]: Registering mixin config: betterwitchhuts.mixins.json
[26Jun2025 01:35:18.584] [main/DEBUG] [mixin/]: Registering mixin config: betterwitchhuts_forge.mixins.json
[26Jun2025 01:35:18.585] [main/DEBUG] [mixin/]: Adding mixin platform agents for container SecureJarResource(botarium)
[26Jun2025 01:35:18.585] [main/DEBUG] [mixin/]: Instancing new MixinPlatformAgentMinecraftForge for SecureJarResource(botarium)
[26Jun2025 01:35:18.585] [main/DEBUG] [mixin/]: MixinPlatformAgentMinecraftForge rejected container SecureJarResource(botarium)
[26Jun2025 01:35:18.585] [main/DEBUG] [mixin/]: Instancing new MixinPlatformAgentDefault for SecureJarResource(botarium)
[26Jun2025 01:35:18.585] [main/DEBUG] [mixin/]: MixinPlatformAgentDefault accepted container SecureJarResource(botarium)
[26Jun2025 01:35:18.585] [main/DEBUG] [mixin/]: Processing prepare() for PlatformAgent[MixinPlatformAgentDefault:SecureJarResource(botarium)]
[26Jun2025 01:35:18.585] [main/DEBUG] [mixin/]: Registering mixin config: botarium.forge.mixins.json
[26Jun2025 01:35:18.587] [main/DEBUG] [mixin/]: Adding mixin platform agents for container SecureJarResource(betteroceanmonuments)
[26Jun2025 01:35:18.587] [main/DEBUG] [mixin/]: Instancing new MixinPlatformAgentMinecraftForge for SecureJarResource(betteroceanmonuments)
[26Jun2025 01:35:18.587] [main/DEBUG] [mixin/]: MixinPlatformAgentMinecraftForge rejected container SecureJarResource(betteroceanmonuments)
[26Jun2025 01:35:18.587] [main/DEBUG] [mixin/]: Instancing new MixinPlatformAgentDefault for SecureJarResource(betteroceanmonuments)
[26Jun2025 01:35:18.587] [main/DEBUG] [mixin/]: MixinPlatformAgentDefault accepted container SecureJarResource(betteroceanmonuments)
[26Jun2025 01:35:18.587] [main/DEBUG] [mixin/]: Processing prepare() for PlatformAgent[MixinPlatformAgentDefault:SecureJarResource(betteroceanmonuments)]
[26Jun2025 01:35:18.587] [main/DEBUG] [mixin/]: Registering mixin config: betteroceanmonuments.mixins.json
[26Jun2025 01:35:18.588] [main/DEBUG] [mixin/]: Registering mixin config: betteroceanmonuments_forge.mixins.json
[26Jun2025 01:35:18.592] [main/DEBUG] [mixin/]: Adding mixin platform agents for container SecureJarResource(hammerlib)
[26Jun2025 01:35:18.592] [main/DEBUG] [mixin/]: Instancing new MixinPlatformAgentMinecraftForge for SecureJarResource(hammerlib)
[26Jun2025 01:35:18.592] [main/DEBUG] [mixin/]: MixinPlatformAgentMinecraftForge rejected container SecureJarResource(hammerlib)
[26Jun2025 01:35:18.592] [main/DEBUG] [mixin/]: Instancing new MixinPlatformAgentDefault for SecureJarResource(hammerlib)
[26Jun2025 01:35:18.592] [main/DEBUG] [mixin/]: MixinPlatformAgentDefault accepted container SecureJarResource(hammerlib)
[26Jun2025 01:35:18.592] [main/DEBUG] [mixin/]: Processing prepare() for PlatformAgent[MixinPlatformAgentDefault:SecureJarResource(hammerlib)]
[26Jun2025 01:35:18.592] [main/DEBUG] [mixin/]: Registering mixin config: mixins.hammerlib.json
[26Jun2025 01:35:18.594] [main/DEBUG] [mixin/]: Adding mixin platform agents for container SecureJarResource(mcwwindows)
[26Jun2025 01:35:18.594] [main/DEBUG] [mixin/]: Instancing new MixinPlatformAgentMinecraftForge for SecureJarResource(mcwwindows)
[26Jun2025 01:35:18.594] [main/DEBUG] [mixin/]: MixinPlatformAgentMinecraftForge rejected container SecureJarResource(mcwwindows)
[26Jun2025 01:35:18.594] [main/DEBUG] [mixin/]: Instancing new MixinPlatformAgentDefault for SecureJarResource(mcwwindows)
[26Jun2025 01:35:18.594] [main/DEBUG] [mixin/]: MixinPlatformAgentDefault accepted container SecureJarResource(mcwwindows)
[26Jun2025 01:35:18.594] [main/DEBUG] [mixin/]: Processing prepare() for PlatformAgent[MixinPlatformAgentDefault:SecureJarResource(mcwwindows)]
[26Jun2025 01:35:18.594] [main/DEBUG] [mixin/]: Adding mixin platform agents for container SecureJarResource(immersive_aircraft)
[26Jun2025 01:35:18.595] [main/DEBUG] [mixin/]: Instancing new MixinPlatformAgentMinecraftForge for SecureJarResource(immersive_aircraft)
[26Jun2025 01:35:18.595] [main/DEBUG] [mixin/]: MixinPlatformAgentMinecraftForge rejected container SecureJarResource(immersive_aircraft)
[26Jun2025 01:35:18.595] [main/DEBUG] [mixin/]: Instancing new MixinPlatformAgentDefault for SecureJarResource(immersive_aircraft)
[26Jun2025 01:35:18.595] [main/DEBUG] [mixin/]: MixinPlatformAgentDefault accepted container SecureJarResource(immersive_aircraft)
[26Jun2025 01:35:18.595] [main/DEBUG] [mixin/]: Processing prepare() for PlatformAgent[MixinPlatformAgentDefault:SecureJarResource(immersive_aircraft)]
[26Jun2025 01:35:18.595] [main/DEBUG] [mixin/]: Registering mixin config: immersive_aircraft.mixins.json
[26Jun2025 01:35:18.597] [main/DEBUG] [mixin/]: Adding mixin platform agents for container SecureJarResource(valhelsia_furniture)
[26Jun2025 01:35:18.597] [main/DEBUG] [mixin/]: Instancing new MixinPlatformAgentMinecraftForge for SecureJarResource(valhelsia_furniture)
[26Jun2025 01:35:18.597] [main/DEBUG] [mixin/]: MixinPlatformAgentMinecraftForge rejected container SecureJarResource(valhelsia_furniture)
[26Jun2025 01:35:18.597] [main/DEBUG] [mixin/]: Instancing new MixinPlatformAgentDefault for SecureJarResource(valhelsia_furniture)
[26Jun2025 01:35:18.597] [main/DEBUG] [mixin/]: MixinPlatformAgentDefault accepted container SecureJarResource(valhelsia_furniture)
[26Jun2025 01:35:18.597] [main/DEBUG] [mixin/]: Processing prepare() for PlatformAgent[MixinPlatformAgentDefault:SecureJarResource(valhelsia_furniture)]
[26Jun2025 01:35:18.597] [main/DEBUG] [mixin/]: Adding mixin platform agents for container SecureJarResource(sophisticatedcore)
[26Jun2025 01:35:18.598] [main/DEBUG] [mixin/]: Instancing new MixinPlatformAgentMinecraftForge for SecureJarResource(sophisticatedcore)
[26Jun2025 01:35:18.598] [main/DEBUG] [mixin/]: MixinPlatformAgentMinecraftForge rejected container SecureJarResource(sophisticatedcore)
[26Jun2025 01:35:18.598] [main/DEBUG] [mixin/]: Instancing new MixinPlatformAgentDefault for SecureJarResource(sophisticatedcore)
[26Jun2025 01:35:18.598] [main/DEBUG] [mixin/]: MixinPlatformAgentDefault accepted container SecureJarResource(sophisticatedcore)
[26Jun2025 01:35:18.598] [main/DEBUG] [mixin/]: Processing prepare() for PlatformAgent[MixinPlatformAgentDefault:SecureJarResource(sophisticatedcore)]
[26Jun2025 01:35:18.598] [main/DEBUG] [mixin/]: Adding mixin platform agents for container SecureJarResource(vs_eureka)
[26Jun2025 01:35:18.598] [main/DEBUG] [mixin/]: Instancing new MixinPlatformAgentMinecraftForge for SecureJarResource(vs_eureka)
[26Jun2025 01:35:18.598] [main/DEBUG] [mixin/]: MixinPlatformAgentMinecraftForge rejected container SecureJarResource(vs_eureka)
[26Jun2025 01:35:18.599] [main/DEBUG] [mixin/]: Instancing new MixinPlatformAgentDefault for SecureJarResource(vs_eureka)
[26Jun2025 01:35:18.599] [main/DEBUG] [mixin/]: MixinPlatformAgentDefault accepted container SecureJarResource(vs_eureka)
[26Jun2025 01:35:18.599] [main/DEBUG] [mixin/]: Processing prepare() for PlatformAgent[MixinPlatformAgentDefault:SecureJarResource(vs_eureka)]
[26Jun2025 01:35:18.599] [main/DEBUG] [mixin/]: Registering mixin config: vs_eureka.mixins.json
[26Jun2025 01:35:18.601] [main/DEBUG] [mixin/]: Registering mixin config: vs_eureka-common.mixins.json
[26Jun2025 01:35:18.602] [main/DEBUG] [mixin/]: Adding mixin platform agents for container SecureJarResource(jrftl)
[26Jun2025 01:35:18.602] [main/DEBUG] [mixin/]: Instancing new MixinPlatformAgentMinecraftForge for SecureJarResource(jrftl)
[26Jun2025 01:35:18.603] [main/DEBUG] [mixin/]: MixinPlatformAgentMinecraftForge rejected container SecureJarResource(jrftl)
[26Jun2025 01:35:18.603] [main/DEBUG] [mixin/]: Instancing new MixinPlatformAgentDefault for SecureJarResource(jrftl)
[26Jun2025 01:35:18.603] [main/DEBUG] [mixin/]: MixinPlatformAgentDefault accepted container SecureJarResource(jrftl)
[26Jun2025 01:35:18.603] [main/DEBUG] [mixin/]: Processing prepare() for PlatformAgent[MixinPlatformAgentDefault:SecureJarResource(jrftl)]
[26Jun2025 01:35:18.603] [main/DEBUG] [mixin/]: Adding mixin platform agents for container SecureJarResource(citadel)
[26Jun2025 01:35:18.604] [main/DEBUG] [mixin/]: Instancing new MixinPlatformAgentMinecraftForge for SecureJarResource(citadel)
[26Jun2025 01:35:18.604] [main/DEBUG] [mixin/]: MixinPlatformAgentMinecraftForge rejected container SecureJarResource(citadel)
[26Jun2025 01:35:18.604] [main/DEBUG] [mixin/]: Instancing new MixinPlatformAgentDefault for SecureJarResource(citadel)
[26Jun2025 01:35:18.604] [main/DEBUG] [mixin/]: MixinPlatformAgentDefault accepted container SecureJarResource(citadel)
[26Jun2025 01:35:18.604] [main/DEBUG] [mixin/]: Processing prepare() for PlatformAgent[MixinPlatformAgentDefault:SecureJarResource(citadel)]
[26Jun2025 01:35:18.604] [main/DEBUG] [mixin/]: Registering mixin config: citadel.mixins.json
[26Jun2025 01:35:18.609] [main/DEBUG] [mixin/]: Adding mixin platform agents for container SecureJarResource(modernfix)
[26Jun2025 01:35:18.609] [main/DEBUG] [mixin/]: Instancing new MixinPlatformAgentMinecraftForge for SecureJarResource(modernfix)
[26Jun2025 01:35:18.609] [main/DEBUG] [mixin/]: MixinPlatformAgentMinecraftForge rejected container SecureJarResource(modernfix)
[26Jun2025 01:35:18.609] [main/DEBUG] [mixin/]: Instancing new MixinPlatformAgentDefault for SecureJarResource(modernfix)
[26Jun2025 01:35:18.609] [main/DEBUG] [mixin/]: MixinPlatformAgentDefault accepted container SecureJarResource(modernfix)
[26Jun2025 01:35:18.609] [main/DEBUG] [mixin/]: Processing prepare() for PlatformAgent[MixinPlatformAgentDefault:SecureJarResource(modernfix)]
[26Jun2025 01:35:18.609] [main/DEBUG] [mixin/]: Registering mixin config: modernfix-common.mixins.json
[26Jun2025 01:35:18.611] [main/DEBUG] [mixin/]: Registering mixin config: modernfix-forge.mixins.json
[26Jun2025 01:35:18.615] [main/DEBUG] [mixin/]: Adding mixin platform agents for container SecureJarResource(lootintegrations)
[26Jun2025 01:35:18.615] [main/DEBUG] [mixin/]: Instancing new MixinPlatformAgentMinecraftForge for SecureJarResource(lootintegrations)
[26Jun2025 01:35:18.615] [main/DEBUG] [mixin/]: MixinPlatformAgentMinecraftForge rejected container SecureJarResource(lootintegrations)
[26Jun2025 01:35:18.615] [main/DEBUG] [mixin/]: Instancing new MixinPlatformAgentDefault for SecureJarResource(lootintegrations)
[26Jun2025 01:35:18.615] [main/DEBUG] [mixin/]: MixinPlatformAgentDefault accepted container SecureJarResource(lootintegrations)
[26Jun2025 01:35:18.615] [main/DEBUG] [mixin/]: Processing prepare() for PlatformAgent[MixinPlatformAgentDefault:SecureJarResource(lootintegrations)]
[26Jun2025 01:35:18.615] [main/DEBUG] [mixin/]: Registering mixin config: lootintegrations.mixins.json
[26Jun2025 01:35:18.617] [main/DEBUG] [mixin/]: Compatibility level JAVA_16 specified by lootintegrations.mixins.json is higher than the maximum level supported by this version of mixin (JAVA_13).
[26Jun2025 01:35:18.617] [main/DEBUG] [mixin/]: Adding mixin platform agents for container SecureJarResource(yungsapi)
[26Jun2025 01:35:18.617] [main/DEBUG] [mixin/]: Instancing new MixinPlatformAgentMinecraftForge for SecureJarResource(yungsapi)
[26Jun2025 01:35:18.617] [main/DEBUG] [mixin/]: MixinPlatformAgentMinecraftForge rejected container SecureJarResource(yungsapi)
[26Jun2025 01:35:18.617] [main/DEBUG] [mixin/]: Instancing new MixinPlatformAgentDefault for SecureJarResource(yungsapi)
[26Jun2025 01:35:18.617] [main/DEBUG] [mixin/]: MixinPlatformAgentDefault accepted container SecureJarResource(yungsapi)
[26Jun2025 01:35:18.617] [main/DEBUG] [mixin/]: Processing prepare() for PlatformAgent[MixinPlatformAgentDefault:SecureJarResource(yungsapi)]
[26Jun2025 01:35:18.617] [main/DEBUG] [mixin/]: Registering mixin config: yungsapi.mixins.json
[26Jun2025 01:35:18.622] [main/DEBUG] [mixin/]: Registering mixin config: yungsapi_forge.mixins.json
[26Jun2025 01:35:18.623] [main/DEBUG] [mixin/]: Adding mixin platform agents for container SecureJarResource(guardvillagers)
[26Jun2025 01:35:18.624] [main/DEBUG] [mixin/]: Instancing new MixinPlatformAgentMinecraftForge for SecureJarResource(guardvillagers)
[26Jun2025 01:35:18.624] [main/DEBUG] [mixin/]: MixinPlatformAgentMinecraftForge rejected container SecureJarResource(guardvillagers)
[26Jun2025 01:35:18.624] [main/DEBUG] [mixin/]: Instancing new MixinPlatformAgentDefault for SecureJarResource(guardvillagers)
[26Jun2025 01:35:18.624] [main/DEBUG] [mixin/]: MixinPlatformAgentDefault accepted container SecureJarResource(guardvillagers)
[26Jun2025 01:35:18.624] [main/DEBUG] [mixin/]: Processing prepare() for PlatformAgent[MixinPlatformAgentDefault:SecureJarResource(guardvillagers)]
[26Jun2025 01:35:18.624] [main/DEBUG] [mixin/]: Registering mixin config: guardvillagers.mixins.json
[26Jun2025 01:35:18.628] [main/DEBUG] [mixin/]: Compatibility level JAVA_8 specified by guardvillagers.mixins.json is lower than the default level supported by the current mixin service (JAVA_16).
[26Jun2025 01:35:18.628] [main/DEBUG] [mixin/]: Adding mixin platform agents for container SecureJarResource(sophisticatedbackpacks)
[26Jun2025 01:35:18.629] [main/DEBUG] [mixin/]: Instancing new MixinPlatformAgentMinecraftForge for SecureJarResource(sophisticatedbackpacks)
[26Jun2025 01:35:18.629] [main/DEBUG] [mixin/]: MixinPlatformAgentMinecraftForge rejected container SecureJarResource(sophisticatedbackpacks)
[26Jun2025 01:35:18.629] [main/DEBUG] [mixin/]: Instancing new MixinPlatformAgentDefault for SecureJarResource(sophisticatedbackpacks)
[26Jun2025 01:35:18.629] [main/DEBUG] [mixin/]: MixinPlatformAgentDefault accepted container SecureJarResource(sophisticatedbackpacks)
[26Jun2025 01:35:18.629] [main/DEBUG] [mixin/]: Processing prepare() for PlatformAgent[MixinPlatformAgentDefault:SecureJarResource(sophisticatedbackpacks)]
[26Jun2025 01:35:18.629] [main/DEBUG] [mixin/]: Adding mixin platform agents for container SecureJarResource(relics)
[26Jun2025 01:35:18.629] [main/DEBUG] [mixin/]: Instancing new MixinPlatformAgentMinecraftForge for SecureJarResource(relics)
[26Jun2025 01:35:18.629] [main/DEBUG] [mixin/]: MixinPlatformAgentMinecraftForge rejected container SecureJarResource(relics)
[26Jun2025 01:35:18.629] [main/DEBUG] [mixin/]: Instancing new MixinPlatformAgentDefault for SecureJarResource(relics)
[26Jun2025 01:35:18.629] [main/DEBUG] [mixin/]: MixinPlatformAgentDefault accepted container SecureJarResource(relics)
[26Jun2025 01:35:18.629] [main/DEBUG] [mixin/]: Processing prepare() for PlatformAgent[MixinPlatformAgentDefault:SecureJarResource(relics)]
[26Jun2025 01:35:18.629] [main/DEBUG] [mixin/]: Registering mixin config: relics.mixins.json
[26Jun2025 01:35:18.632] [main/DEBUG] [mixin/]: Compatibility level JAVA_8 specified by relics.mixins.json is lower than the default level supported by the current mixin service (JAVA_16).
[26Jun2025 01:35:18.633] [main/DEBUG] [mixin/]: Adding mixin platform agents for container SecureJarResource(mcwdoors)
[26Jun2025 01:35:18.633] [main/DEBUG] [mixin/]: Instancing new MixinPlatformAgentMinecraftForge for SecureJarResource(mcwdoors)
[26Jun2025 01:35:18.633] [main/DEBUG] [mixin/]: MixinPlatformAgentMinecraftForge rejected container SecureJarResource(mcwdoors)
[26Jun2025 01:35:18.633] [main/DEBUG] [mixin/]: Instancing new MixinPlatformAgentDefault for SecureJarResource(mcwdoors)
[26Jun2025 01:35:18.633] [main/DEBUG] [mixin/]: MixinPlatformAgentDefault accepted container SecureJarResource(mcwdoors)
[26Jun2025 01:35:18.633] [main/DEBUG] [mixin/]: Processing prepare() for PlatformAgent[MixinPlatformAgentDefault:SecureJarResource(mcwdoors)]
[26Jun2025 01:35:18.633] [main/DEBUG] [mixin/]: Adding mixin platform agents for container SecureJarResource(takesapillage)
[26Jun2025 01:35:18.633] [main/DEBUG] [mixin/]: Instancing new MixinPlatformAgentMinecraftForge for SecureJarResource(takesapillage)
[26Jun2025 01:35:18.633] [main/DEBUG] [mixin/]: MixinPlatformAgentMinecraftForge rejected container SecureJarResource(takesapillage)
[26Jun2025 01:35:18.633] [main/DEBUG] [mixin/]: Instancing new MixinPlatformAgentDefault for SecureJarResource(takesapillage)
[26Jun2025 01:35:18.633] [main/DEBUG] [mixin/]: MixinPlatformAgentDefault accepted container SecureJarResource(takesapillage)
[26Jun2025 01:35:18.633] [main/DEBUG] [mixin/]: Processing prepare() for PlatformAgent[MixinPlatformAgentDefault:SecureJarResource(takesapillage)]
[26Jun2025 01:35:18.633] [main/DEBUG] [mixin/]: Registering mixin config: takesapillage.mixins.json
[26Jun2025 01:35:18.635] [main/DEBUG] [mixin/]: Adding mixin platform agents for container SecureJarResource(mermod)
[26Jun2025 01:35:18.635] [main/DEBUG] [mixin/]: Instancing new MixinPlatformAgentMinecraftForge for SecureJarResource(mermod)
[26Jun2025 01:35:18.635] [main/DEBUG] [mixin/]: MixinPlatformAgentMinecraftForge rejected container SecureJarResource(mermod)
[26Jun2025 01:35:18.635] [main/DEBUG] [mixin/]: Instancing new MixinPlatformAgentDefault for SecureJarResource(mermod)
[26Jun2025 01:35:18.635] [main/DEBUG] [mixin/]: MixinPlatformAgentDefault accepted container SecureJarResource(mermod)
[26Jun2025 01:35:18.635] [main/DEBUG] [mixin/]: Processing prepare() for PlatformAgent[MixinPlatformAgentDefault:SecureJarResource(mermod)]
[26Jun2025 01:35:18.635] [main/DEBUG] [mixin/]: Registering mixin config: mermod.mixins.json
[26Jun2025 01:35:18.636] [main/DEBUG] [mixin/]: Adding mixin platform agents for container SecureJarResource(lootintegrations_structory)
[26Jun2025 01:35:18.636] [main/DEBUG] [mixin/]: Instancing new MixinPlatformAgentMinecraftForge for SecureJarResource(lootintegrations_structory)
[26Jun2025 01:35:18.636] [main/DEBUG] [mixin/]: MixinPlatformAgentMinecraftForge rejected container SecureJarResource(lootintegrations_structory)
[26Jun2025 01:35:18.636] [main/DEBUG] [mixin/]: Instancing new MixinPlatformAgentDefault for SecureJarResource(lootintegrations_structory)
[26Jun2025 01:35:18.636] [main/DEBUG] [mixin/]: MixinPlatformAgentDefault accepted container SecureJarResource(lootintegrations_structory)
[26Jun2025 01:35:18.637] [main/DEBUG] [mixin/]: Processing prepare() for PlatformAgent[MixinPlatformAgentDefault:SecureJarResource(lootintegrations_structory)]
[26Jun2025 01:35:18.637] [main/DEBUG] [mixin/]: Adding mixin platform agents for container SecureJarResource(right_click_get_crops)
[26Jun2025 01:35:18.637] [main/DEBUG] [mixin/]: Instancing new MixinPlatformAgentMinecraftForge for SecureJarResource(right_click_get_crops)
[26Jun2025 01:35:18.637] [main/DEBUG] [mixin/]: MixinPlatformAgentMinecraftForge rejected container SecureJarResource(right_click_get_crops)
[26Jun2025 01:35:18.637] [main/DEBUG] [mixin/]: Instancing new MixinPlatformAgentDefault for SecureJarResource(right_click_get_crops)
[26Jun2025 01:35:18.637] [main/DEBUG] [mixin/]: MixinPlatformAgentDefault accepted container SecureJarResource(right_click_get_crops)
[26Jun2025 01:35:18.637] [main/DEBUG] [mixin/]: Processing prepare() for PlatformAgent[MixinPlatformAgentDefault:SecureJarResource(right_click_get_crops)]
[26Jun2025 01:35:18.637] [main/DEBUG] [mixin/]: Adding mixin platform agents for container SecureJarResource(cloth_config)
[26Jun2025 01:35:18.637] [main/DEBUG] [mixin/]: Instancing new MixinPlatformAgentMinecraftForge for SecureJarResource(cloth_config)
[26Jun2025 01:35:18.637] [main/DEBUG] [mixin/]: MixinPlatformAgentMinecraftForge rejected container SecureJarResource(cloth_config)
[26Jun2025 01:35:18.637] [main/DEBUG] [mixin/]: Instancing new MixinPlatformAgentDefault for SecureJarResource(cloth_config)
[26Jun2025 01:35:18.637] [main/DEBUG] [mixin/]: MixinPlatformAgentDefault accepted container SecureJarResource(cloth_config)
[26Jun2025 01:35:18.637] [main/DEBUG] [mixin/]: Processing prepare() for PlatformAgent[MixinPlatformAgentDefault:SecureJarResource(cloth_config)]
[26Jun2025 01:35:18.637] [main/DEBUG] [mixin/]: Adding mixin platform agents for container SecureJarResource(betterfortresses)
[26Jun2025 01:35:18.637] [main/DEBUG] [mixin/]: Instancing new MixinPlatformAgentMinecraftForge for SecureJarResource(betterfortresses)
[26Jun2025 01:35:18.637] [main/DEBUG] [mixin/]: MixinPlatformAgentMinecraftForge rejected container SecureJarResource(betterfortresses)
[26Jun2025 01:35:18.637] [main/DEBUG] [mixin/]: Instancing new MixinPlatformAgentDefault for SecureJarResource(betterfortresses)
[26Jun2025 01:35:18.637] [main/DEBUG] [mixin/]: MixinPlatformAgentDefault accepted container SecureJarResource(betterfortresses)
[26Jun2025 01:35:18.637] [main/DEBUG] [mixin/]: Processing prepare() for PlatformAgent[MixinPlatformAgentDefault:SecureJarResource(betterfortresses)]
[26Jun2025 01:35:18.637] [main/DEBUG] [mixin/]: Registering mixin config: betterfortresses.mixins.json
[26Jun2025 01:35:18.639] [main/DEBUG] [mixin/]: Registering mixin config: betterfortresses_forge.mixins.json
[26Jun2025 01:35:18.640] [main/DEBUG] [mixin/]: Adding mixin platform agents for container SecureJarResource(ctov)
[26Jun2025 01:35:18.640] [main/DEBUG] [mixin/]: Instancing new MixinPlatformAgentMinecraftForge for SecureJarResource(ctov)
[26Jun2025 01:35:18.640] [main/DEBUG] [mixin/]: MixinPlatformAgentMinecraftForge rejected container SecureJarResource(ctov)
[26Jun2025 01:35:18.640] [main/DEBUG] [mixin/]: Instancing new MixinPlatformAgentDefault for SecureJarResource(ctov)
[26Jun2025 01:35:18.640] [main/DEBUG] [mixin/]: MixinPlatformAgentDefault accepted container SecureJarResource(ctov)
[26Jun2025 01:35:18.640] [main/DEBUG] [mixin/]: Processing prepare() for PlatformAgent[MixinPlatformAgentDefault:SecureJarResource(ctov)]
[26Jun2025 01:35:18.640] [main/DEBUG] [mixin/]: Adding mixin platform agents for container SecureJarResource(supplementaries)
[26Jun2025 01:35:18.640] [main/DEBUG] [mixin/]: Instancing new MixinPlatformAgentMinecraftForge for SecureJarResource(supplementaries)
[26Jun2025 01:35:18.640] [main/DEBUG] [mixin/]: MixinPlatformAgentMinecraftForge rejected container SecureJarResource(supplementaries)
[26Jun2025 01:35:18.640] [main/DEBUG] [mixin/]: Instancing new MixinPlatformAgentDefault for SecureJarResource(supplementaries)
[26Jun2025 01:35:18.640] [main/DEBUG] [mixin/]: MixinPlatformAgentDefault accepted container SecureJarResource(supplementaries)
[26Jun2025 01:35:18.640] [main/DEBUG] [mixin/]: Processing prepare() for PlatformAgent[MixinPlatformAgentDefault:SecureJarResource(supplementaries)]
[26Jun2025 01:35:18.640] [main/DEBUG] [mixin/]: Registering mixin config: supplementaries-common.mixins.json
[26Jun2025 01:35:18.642] [main/DEBUG] [mixin/]: Registering mixin config: supplementaries.mixins.json
[26Jun2025 01:35:18.645] [main/DEBUG] [mixin/]: Adding mixin platform agents for container SecureJarResource(embeddium)
[26Jun2025 01:35:18.646] [main/DEBUG] [mixin/]: Instancing new MixinPlatformAgentMinecraftForge for SecureJarResource(embeddium)
[26Jun2025 01:35:18.646] [main/DEBUG] [mixin/]: MixinPlatformAgentMinecraftForge rejected container SecureJarResource(embeddium)
[26Jun2025 01:35:18.646] [main/DEBUG] [mixin/]: Instancing new MixinPlatformAgentDefault for SecureJarResource(embeddium)
[26Jun2025 01:35:18.646] [main/DEBUG] [mixin/]: MixinPlatformAgentDefault accepted container SecureJarResource(embeddium)
[26Jun2025 01:35:18.647] [main/DEBUG] [mixin/]: Processing prepare() for PlatformAgent[MixinPlatformAgentDefault:SecureJarResource(embeddium)]
[26Jun2025 01:35:18.647] [main/DEBUG] [mixin/]: Registering mixin config: embeddium.mixins.json
[26Jun2025 01:35:18.648] [main/DEBUG] [mixin/]: Adding mixin platform agents for container SecureJarResource(geophilic)
[26Jun2025 01:35:18.648] [main/DEBUG] [mixin/]: Instancing new MixinPlatformAgentMinecraftForge for SecureJarResource(geophilic)
[26Jun2025 01:35:18.648] [main/DEBUG] [mixin/]: MixinPlatformAgentMinecraftForge rejected container SecureJarResource(geophilic)
[26Jun2025 01:35:18.648] [main/DEBUG] [mixin/]: Instancing new MixinPlatformAgentDefault for SecureJarResource(geophilic)
[26Jun2025 01:35:18.648] [main/DEBUG] [mixin/]: MixinPlatformAgentDefault accepted container SecureJarResource(geophilic)
[26Jun2025 01:35:18.648] [main/DEBUG] [mixin/]: Processing prepare() for PlatformAgent[MixinPlatformAgentDefault:SecureJarResource(geophilic)]
[26Jun2025 01:35:18.648] [main/DEBUG] [mixin/]: Adding mixin platform agents for container SecureJarResource(structure_gel)
[26Jun2025 01:35:18.648] [main/DEBUG] [mixin/]: Instancing new MixinPlatformAgentMinecraftForge for SecureJarResource(structure_gel)
[26Jun2025 01:35:18.648] [main/DEBUG] [mixin/]: MixinPlatformAgentMinecraftForge rejected container SecureJarResource(structure_gel)
[26Jun2025 01:35:18.648] [main/DEBUG] [mixin/]: Instancing new MixinPlatformAgentDefault for SecureJarResource(structure_gel)
[26Jun2025 01:35:18.648] [main/DEBUG] [mixin/]: MixinPlatformAgentDefault accepted container SecureJarResource(structure_gel)
[26Jun2025 01:35:18.648] [main/DEBUG] [mixin/]: Processing prepare() for PlatformAgent[MixinPlatformAgentDefault:SecureJarResource(structure_gel)]
[26Jun2025 01:35:18.649] [main/DEBUG] [mixin/]: Registering mixin config: structure_gel.mixins.json
[26Jun2025 01:35:18.650] [main/DEBUG] [mixin/]: Adding mixin platform agents for container SecureJarResource(mcwbridges)
[26Jun2025 01:35:18.650] [main/DEBUG] [mixin/]: Instancing new MixinPlatformAgentMinecraftForge for SecureJarResource(mcwbridges)
[26Jun2025 01:35:18.650] [main/DEBUG] [mixin/]: MixinPlatformAgentMinecraftForge rejected container SecureJarResource(mcwbridges)
[26Jun2025 01:35:18.650] [main/DEBUG] [mixin/]: Instancing new MixinPlatformAgentDefault for SecureJarResource(mcwbridges)
[26Jun2025 01:35:18.650] [main/DEBUG] [mixin/]: MixinPlatformAgentDefault accepted container SecureJarResource(mcwbridges)
[26Jun2025 01:35:18.650] [main/DEBUG] [mixin/]: Processing prepare() for PlatformAgent[MixinPlatformAgentDefault:SecureJarResource(mcwbridges)]
[26Jun2025 01:35:18.650] [main/DEBUG] [mixin/]: Adding mixin platform agents for container SecureJarResource(taxov)
[26Jun2025 01:35:18.650] [main/DEBUG] [mixin/]: Instancing new MixinPlatformAgentMinecraftForge for SecureJarResource(taxov)
[26Jun2025 01:35:18.650] [main/DEBUG] [mixin/]: MixinPlatformAgentMinecraftForge rejected container SecureJarResource(taxov)
[26Jun2025 01:35:18.650] [main/DEBUG] [mixin/]: Instancing new MixinPlatformAgentDefault for SecureJarResource(taxov)
[26Jun2025 01:35:18.650] [main/DEBUG] [mixin/]: MixinPlatformAgentDefault accepted container SecureJarResource(taxov)
[26Jun2025 01:35:18.650] [main/DEBUG] [mixin/]: Processing prepare() for PlatformAgent[MixinPlatformAgentDefault:SecureJarResource(taxov)]
[26Jun2025 01:35:18.651] [main/DEBUG] [mixin/]: Adding mixin platform agents for container SecureJarResource(biomesoplenty)
[26Jun2025 01:35:18.651] [main/DEBUG] [mixin/]: Instancing new MixinPlatformAgentMinecraftForge for SecureJarResource(biomesoplenty)
[26Jun2025 01:35:18.651] [main/DEBUG] [mixin/]: MixinPlatformAgentMinecraftForge rejected container SecureJarResource(biomesoplenty)
[26Jun2025 01:35:18.651] [main/DEBUG] [mixin/]: Instancing new MixinPlatformAgentDefault for SecureJarResource(biomesoplenty)
[26Jun2025 01:35:18.651] [main/DEBUG] [mixin/]: MixinPlatformAgentDefault accepted container SecureJarResource(biomesoplenty)
[26Jun2025 01:35:18.651] [main/DEBUG] [mixin/]: Processing prepare() for PlatformAgent[MixinPlatformAgentDefault:SecureJarResource(biomesoplenty)]
[26Jun2025 01:35:18.651] [main/DEBUG] [mixin/]: Adding mixin platform agents for container SecureJarResource(valhelsia_structures)
[26Jun2025 01:35:18.651] [main/DEBUG] [mixin/]: Instancing new MixinPlatformAgentMinecraftForge for SecureJarResource(valhelsia_structures)
[26Jun2025 01:35:18.651] [main/DEBUG] [mixin/]: MixinPlatformAgentMinecraftForge rejected container SecureJarResource(valhelsia_structures)
[26Jun2025 01:35:18.651] [main/DEBUG] [mixin/]: Instancing new MixinPlatformAgentDefault for SecureJarResource(valhelsia_structures)
[26Jun2025 01:35:18.651] [main/DEBUG] [mixin/]: MixinPlatformAgentDefault accepted container SecureJarResource(valhelsia_structures)
[26Jun2025 01:35:18.651] [main/DEBUG] [mixin/]: Processing prepare() for PlatformAgent[MixinPlatformAgentDefault:SecureJarResource(valhelsia_structures)]
[26Jun2025 01:35:18.651] [main/DEBUG] [mixin/]: Registering mixin config: valhelsia_structures.mixins.json
[26Jun2025 01:35:18.653] [main/DEBUG] [mixin/]: Adding mixin platform agents for container SecureJarResource(mcwfences)
[26Jun2025 01:35:18.653] [main/DEBUG] [mixin/]: Instancing new MixinPlatformAgentMinecraftForge for SecureJarResource(mcwfences)
[26Jun2025 01:35:18.653] [main/DEBUG] [mixin/]: MixinPlatformAgentMinecraftForge rejected container SecureJarResource(mcwfences)
[26Jun2025 01:35:18.653] [main/DEBUG] [mixin/]: Instancing new MixinPlatformAgentDefault for SecureJarResource(mcwfences)
[26Jun2025 01:35:18.653] [main/DEBUG] [mixin/]: MixinPlatformAgentDefault accepted container SecureJarResource(mcwfences)
[26Jun2025 01:35:18.653] [main/DEBUG] [mixin/]: Processing prepare() for PlatformAgent[MixinPlatformAgentDefault:SecureJarResource(mcwfences)]
[26Jun2025 01:35:18.653] [main/DEBUG] [mixin/]: Adding mixin platform agents for container SecureJarResource(mcwtrpdoors)
[26Jun2025 01:35:18.653] [main/DEBUG] [mixin/]: Instancing new MixinPlatformAgentMinecraftForge for SecureJarResource(mcwtrpdoors)
[26Jun2025 01:35:18.653] [main/DEBUG] [mixin/]: MixinPlatformAgentMinecraftForge rejected container SecureJarResource(mcwtrpdoors)
[26Jun2025 01:35:18.653] [main/DEBUG] [mixin/]: Instancing new MixinPlatformAgentDefault for SecureJarResource(mcwtrpdoors)
[26Jun2025 01:35:18.653] [main/DEBUG] [mixin/]: MixinPlatformAgentDefault accepted container SecureJarResource(mcwtrpdoors)
[26Jun2025 01:35:18.653] [main/DEBUG] [mixin/]: Processing prepare() for PlatformAgent[MixinPlatformAgentDefault:SecureJarResource(mcwtrpdoors)]
[26Jun2025 01:35:18.653] [main/DEBUG] [mixin/]: Adding mixin platform agents for container SecureJarResource(sleep_tight)
[26Jun2025 01:35:18.653] [main/DEBUG] [mixin/]: Instancing new MixinPlatformAgentMinecraftForge for SecureJarResource(sleep_tight)
[26Jun2025 01:35:18.653] [main/DEBUG] [mixin/]: MixinPlatformAgentMinecraftForge rejected container SecureJarResource(sleep_tight)
[26Jun2025 01:35:18.654] [main/DEBUG] [mixin/]: Instancing new MixinPlatformAgentDefault for SecureJarResource(sleep_tight)
[26Jun2025 01:35:18.654] [main/DEBUG] [mixin/]: MixinPlatformAgentDefault accepted container SecureJarResource(sleep_tight)
[26Jun2025 01:35:18.654] [main/DEBUG] [mixin/]: Processing prepare() for PlatformAgent[MixinPlatformAgentDefault:SecureJarResource(sleep_tight)]
[26Jun2025 01:35:18.654] [main/DEBUG] [mixin/]: Registering mixin config: sleep_tight-common.mixins.json
[26Jun2025 01:35:18.655] [main/DEBUG] [mixin/]: Registering mixin config: sleep_tight.mixins.json
[26Jun2025 01:35:18.656] [main/DEBUG] [mixin/]: Adding mixin platform agents for container SecureJarResource(wildlands)
[26Jun2025 01:35:18.656] [main/DEBUG] [mixin/]: Instancing new MixinPlatformAgentMinecraftForge for SecureJarResource(wildlands)
[26Jun2025 01:35:18.656] [main/DEBUG] [mixin/]: MixinPlatformAgentMinecraftForge rejected container SecureJarResource(wildlands)
[26Jun2025 01:35:18.656] [main/DEBUG] [mixin/]: Instancing new MixinPlatformAgentDefault for SecureJarResource(wildlands)
[26Jun2025 01:35:18.657] [main/DEBUG] [mixin/]: MixinPlatformAgentDefault accepted container SecureJarResource(wildlands)
[26Jun2025 01:35:18.657] [main/DEBUG] [mixin/]: Processing prepare() for PlatformAgent[MixinPlatformAgentDefault:SecureJarResource(wildlands)]
[26Jun2025 01:35:18.657] [main/DEBUG] [mixin/]: Adding mixin platform agents for container SecureJarResource(yungsbridges)
[26Jun2025 01:35:18.657] [main/DEBUG] [mixin/]: Instancing new MixinPlatformAgentMinecraftForge for SecureJarResource(yungsbridges)
[26Jun2025 01:35:18.657] [main/DEBUG] [mixin/]: MixinPlatformAgentMinecraftForge rejected container SecureJarResource(yungsbridges)
[26Jun2025 01:35:18.657] [main/DEBUG] [mixin/]: Instancing new MixinPlatformAgentDefault for SecureJarResource(yungsbridges)
[26Jun2025 01:35:18.657] [main/DEBUG] [mixin/]: MixinPlatformAgentDefault accepted container SecureJarResource(yungsbridges)
[26Jun2025 01:35:18.657] [main/DEBUG] [mixin/]: Processing prepare() for PlatformAgent[MixinPlatformAgentDefault:SecureJarResource(yungsbridges)]
[26Jun2025 01:35:18.657] [main/DEBUG] [mixin/]: Registering mixin config: yungsbridges.mixins.json
[26Jun2025 01:35:18.658] [main/DEBUG] [mixin/]: Registering mixin config: yungsbridges_forge.mixins.json
[26Jun2025 01:35:18.660] [main/DEBUG] [mixin/]: Adding mixin platform agents for container SecureJarResource(resourcefulconfig)
[26Jun2025 01:35:18.660] [main/DEBUG] [mixin/]: Instancing new MixinPlatformAgentMinecraftForge for SecureJarResource(resourcefulconfig)
[26Jun2025 01:35:18.660] [main/DEBUG] [mixin/]: MixinPlatformAgentMinecraftForge rejected container SecureJarResource(resourcefulconfig)
[26Jun2025 01:35:18.660] [main/DEBUG] [mixin/]: Instancing new MixinPlatformAgentDefault for SecureJarResource(resourcefulconfig)
[26Jun2025 01:35:18.660] [main/DEBUG] [mixin/]: MixinPlatformAgentDefault accepted container SecureJarResource(resourcefulconfig)
[26Jun2025 01:35:18.660] [main/DEBUG] [mixin/]: Processing prepare() for PlatformAgent[MixinPlatformAgentDefault:SecureJarResource(resourcefulconfig)]
[26Jun2025 01:35:18.660] [main/DEBUG] [mixin/]: Adding mixin platform agents for container SecureJarResource(curios)
[26Jun2025 01:35:18.660] [main/DEBUG] [mixin/]: Instancing new MixinPlatformAgentMinecraftForge for SecureJarResource(curios)
[26Jun2025 01:35:18.660] [main/DEBUG] [mixin/]: MixinPlatformAgentMinecraftForge rejected container SecureJarResource(curios)
[26Jun2025 01:35:18.660] [main/DEBUG] [mixin/]: Instancing new MixinPlatformAgentDefault for SecureJarResource(curios)
[26Jun2025 01:35:18.660] [main/DEBUG] [mixin/]: MixinPlatformAgentDefault accepted container SecureJarResource(curios)
[26Jun2025 01:35:18.660] [main/DEBUG] [mixin/]: Processing prepare() for PlatformAgent[MixinPlatformAgentDefault:SecureJarResource(curios)]
[26Jun2025 01:35:18.660] [main/DEBUG] [mixin/]: Registering mixin config: curios.mixins.json
[26Jun2025 01:35:18.667] [main/DEBUG] [mixin/]: Adding mixin platform agents for container SecureJarResource(cullleaves)
[26Jun2025 01:35:18.667] [main/DEBUG] [mixin/]: Instancing new MixinPlatformAgentMinecraftForge for SecureJarResource(cullleaves)
[26Jun2025 01:35:18.667] [main/DEBUG] [mixin/]: MixinPlatformAgentMinecraftForge rejected container SecureJarResource(cullleaves)
[26Jun2025 01:35:18.667] [main/DEBUG] [mixin/]: Instancing new MixinPlatformAgentDefault for SecureJarResource(cullleaves)
[26Jun2025 01:35:18.667] [main/DEBUG] [mixin/]: MixinPlatformAgentDefault accepted container SecureJarResource(cullleaves)
[26Jun2025 01:35:18.667] [main/DEBUG] [mixin/]: Processing prepare() for PlatformAgent[MixinPlatformAgentDefault:SecureJarResource(cullleaves)]
[26Jun2025 01:35:18.667] [main/DEBUG] [mixin/]: Registering mixin config: cullleaves.mixins.json
[26Jun2025 01:35:18.668] [main/DEBUG] [mixin/]: Adding mixin platform agents for container SecureJarResource(seadwellers)
[26Jun2025 01:35:18.668] [main/DEBUG] [mixin/]: Instancing new MixinPlatformAgentMinecraftForge for SecureJarResource(seadwellers)
[26Jun2025 01:35:18.668] [main/DEBUG] [mixin/]: MixinPlatformAgentMinecraftForge rejected container SecureJarResource(seadwellers)
[26Jun2025 01:35:18.668] [main/DEBUG] [mixin/]: Instancing new MixinPlatformAgentDefault for SecureJarResource(seadwellers)
[26Jun2025 01:35:18.668] [main/DEBUG] [mixin/]: MixinPlatformAgentDefault accepted container SecureJarResource(seadwellers)
[26Jun2025 01:35:18.668] [main/DEBUG] [mixin/]: Processing prepare() for PlatformAgent[MixinPlatformAgentDefault:SecureJarResource(seadwellers)]
[26Jun2025 01:35:18.668] [main/DEBUG] [mixin/]: Adding mixin platform agents for container SecureJarResource(yungsextras)
[26Jun2025 01:35:18.668] [main/DEBUG] [mixin/]: Instancing new MixinPlatformAgentMinecraftForge for SecureJarResource(yungsextras)
[26Jun2025 01:35:18.669] [main/DEBUG] [mixin/]: MixinPlatformAgentMinecraftForge rejected container SecureJarResource(yungsextras)
[26Jun2025 01:35:18.669] [main/DEBUG] [mixin/]: Instancing new MixinPlatformAgentDefault for SecureJarResource(yungsextras)
[26Jun2025 01:35:18.669] [main/DEBUG] [mixin/]: MixinPlatformAgentDefault accepted container SecureJarResource(yungsextras)
[26Jun2025 01:35:18.669] [main/DEBUG] [mixin/]: Processing prepare() for PlatformAgent[MixinPlatformAgentDefault:SecureJarResource(yungsextras)]
[26Jun2025 01:35:18.669] [main/DEBUG] [mixin/]: Registering mixin config: yungsextras.mixins.json
[26Jun2025 01:35:18.671] [main/DEBUG] [mixin/]: Registering mixin config: yungsextras_forge.mixins.json
[26Jun2025 01:35:18.673] [main/DEBUG] [mixin/]: Adding mixin platform agents for container SecureJarResource(tombstone)
[26Jun2025 01:35:18.673] [main/DEBUG] [mixin/]: Instancing new MixinPlatformAgentMinecraftForge for SecureJarResource(tombstone)
[26Jun2025 01:35:18.673] [main/DEBUG] [mixin/]: MixinPlatformAgentMinecraftForge rejected container SecureJarResource(tombstone)
[26Jun2025 01:35:18.674] [main/DEBUG] [mixin/]: Instancing new MixinPlatformAgentDefault for SecureJarResource(tombstone)
[26Jun2025 01:35:18.674] [main/DEBUG] [mixin/]: MixinPlatformAgentDefault accepted container SecureJarResource(tombstone)
[26Jun2025 01:35:18.674] [main/DEBUG] [mixin/]: Processing prepare() for PlatformAgent[MixinPlatformAgentDefault:SecureJarResource(tombstone)]
[26Jun2025 01:35:18.674] [main/DEBUG] [mixin/]: Registering mixin config: tombstone.mixins.json
[26Jun2025 01:35:18.675] [main/DEBUG] [mixin/]: Adding mixin platform agents for container SecureJarResource(betterstrongholds)
[26Jun2025 01:35:18.675] [main/DEBUG] [mixin/]: Instancing new MixinPlatformAgentMinecraftForge for SecureJarResource(betterstrongholds)
[26Jun2025 01:35:18.675] [main/DEBUG] [mixin/]: MixinPlatformAgentMinecraftForge rejected container SecureJarResource(betterstrongholds)
[26Jun2025 01:35:18.675] [main/DEBUG] [mixin/]: Instancing new MixinPlatformAgentDefault for SecureJarResource(betterstrongholds)
[26Jun2025 01:35:18.675] [main/DEBUG] [mixin/]: MixinPlatformAgentDefault accepted container SecureJarResource(betterstrongholds)
[26Jun2025 01:35:18.675] [main/DEBUG] [mixin/]: Processing prepare() for PlatformAgent[MixinPlatformAgentDefault:SecureJarResource(betterstrongholds)]
[26Jun2025 01:35:18.675] [main/DEBUG] [mixin/]: Registering mixin config: betterstrongholds.mixins.json
[26Jun2025 01:35:18.680] [main/DEBUG] [mixin/]: Registering mixin config: betterstrongholds_forge.mixins.json
[26Jun2025 01:35:18.681] [main/DEBUG] [mixin/]: Adding mixin platform agents for container SecureJarResource(resourcefullib)
[26Jun2025 01:35:18.682] [main/DEBUG] [mixin/]: Instancing new MixinPlatformAgentMinecraftForge for SecureJarResource(resourcefullib)
[26Jun2025 01:35:18.682] [main/DEBUG] [mixin/]: MixinPlatformAgentMinecraftForge rejected container SecureJarResource(resourcefullib)
[26Jun2025 01:35:18.682] [main/DEBUG] [mixin/]: Instancing new MixinPlatformAgentDefault for SecureJarResource(resourcefullib)
[26Jun2025 01:35:18.682] [main/DEBUG] [mixin/]: MixinPlatformAgentDefault accepted container SecureJarResource(resourcefullib)
[26Jun2025 01:35:18.682] [main/DEBUG] [mixin/]: Processing prepare() for PlatformAgent[MixinPlatformAgentDefault:SecureJarResource(resourcefullib)]
[26Jun2025 01:35:18.682] [main/DEBUG] [mixin/]: Adding mixin platform agents for container SecureJarResource(architectury)
[26Jun2025 01:35:18.682] [main/DEBUG] [mixin/]: Instancing new MixinPlatformAgentMinecraftForge for SecureJarResource(architectury)
[26Jun2025 01:35:18.682] [main/DEBUG] [mixin/]: MixinPlatformAgentMinecraftForge rejected container SecureJarResource(architectury)
[26Jun2025 01:35:18.682] [main/DEBUG] [mixin/]: Instancing new MixinPlatformAgentDefault for SecureJarResource(architectury)
[26Jun2025 01:35:18.682] [main/DEBUG] [mixin/]: MixinPlatformAgentDefault accepted container SecureJarResource(architectury)
[26Jun2025 01:35:18.682] [main/DEBUG] [mixin/]: Processing prepare() for PlatformAgent[MixinPlatformAgentDefault:SecureJarResource(architectury)]
[26Jun2025 01:35:18.682] [main/DEBUG] [mixin/]: Registering mixin config: architectury.mixins.json
[26Jun2025 01:35:18.687] [main/DEBUG] [mixin/]: Compatibility level JAVA_16 specified by architectury.mixins.json is higher than the maximum level supported by this version of mixin (JAVA_13).
[26Jun2025 01:35:18.687] [main/DEBUG] [mixin/]: Registering mixin config: architectury-common.mixins.json
[26Jun2025 01:35:18.692] [main/DEBUG] [mixin/]: Compatibility level JAVA_16 specified by architectury-common.mixins.json is higher than the maximum level supported by this version of mixin (JAVA_13).
[26Jun2025 01:35:18.693] [main/DEBUG] [mixin/]: Adding mixin platform agents for container SecureJarResource(cupboard)
[26Jun2025 01:35:18.693] [main/DEBUG] [mixin/]: Instancing new MixinPlatformAgentMinecraftForge for SecureJarResource(cupboard)
[26Jun2025 01:35:18.693] [main/DEBUG] [mixin/]: MixinPlatformAgentMinecraftForge rejected container SecureJarResource(cupboard)
[26Jun2025 01:35:18.693] [main/DEBUG] [mixin/]: Instancing new MixinPlatformAgentDefault for SecureJarResource(cupboard)
[26Jun2025 01:35:18.693] [main/DEBUG] [mixin/]: MixinPlatformAgentDefault accepted container SecureJarResource(cupboard)
[26Jun2025 01:35:18.693] [main/DEBUG] [mixin/]: Processing prepare() for PlatformAgent[MixinPlatformAgentDefault:SecureJarResource(cupboard)]
[26Jun2025 01:35:18.693] [main/DEBUG] [mixin/]: Registering mixin config: cupboard.mixins.json
[26Jun2025 01:35:18.696] [main/DEBUG] [mixin/]: Adding mixin platform agents for container SecureJarResource(mcwfurnitures)
[26Jun2025 01:35:18.696] [main/DEBUG] [mixin/]: Instancing new MixinPlatformAgentMinecraftForge for SecureJarResource(mcwfurnitures)
[26Jun2025 01:35:18.696] [main/DEBUG] [mixin/]: MixinPlatformAgentMinecraftForge rejected container SecureJarResource(mcwfurnitures)
[26Jun2025 01:35:18.696] [main/DEBUG] [mixin/]: Instancing new MixinPlatformAgentDefault for SecureJarResource(mcwfurnitures)
[26Jun2025 01:35:18.697] [main/DEBUG] [mixin/]: MixinPlatformAgentDefault accepted container SecureJarResource(mcwfurnitures)
[26Jun2025 01:35:18.697] [main/DEBUG] [mixin/]: Processing prepare() for PlatformAgent[MixinPlatformAgentDefault:SecureJarResource(mcwfurnitures)]
[26Jun2025 01:35:18.697] [main/DEBUG] [mixin/]: Adding mixin platform agents for container SecureJarResource(lootintegrations_ctov)
[26Jun2025 01:35:18.697] [main/DEBUG] [mixin/]: Instancing new MixinPlatformAgentMinecraftForge for SecureJarResource(lootintegrations_ctov)
[26Jun2025 01:35:18.697] [main/DEBUG] [mixin/]: MixinPlatformAgentMinecraftForge rejected container SecureJarResource(lootintegrations_ctov)
[26Jun2025 01:35:18.697] [main/DEBUG] [mixin/]: Instancing new MixinPlatformAgentDefault for SecureJarResource(lootintegrations_ctov)
[26Jun2025 01:35:18.697] [main/DEBUG] [mixin/]: MixinPlatformAgentDefault accepted container SecureJarResource(lootintegrations_ctov)
[26Jun2025 01:35:18.697] [main/DEBUG] [mixin/]: Processing prepare() for PlatformAgent[MixinPlatformAgentDefault:SecureJarResource(lootintegrations_ctov)]
[26Jun2025 01:35:18.697] [main/DEBUG] [mixin/]: Adding mixin platform agents for container SecureJarResource(betterendisland)
[26Jun2025 01:35:18.698] [main/DEBUG] [mixin/]: Instancing new MixinPlatformAgentMinecraftForge for SecureJarResource(betterendisland)
[26Jun2025 01:35:18.698] [main/DEBUG] [mixin/]: MixinPlatformAgentMinecraftForge rejected container SecureJarResource(betterendisland)
[26Jun2025 01:35:18.698] [main/DEBUG] [mixin/]: Instancing new MixinPlatformAgentDefault for SecureJarResource(betterendisland)
[26Jun2025 01:35:18.698] [main/DEBUG] [mixin/]: MixinPlatformAgentDefault accepted container SecureJarResource(betterendisland)
[26Jun2025 01:35:18.698] [main/DEBUG] [mixin/]: Processing prepare() for PlatformAgent[MixinPlatformAgentDefault:SecureJarResource(betterendisland)]
[26Jun2025 01:35:18.698] [main/DEBUG] [mixin/]: Registering mixin config: betterendisland.mixins.json
[26Jun2025 01:35:18.703] [main/DEBUG] [mixin/]: Registering mixin config: betterendisland_forge.mixins.json
[26Jun2025 01:35:18.705] [main/DEBUG] [mixin/]: Adding mixin platform agents for container SecureJarResource(lootintegrations_moog)
[26Jun2025 01:35:18.705] [main/DEBUG] [mixin/]: Instancing new MixinPlatformAgentMinecraftForge for SecureJarResource(lootintegrations_moog)
[26Jun2025 01:35:18.705] [main/DEBUG] [mixin/]: MixinPlatformAgentMinecraftForge rejected container SecureJarResource(lootintegrations_moog)
[26Jun2025 01:35:18.705] [main/DEBUG] [mixin/]: Instancing new MixinPlatformAgentDefault for SecureJarResource(lootintegrations_moog)
[26Jun2025 01:35:18.705] [main/DEBUG] [mixin/]: MixinPlatformAgentDefault accepted container SecureJarResource(lootintegrations_moog)
[26Jun2025 01:35:18.705] [main/DEBUG] [mixin/]: Processing prepare() for PlatformAgent[MixinPlatformAgentDefault:SecureJarResource(lootintegrations_moog)]
[26Jun2025 01:35:18.705] [main/DEBUG] [mixin/]: Adding mixin platform agents for container SecureJarResource(fastleafdecay)
[26Jun2025 01:35:18.706] [main/DEBUG] [mixin/]: Instancing new MixinPlatformAgentMinecraftForge for SecureJarResource(fastleafdecay)
[26Jun2025 01:35:18.706] [main/DEBUG] [mixin/]: MixinPlatformAgentMinecraftForge rejected container SecureJarResource(fastleafdecay)
[26Jun2025 01:35:18.706] [main/DEBUG] [mixin/]: Instancing new MixinPlatformAgentDefault for SecureJarResource(fastleafdecay)
[26Jun2025 01:35:18.706] [main/DEBUG] [mixin/]: MixinPlatformAgentDefault accepted container SecureJarResource(fastleafdecay)
[26Jun2025 01:35:18.706] [main/DEBUG] [mixin/]: Processing prepare() for PlatformAgent[MixinPlatformAgentDefault:SecureJarResource(fastleafdecay)]
[26Jun2025 01:35:18.706] [main/DEBUG] [mixin/]: Adding mixin platform agents for container SecureJarResource(bettermineshafts)
[26Jun2025 01:35:18.706] [main/DEBUG] [mixin/]: Instancing new MixinPlatformAgentMinecraftForge for SecureJarResource(bettermineshafts)
[26Jun2025 01:35:18.706] [main/DEBUG] [mixin/]: MixinPlatformAgentMinecraftForge rejected container SecureJarResource(bettermineshafts)
[26Jun2025 01:35:18.706] [main/DEBUG] [mixin/]: Instancing new MixinPlatformAgentDefault for SecureJarResource(bettermineshafts)
[26Jun2025 01:35:18.706] [main/DEBUG] [mixin/]: MixinPlatformAgentDefault accepted container SecureJarResource(bettermineshafts)
[26Jun2025 01:35:18.707] [main/DEBUG] [mixin/]: Processing prepare() for PlatformAgent[MixinPlatformAgentDefault:SecureJarResource(bettermineshafts)]
[26Jun2025 01:35:18.707] [main/DEBUG] [mixin/]: Registering mixin config: bettermineshafts.mixins.json
[26Jun2025 01:35:18.712] [main/DEBUG] [mixin/]: Registering mixin config: bettermineshafts_forge.mixins.json
[26Jun2025 01:35:18.716] [main/DEBUG] [mixin/]: Adding mixin platform agents for container SecureJarResource(geckolib3)
[26Jun2025 01:35:18.716] [main/DEBUG] [mixin/]: Instancing new MixinPlatformAgentMinecraftForge for SecureJarResource(geckolib3)
[26Jun2025 01:35:18.716] [main/DEBUG] [mixin/]: MixinPlatformAgentMinecraftForge rejected container SecureJarResource(geckolib3)
[26Jun2025 01:35:18.717] [main/DEBUG] [mixin/]: Instancing new MixinPlatformAgentDefault for SecureJarResource(geckolib3)
[26Jun2025 01:35:18.718] [main/DEBUG] [mixin/]: MixinPlatformAgentDefault accepted container SecureJarResource(geckolib3)
[26Jun2025 01:35:18.718] [main/DEBUG] [mixin/]: Processing prepare() for PlatformAgent[MixinPlatformAgentDefault:SecureJarResource(geckolib3)]
[26Jun2025 01:35:18.718] [main/DEBUG] [mixin/]: Adding mixin platform agents for container SecureJarResource(mcwlights)
[26Jun2025 01:35:18.718] [main/DEBUG] [mixin/]: Instancing new MixinPlatformAgentMinecraftForge for SecureJarResource(mcwlights)
[26Jun2025 01:35:18.718] [main/DEBUG] [mixin/]: MixinPlatformAgentMinecraftForge rejected container SecureJarResource(mcwlights)
[26Jun2025 01:35:18.718] [main/DEBUG] [mixin/]: Instancing new MixinPlatformAgentDefault for SecureJarResource(mcwlights)
[26Jun2025 01:35:18.718] [main/DEBUG] [mixin/]: MixinPlatformAgentDefault accepted container SecureJarResource(mcwlights)
[26Jun2025 01:35:18.718] [main/DEBUG] [mixin/]: Processing prepare() for PlatformAgent[MixinPlatformAgentDefault:SecureJarResource(mcwlights)]
[26Jun2025 01:35:18.718] [main/DEBUG] [mixin/]: Adding mixin platform agents for container SecureJarResource(betterjungletemples)
[26Jun2025 01:35:18.718] [main/DEBUG] [mixin/]: Instancing new MixinPlatformAgentMinecraftForge for SecureJarResource(betterjungletemples)
[26Jun2025 01:35:18.718] [main/DEBUG] [mixin/]: MixinPlatformAgentMinecraftForge rejected container SecureJarResource(betterjungletemples)
[26Jun2025 01:35:18.718] [main/DEBUG] [mixin/]: Instancing new MixinPlatformAgentDefault for SecureJarResource(betterjungletemples)
[26Jun2025 01:35:18.718] [main/DEBUG] [mixin/]: MixinPlatformAgentDefault accepted container SecureJarResource(betterjungletemples)
[26Jun2025 01:35:18.718] [main/DEBUG] [mixin/]: Processing prepare() for PlatformAgent[MixinPlatformAgentDefault:SecureJarResource(betterjungletemples)]
[26Jun2025 01:35:18.718] [main/DEBUG] [mixin/]: Registering mixin config: betterjungletemples.mixins.json
[26Jun2025 01:35:18.720] [main/DEBUG] [mixin/]: Registering mixin config: betterjungletemples_forge.mixins.json
[26Jun2025 01:35:18.724] [main/DEBUG] [mixin/]: Adding mixin platform agents for container SecureJarResource(arcane_abilities)
[26Jun2025 01:35:18.724] [main/DEBUG] [mixin/]: Instancing new MixinPlatformAgentMinecraftForge for SecureJarResource(arcane_abilities)
[26Jun2025 01:35:18.724] [main/DEBUG] [mixin/]: MixinPlatformAgentMinecraftForge rejected container SecureJarResource(arcane_abilities)
[26Jun2025 01:35:18.724] [main/DEBUG] [mixin/]: Instancing new MixinPlatformAgentDefault for SecureJarResource(arcane_abilities)
[26Jun2025 01:35:18.724] [main/DEBUG] [mixin/]: MixinPlatformAgentDefault accepted container SecureJarResource(arcane_abilities)
[26Jun2025 01:35:18.725] [main/DEBUG] [mixin/]: Processing prepare() for PlatformAgent[MixinPlatformAgentDefault:SecureJarResource(arcane_abilities)]
[26Jun2025 01:35:18.725] [main/DEBUG] [mixin/]: Registering mixin config: arcane_abilities.mixins.json
[26Jun2025 01:35:18.727] [main/DEBUG] [mixin/]: Compatibility level JAVA_8 specified by arcane_abilities.mixins.json is lower than the default level supported by the current mixin service (JAVA_16).
[26Jun2025 01:35:18.728] [main/DEBUG] [mixin/]: Adding mixin platform agents for container SecureJarResource(expore)
[26Jun2025 01:35:18.728] [main/DEBUG] [mixin/]: Instancing new MixinPlatformAgentMinecraftForge for SecureJarResource(expore)
[26Jun2025 01:35:18.728] [main/DEBUG] [mixin/]: MixinPlatformAgentMinecraftForge rejected container SecureJarResource(expore)
[26Jun2025 01:35:18.728] [main/DEBUG] [mixin/]: Instancing new MixinPlatformAgentDefault for SecureJarResource(expore)
[26Jun2025 01:35:18.728] [main/DEBUG] [mixin/]: MixinPlatformAgentDefault accepted container SecureJarResource(expore)
[26Jun2025 01:35:18.729] [main/DEBUG] [mixin/]: Processing prepare() for PlatformAgent[MixinPlatformAgentDefault:SecureJarResource(expore)]
[26Jun2025 01:35:18.729] [main/DEBUG] [mixin/]: Adding mixin platform agents for container SecureJarResource(octolib)
[26Jun2025 01:35:18.729] [main/DEBUG] [mixin/]: Instancing new MixinPlatformAgentMinecraftForge for SecureJarResource(octolib)
[26Jun2025 01:35:18.729] [main/DEBUG] [mixin/]: MixinPlatformAgentMinecraftForge rejected container SecureJarResource(octolib)
[26Jun2025 01:35:18.729] [main/DEBUG] [mixin/]: Instancing new MixinPlatformAgentDefault for SecureJarResource(octolib)
[26Jun2025 01:35:18.729] [main/DEBUG] [mixin/]: MixinPlatformAgentDefault accepted container SecureJarResource(octolib)
[26Jun2025 01:35:18.729] [main/DEBUG] [mixin/]: Processing prepare() for PlatformAgent[MixinPlatformAgentDefault:SecureJarResource(octolib)]
[26Jun2025 01:35:18.729] [main/DEBUG] [mixin/]: Registering mixin config: octolib.mixins.json
[26Jun2025 01:35:18.732] [main/DEBUG] [mixin/]: Compatibility level JAVA_8 specified by octolib.mixins.json is lower than the default level supported by the current mixin service (JAVA_16).
[26Jun2025 01:35:18.732] [main/DEBUG] [mixin/]: Adding mixin platform agents for container SecureJarResource(easymagic)
[26Jun2025 01:35:18.732] [main/DEBUG] [mixin/]: Instancing new MixinPlatformAgentMinecraftForge for SecureJarResource(easymagic)
[26Jun2025 01:35:18.732] [main/DEBUG] [mixin/]: MixinPlatformAgentMinecraftForge rejected container SecureJarResource(easymagic)
[26Jun2025 01:35:18.732] [main/DEBUG] [mixin/]: Instancing new MixinPlatformAgentDefault for SecureJarResource(easymagic)
[26Jun2025 01:35:18.732] [main/DEBUG] [mixin/]: MixinPlatformAgentDefault accepted container SecureJarResource(easymagic)
[26Jun2025 01:35:18.732] [main/DEBUG] [mixin/]: Processing prepare() for PlatformAgent[MixinPlatformAgentDefault:SecureJarResource(easymagic)]
[26Jun2025 01:35:18.732] [main/DEBUG] [mixin/]: Registering mixin config: easymagic.common.mixins.json
[26Jun2025 01:35:18.735] [main/DEBUG] [mixin/]: Adding mixin platform agents for container SecureJarResource(jei)
[26Jun2025 01:35:18.735] [main/DEBUG] [mixin/]: Instancing new MixinPlatformAgentMinecraftForge for SecureJarResource(jei)
[26Jun2025 01:35:18.735] [main/DEBUG] [mixin/]: MixinPlatformAgentMinecraftForge rejected container SecureJarResource(jei)
[26Jun2025 01:35:18.735] [main/DEBUG] [mixin/]: Instancing new MixinPlatformAgentDefault for SecureJarResource(jei)
[26Jun2025 01:35:18.735] [main/DEBUG] [mixin/]: MixinPlatformAgentDefault accepted container SecureJarResource(jei)
[26Jun2025 01:35:18.735] [main/DEBUG] [mixin/]: Processing prepare() for PlatformAgent[MixinPlatformAgentDefault:SecureJarResource(jei)]
[26Jun2025 01:35:18.735] [main/DEBUG] [mixin/]: Adding mixin platform agents for container SecureJarResource(obscure_api)
[26Jun2025 01:35:18.735] [main/DEBUG] [mixin/]: Instancing new MixinPlatformAgentMinecraftForge for SecureJarResource(obscure_api)
[26Jun2025 01:35:18.735] [main/DEBUG] [mixin/]: MixinPlatformAgentMinecraftForge rejected container SecureJarResource(obscure_api)
[26Jun2025 01:35:18.735] [main/DEBUG] [mixin/]: Instancing new MixinPlatformAgentDefault for SecureJarResource(obscure_api)
[26Jun2025 01:35:18.735] [main/DEBUG] [mixin/]: MixinPlatformAgentDefault accepted container SecureJarResource(obscure_api)
[26Jun2025 01:35:18.736] [main/DEBUG] [mixin/]: Processing prepare() for PlatformAgent[MixinPlatformAgentDefault:SecureJarResource(obscure_api)]
[26Jun2025 01:35:18.736] [main/DEBUG] [mixin/]: Registering mixin config: obscure_api.mixins.json
[26Jun2025 01:35:18.738] [main/DEBUG] [mixin/]: Adding mixin platform agents for container SecureJarResource(upgrade_aquatic)
[26Jun2025 01:35:18.738] [main/DEBUG] [mixin/]: Instancing new MixinPlatformAgentMinecraftForge for SecureJarResource(upgrade_aquatic)
[26Jun2025 01:35:18.738] [main/DEBUG] [mixin/]: MixinPlatformAgentMinecraftForge rejected container SecureJarResource(upgrade_aquatic)
[26Jun2025 01:35:18.738] [main/DEBUG] [mixin/]: Instancing new MixinPlatformAgentDefault for SecureJarResource(upgrade_aquatic)
[26Jun2025 01:35:18.738] [main/DEBUG] [mixin/]: MixinPlatformAgentDefault accepted container SecureJarResource(upgrade_aquatic)
[26Jun2025 01:35:18.739] [main/DEBUG] [mixin/]: Processing prepare() for PlatformAgent[MixinPlatformAgentDefault:SecureJarResource(upgrade_aquatic)]
[26Jun2025 01:35:18.739] [main/DEBUG] [mixin/]: Registering mixin config: upgrade_aquatic.mixins.json
[26Jun2025 01:35:18.740] [main/DEBUG] [mixin/]: Adding mixin platform agents for container SecureJarResource(structorytowers)
[26Jun2025 01:35:18.741] [main/DEBUG] [mixin/]: Instancing new MixinPlatformAgentMinecraftForge for SecureJarResource(structorytowers)
[26Jun2025 01:35:18.741] [main/DEBUG] [mixin/]: MixinPlatformAgentMinecraftForge rejected container SecureJarResource(structorytowers)
[26Jun2025 01:35:18.741] [main/DEBUG] [mixin/]: Instancing new MixinPlatformAgentDefault for SecureJarResource(structorytowers)
[26Jun2025 01:35:18.741] [main/DEBUG] [mixin/]: MixinPlatformAgentDefault accepted container SecureJarResource(structorytowers)
[26Jun2025 01:35:18.741] [main/DEBUG] [mixin/]: Processing prepare() for PlatformAgent[MixinPlatformAgentDefault:SecureJarResource(structorytowers)]
[26Jun2025 01:35:18.741] [main/DEBUG] [mixin/]: Adding mixin platform agents for container SecureJarResource(realmrpg_skeletons)
[26Jun2025 01:35:18.741] [main/DEBUG] [mixin/]: Instancing new MixinPlatformAgentMinecraftForge for SecureJarResource(realmrpg_skeletons)
[26Jun2025 01:35:18.741] [main/DEBUG] [mixin/]: MixinPlatformAgentMinecraftForge rejected container SecureJarResource(realmrpg_skeletons)
[26Jun2025 01:35:18.741] [main/DEBUG] [mixin/]: Instancing new MixinPlatformAgentDefault for SecureJarResource(realmrpg_skeletons)
[26Jun2025 01:35:18.741] [main/DEBUG] [mixin/]: MixinPlatformAgentDefault accepted container SecureJarResource(realmrpg_skeletons)
[26Jun2025 01:35:18.741] [main/DEBUG] [mixin/]: Processing prepare() for PlatformAgent[MixinPlatformAgentDefault:SecureJarResource(realmrpg_skeletons)]
[26Jun2025 01:35:18.741] [main/DEBUG] [mixin/]: Adding mixin platform agents for container SecureJarResource(mcwpaintings)
[26Jun2025 01:35:18.741] [main/DEBUG] [mixin/]: Instancing new MixinPlatformAgentMinecraftForge for SecureJarResource(mcwpaintings)
[26Jun2025 01:35:18.741] [main/DEBUG] [mixin/]: MixinPlatformAgentMinecraftForge rejected container SecureJarResource(mcwpaintings)
[26Jun2025 01:35:18.741] [main/DEBUG] [mixin/]: Instancing new MixinPlatformAgentDefault for SecureJarResource(mcwpaintings)
[26Jun2025 01:35:18.741] [main/DEBUG] [mixin/]: MixinPlatformAgentDefault accepted container SecureJarResource(mcwpaintings)
[26Jun2025 01:35:18.741] [main/DEBUG] [mixin/]: Processing prepare() for PlatformAgent[MixinPlatformAgentDefault:SecureJarResource(mcwpaintings)]
[26Jun2025 01:35:18.742] [main/DEBUG] [mixin/]: Adding mixin platform agents for container SecureJarResource(structory)
[26Jun2025 01:35:18.742] [main/DEBUG] [mixin/]: Instancing new MixinPlatformAgentMinecraftForge for SecureJarResource(structory)
[26Jun2025 01:35:18.742] [main/DEBUG] [mixin/]: MixinPlatformAgentMinecraftForge rejected container SecureJarResource(structory)
[26Jun2025 01:35:18.742] [main/DEBUG] [mixin/]: Instancing new MixinPlatformAgentDefault for SecureJarResource(structory)
[26Jun2025 01:35:18.742] [main/DEBUG] [mixin/]: MixinPlatformAgentDefault accepted container SecureJarResource(structory)
[26Jun2025 01:35:18.742] [main/DEBUG] [mixin/]: Processing prepare() for PlatformAgent[MixinPlatformAgentDefault:SecureJarResource(structory)]
[26Jun2025 01:35:18.743] [main/DEBUG] [mixin/]: Adding mixin platform agents for container SecureJarResource(journeymap)
[26Jun2025 01:35:18.743] [main/DEBUG] [mixin/]: Instancing new MixinPlatformAgentMinecraftForge for SecureJarResource(journeymap)
[26Jun2025 01:35:18.743] [main/DEBUG] [mixin/]: MixinPlatformAgentMinecraftForge rejected container SecureJarResource(journeymap)
[26Jun2025 01:35:18.743] [main/DEBUG] [mixin/]: Instancing new MixinPlatformAgentDefault for SecureJarResource(journeymap)
[26Jun2025 01:35:18.743] [main/DEBUG] [mixin/]: MixinPlatformAgentDefault accepted container SecureJarResource(journeymap)
[26Jun2025 01:35:18.743] [main/DEBUG] [mixin/]: Processing prepare() for PlatformAgent[MixinPlatformAgentDefault:SecureJarResource(journeymap)]
[26Jun2025 01:35:18.743] [main/DEBUG] [mixin/]: Registering mixin config: journeymap.mixins.json
[26Jun2025 01:35:18.744] [main/DEBUG] [mixin/]: Adding mixin platform agents for container SecureJarResource(artifacts)
[26Jun2025 01:35:18.746] [main/DEBUG] [mixin/]: Instancing new MixinPlatformAgentMinecraftForge for SecureJarResource(artifacts)
[26Jun2025 01:35:18.746] [main/DEBUG] [mixin/]: MixinPlatformAgentMinecraftForge rejected container SecureJarResource(artifacts)
[26Jun2025 01:35:18.746] [main/DEBUG] [mixin/]: Instancing new MixinPlatformAgentDefault for SecureJarResource(artifacts)
[26Jun2025 01:35:18.747] [main/DEBUG] [mixin/]: MixinPlatformAgentDefault accepted container SecureJarResource(artifacts)
[26Jun2025 01:35:18.747] [main/DEBUG] [mixin/]: Processing prepare() for PlatformAgent[MixinPlatformAgentDefault:SecureJarResource(artifacts)]
[26Jun2025 01:35:18.747] [main/DEBUG] [mixin/]: Registering mixin config: mixins.artifacts.json
[26Jun2025 01:35:18.748] [main/DEBUG] [mixin/]: Compatibility level JAVA_8 specified by mixins.artifacts.json is lower than the default level supported by the current mixin service (JAVA_16).
[26Jun2025 01:35:18.748] [main/DEBUG] [mixin/]: Adding mixin platform agents for container SecureJarResource(breezy)
[26Jun2025 01:35:18.748] [main/DEBUG] [mixin/]: Instancing new MixinPlatformAgentMinecraftForge for SecureJarResource(breezy)
[26Jun2025 01:35:18.749] [main/DEBUG] [mixin/]: MixinPlatformAgentMinecraftForge rejected container SecureJarResource(breezy)
[26Jun2025 01:35:18.749] [main/DEBUG] [mixin/]: Instancing new MixinPlatformAgentDefault for SecureJarResource(breezy)
[26Jun2025 01:35:18.749] [main/DEBUG] [mixin/]: MixinPlatformAgentDefault accepted container SecureJarResource(breezy)
[26Jun2025 01:35:18.749] [main/DEBUG] [mixin/]: Processing prepare() for PlatformAgent[MixinPlatformAgentDefault:SecureJarResource(breezy)]
[26Jun2025 01:35:18.749] [main/DEBUG] [mixin/]: Registering mixin config: breezy.mixins.json
[26Jun2025 01:35:18.750] [main/DEBUG] [mixin/]: Adding mixin platform agents for container SecureJarResource(untamedwilds)
[26Jun2025 01:35:18.750] [main/DEBUG] [mixin/]: Instancing new MixinPlatformAgentMinecraftForge for SecureJarResource(untamedwilds)
[26Jun2025 01:35:18.750] [main/DEBUG] [mixin/]: MixinPlatformAgentMinecraftForge rejected container SecureJarResource(untamedwilds)
[26Jun2025 01:35:18.750] [main/DEBUG] [mixin/]: Instancing new MixinPlatformAgentDefault for SecureJarResource(untamedwilds)
[26Jun2025 01:35:18.750] [main/DEBUG] [mixin/]: MixinPlatformAgentDefault accepted container SecureJarResource(untamedwilds)
[26Jun2025 01:35:18.750] [main/DEBUG] [mixin/]: Processing prepare() for PlatformAgent[MixinPlatformAgentDefault:SecureJarResource(untamedwilds)]
[26Jun2025 01:35:18.750] [main/DEBUG] [mixin/]: Registering mixin config: untamedwilds.mixins.json
[26Jun2025 01:35:18.751] [main/DEBUG] [mixin/]: Compatibility level JAVA_8 specified by untamedwilds.mixins.json is lower than the default level supported by the current mixin service (JAVA_16).
[26Jun2025 01:35:18.752] [main/DEBUG] [mixin/]: Adding mixin platform agents for container SecureJarResource(betteranimalsplus)
[26Jun2025 01:35:18.752] [main/DEBUG] [mixin/]: Instancing new MixinPlatformAgentMinecraftForge for SecureJarResource(betteranimalsplus)
[26Jun2025 01:35:18.752] [main/DEBUG] [mixin/]: MixinPlatformAgentMinecraftForge rejected container SecureJarResource(betteranimalsplus)
[26Jun2025 01:35:18.752] [main/DEBUG] [mixin/]: Instancing new MixinPlatformAgentDefault for SecureJarResource(betteranimalsplus)
[26Jun2025 01:35:18.752] [main/DEBUG] [mixin/]: MixinPlatformAgentDefault accepted container SecureJarResource(betteranimalsplus)
[26Jun2025 01:35:18.752] [main/DEBUG] [mixin/]: Processing prepare() for PlatformAgent[MixinPlatformAgentDefault:SecureJarResource(betteranimalsplus)]
[26Jun2025 01:35:18.752] [main/DEBUG] [mixin/]: Registering mixin config: mixin.imdlib-betteranimalsplus.json
[26Jun2025 01:35:18.754] [main/DEBUG] [mixin/]: Registering mixin config: betteranimalsplus.mixins.json
[26Jun2025 01:35:18.757] [main/DEBUG] [mixin/]: Registering mixin config: betteranimalsplus-forge.mixins.json
[26Jun2025 01:35:18.759] [main/DEBUG] [mixin/]: Adding mixin platform agents for container SecureJarResource(midnightlib)
[26Jun2025 01:35:18.759] [main/DEBUG] [mixin/]: Instancing new MixinPlatformAgentMinecraftForge for SecureJarResource(midnightlib)
[26Jun2025 01:35:18.759] [main/DEBUG] [mixin/]: MixinPlatformAgentMinecraftForge rejected container SecureJarResource(midnightlib)
[26Jun2025 01:35:18.759] [main/DEBUG] [mixin/]: Instancing new MixinPlatformAgentDefault for SecureJarResource(midnightlib)
[26Jun2025 01:35:18.759] [main/DEBUG] [mixin/]: MixinPlatformAgentDefault accepted container SecureJarResource(midnightlib)
[26Jun2025 01:35:18.759] [main/DEBUG] [mixin/]: Processing prepare() for PlatformAgent[MixinPlatformAgentDefault:SecureJarResource(midnightlib)]
[26Jun2025 01:35:18.759] [main/DEBUG] [mixin/]: Registering mixin config: midnightlib.mixins.json
[26Jun2025 01:35:18.761] [main/DEBUG] [mixin/]: Adding mixin platform agents for container SecureJarResource(betterdeserttemples)
[26Jun2025 01:35:18.761] [main/DEBUG] [mixin/]: Instancing new MixinPlatformAgentMinecraftForge for SecureJarResource(betterdeserttemples)
[26Jun2025 01:35:18.761] [main/DEBUG] [mixin/]: MixinPlatformAgentMinecraftForge rejected container SecureJarResource(betterdeserttemples)
[26Jun2025 01:35:18.761] [main/DEBUG] [mixin/]: Instancing new MixinPlatformAgentDefault for SecureJarResource(betterdeserttemples)
[26Jun2025 01:35:18.761] [main/DEBUG] [mixin/]: MixinPlatformAgentDefault accepted container SecureJarResource(betterdeserttemples)
[26Jun2025 01:35:18.761] [main/DEBUG] [mixin/]: Processing prepare() for PlatformAgent[MixinPlatformAgentDefault:SecureJarResource(betterdeserttemples)]
[26Jun2025 01:35:18.761] [main/DEBUG] [mixin/]: Registering mixin config: betterdeserttemples.mixins.json
[26Jun2025 01:35:18.763] [main/DEBUG] [mixin/]: Registering mixin config: betterdeserttemples_forge.mixins.json
[26Jun2025 01:35:18.764] [main/DEBUG] [mixin/]: Adding mixin platform agents for container SecureJarResource(iceandfire)
[26Jun2025 01:35:18.764] [main/DEBUG] [mixin/]: Instancing new MixinPlatformAgentMinecraftForge for SecureJarResource(iceandfire)
[26Jun2025 01:35:18.764] [main/DEBUG] [mixin/]: MixinPlatformAgentMinecraftForge rejected container SecureJarResource(iceandfire)
[26Jun2025 01:35:18.764] [main/DEBUG] [mixin/]: Instancing new MixinPlatformAgentDefault for SecureJarResource(iceandfire)
[26Jun2025 01:35:18.764] [main/DEBUG] [mixin/]: MixinPlatformAgentDefault accepted container SecureJarResource(iceandfire)
[26Jun2025 01:35:18.764] [main/DEBUG] [mixin/]: Processing prepare() for PlatformAgent[MixinPlatformAgentDefault:SecureJarResource(iceandfire)]
[26Jun2025 01:35:18.764] [main/DEBUG] [mixin/]: Registering mixin config: iceandfire.mixins.json
[26Jun2025 01:35:18.766] [main/DEBUG] [mixin/]: Adding mixin platform agents for container SecureJarResource(blueprint)
[26Jun2025 01:35:18.766] [main/DEBUG] [mixin/]: Instancing new MixinPlatformAgentMinecraftForge for SecureJarResource(blueprint)
[26Jun2025 01:35:18.766] [main/DEBUG] [mixin/]: MixinPlatformAgentMinecraftForge rejected container SecureJarResource(blueprint)
[26Jun2025 01:35:18.766] [main/DEBUG] [mixin/]: Instancing new MixinPlatformAgentDefault for SecureJarResource(blueprint)
[26Jun2025 01:35:18.766] [main/DEBUG] [mixin/]: MixinPlatformAgentDefault accepted container SecureJarResource(blueprint)
[26Jun2025 01:35:18.766] [main/DEBUG] [mixin/]: Processing prepare() for PlatformAgent[MixinPlatformAgentDefault:SecureJarResource(blueprint)]
[26Jun2025 01:35:18.766] [main/DEBUG] [mixin/]: Registering mixin config: blueprint.mixins.json
[26Jun2025 01:35:18.767] [main/DEBUG] [mixin/]: Adding mixin platform agents for container SecureJarResource(unwrecked_ships_plus)
[26Jun2025 01:35:18.768] [main/DEBUG] [mixin/]: Instancing new MixinPlatformAgentMinecraftForge for SecureJarResource(unwrecked_ships_plus)
[26Jun2025 01:35:18.768] [main/DEBUG] [mixin/]: MixinPlatformAgentMinecraftForge rejected container SecureJarResource(unwrecked_ships_plus)
[26Jun2025 01:35:18.768] [main/DEBUG] [mixin/]: Instancing new MixinPlatformAgentDefault for SecureJarResource(unwrecked_ships_plus)
[26Jun2025 01:35:18.768] [main/DEBUG] [mixin/]: MixinPlatformAgentDefault accepted container SecureJarResource(unwrecked_ships_plus)
[26Jun2025 01:35:18.768] [main/DEBUG] [mixin/]: Processing prepare() for PlatformAgent[MixinPlatformAgentDefault:SecureJarResource(unwrecked_ships_plus)]
[26Jun2025 01:35:18.768] [main/DEBUG] [mixin/]: Adding mixin platform agents for container SecureJarResource(mr_hero_proof)
[26Jun2025 01:35:18.768] [main/DEBUG] [mixin/]: Instancing new MixinPlatformAgentMinecraftForge for SecureJarResource(mr_hero_proof)
[26Jun2025 01:35:18.768] [main/DEBUG] [mixin/]: MixinPlatformAgentMinecraftForge rejected container SecureJarResource(mr_hero_proof)
[26Jun2025 01:35:18.768] [main/DEBUG] [mixin/]: Instancing new MixinPlatformAgentDefault for SecureJarResource(mr_hero_proof)
[26Jun2025 01:35:18.768] [main/DEBUG] [mixin/]: MixinPlatformAgentDefault accepted container SecureJarResource(mr_hero_proof)
[26Jun2025 01:35:18.768] [main/DEBUG] [mixin/]: Processing prepare() for PlatformAgent[MixinPlatformAgentDefault:SecureJarResource(mr_hero_proof)]
[26Jun2025 01:35:18.768] [main/DEBUG] [mixin/]: Adding mixin platform agents for container SecureJarResource(forge)
[26Jun2025 01:35:18.768] [main/DEBUG] [mixin/]: Instancing new MixinPlatformAgentMinecraftForge for SecureJarResource(forge)
[26Jun2025 01:35:18.768] [main/DEBUG] [mixin/]: MixinPlatformAgentMinecraftForge rejected container SecureJarResource(forge)
[26Jun2025 01:35:18.768] [main/DEBUG] [mixin/]: Instancing new MixinPlatformAgentDefault for SecureJarResource(forge)
[26Jun2025 01:35:18.768] [main/DEBUG] [mixin/]: MixinPlatformAgentDefault accepted container SecureJarResource(forge)
[26Jun2025 01:35:18.768] [main/DEBUG] [mixin/]: Processing prepare() for PlatformAgent[MixinPlatformAgentDefault:SecureJarResource(forge)]
[26Jun2025 01:35:18.768] [main/DEBUG] [mixin/]: Adding mixin platform agents for container SecureJarResource(scuba_gear)
[26Jun2025 01:35:18.768] [main/DEBUG] [mixin/]: Instancing new MixinPlatformAgentMinecraftForge for SecureJarResource(scuba_gear)
[26Jun2025 01:35:18.768] [main/DEBUG] [mixin/]: MixinPlatformAgentMinecraftForge rejected container SecureJarResource(scuba_gear)
[26Jun2025 01:35:18.768] [main/DEBUG] [mixin/]: Instancing new MixinPlatformAgentDefault for SecureJarResource(scuba_gear)
[26Jun2025 01:35:18.768] [main/DEBUG] [mixin/]: MixinPlatformAgentDefault accepted container SecureJarResource(scuba_gear)
[26Jun2025 01:35:18.768] [main/DEBUG] [mixin/]: Processing prepare() for PlatformAgent[MixinPlatformAgentDefault:SecureJarResource(scuba_gear)]
[26Jun2025 01:35:18.769] [main/DEBUG] [mixin/]: Registering mixin config: scuba_gear.mixins.json
[26Jun2025 01:35:18.770] [main/DEBUG] [mixin/]: Adding mixin platform agents for container SecureJarResource(friendsandfoes)
[26Jun2025 01:35:18.770] [main/DEBUG] [mixin/]: Instancing new MixinPlatformAgentMinecraftForge for SecureJarResource(friendsandfoes)
[26Jun2025 01:35:18.770] [main/DEBUG] [mixin/]: MixinPlatformAgentMinecraftForge rejected container SecureJarResource(friendsandfoes)
[26Jun2025 01:35:18.770] [main/DEBUG] [mixin/]: Instancing new MixinPlatformAgentDefault for SecureJarResource(friendsandfoes)
[26Jun2025 01:35:18.770] [main/DEBUG] [mixin/]: MixinPlatformAgentDefault accepted container SecureJarResource(friendsandfoes)
[26Jun2025 01:35:18.770] [main/DEBUG] [mixin/]: Processing prepare() for PlatformAgent[MixinPlatformAgentDefault:SecureJarResource(friendsandfoes)]
[26Jun2025 01:35:18.770] [main/DEBUG] [mixin/]: Registering mixin config: friendsandfoes-common.mixins.json
[26Jun2025 01:35:18.772] [main/DEBUG] [mixin/]: Registering mixin config: friendsandfoes-forge.mixins.json
[26Jun2025 01:35:18.773] [main/DEBUG] [mixin/]: Adding mixin platform agents for container SecureJarResource(mcwpaths)
[26Jun2025 01:35:18.773] [main/DEBUG] [mixin/]: Instancing new MixinPlatformAgentMinecraftForge for SecureJarResource(mcwpaths)
[26Jun2025 01:35:18.773] [main/DEBUG] [mixin/]: MixinPlatformAgentMinecraftForge rejected container SecureJarResource(mcwpaths)
[26Jun2025 01:35:18.773] [main/DEBUG] [mixin/]: Instancing new MixinPlatformAgentDefault for SecureJarResource(mcwpaths)
[26Jun2025 01:35:18.773] [main/DEBUG] [mixin/]: MixinPlatformAgentDefault accepted container SecureJarResource(mcwpaths)
[26Jun2025 01:35:18.773] [main/DEBUG] [mixin/]: Processing prepare() for PlatformAgent[MixinPlatformAgentDefault:SecureJarResource(mcwpaths)]
[26Jun2025 01:35:18.773] [main/DEBUG] [mixin/]: Adding mixin platform agents for container SecureJarResource(barrows_brothers_mod)
[26Jun2025 01:35:18.773] [main/DEBUG] [mixin/]: Instancing new MixinPlatformAgentMinecraftForge for SecureJarResource(barrows_brothers_mod)
[26Jun2025 01:35:18.774] [main/DEBUG] [mixin/]: MixinPlatformAgentMinecraftForge rejected container SecureJarResource(barrows_brothers_mod)
[26Jun2025 01:35:18.774] [main/DEBUG] [mixin/]: Instancing new MixinPlatformAgentDefault for SecureJarResource(barrows_brothers_mod)
[26Jun2025 01:35:18.774] [main/DEBUG] [mixin/]: MixinPlatformAgentDefault accepted container SecureJarResource(barrows_brothers_mod)
[26Jun2025 01:35:18.774] [main/DEBUG] [mixin/]: Processing prepare() for PlatformAgent[MixinPlatformAgentDefault:SecureJarResource(barrows_brothers_mod)]
[26Jun2025 01:35:18.774] [main/DEBUG] [mixin/]: Adding mixin platform agents for container SecureJarResource(minecraft)
[26Jun2025 01:35:18.774] [main/DEBUG] [mixin/]: Instancing new MixinPlatformAgentMinecraftForge for SecureJarResource(minecraft)
[26Jun2025 01:35:18.774] [main/DEBUG] [mixin/]: MixinPlatformAgentMinecraftForge rejected container SecureJarResource(minecraft)
[26Jun2025 01:35:18.774] [main/DEBUG] [mixin/]: Instancing new MixinPlatformAgentDefault for SecureJarResource(minecraft)
[26Jun2025 01:35:18.774] [main/DEBUG] [mixin/]: MixinPlatformAgentDefault accepted container SecureJarResource(minecraft)
[26Jun2025 01:35:18.774] [main/DEBUG] [mixin/]: Processing prepare() for PlatformAgent[MixinPlatformAgentDefault:SecureJarResource(minecraft)]
[26Jun2025 01:35:18.774] [main/DEBUG] [mixin/]: Adding mixin platform agents for container SecureJarResource(moonlight)
[26Jun2025 01:35:18.774] [main/DEBUG] [mixin/]: Instancing new MixinPlatformAgentMinecraftForge for SecureJarResource(moonlight)
[26Jun2025 01:35:18.774] [main/DEBUG] [mixin/]: MixinPlatformAgentMinecraftForge rejected container SecureJarResource(moonlight)
[26Jun2025 01:35:18.774] [main/DEBUG] [mixin/]: Instancing new MixinPlatformAgentDefault for SecureJarResource(moonlight)
[26Jun2025 01:35:18.774] [main/DEBUG] [mixin/]: MixinPlatformAgentDefault accepted container SecureJarResource(moonlight)
[26Jun2025 01:35:18.774] [main/DEBUG] [mixin/]: Processing prepare() for PlatformAgent[MixinPlatformAgentDefault:SecureJarResource(moonlight)]
[26Jun2025 01:35:18.774] [main/DEBUG] [mixin/]: Registering mixin config: moonlight-common.mixins.json
[26Jun2025 01:35:18.775] [main/DEBUG] [mixin/]: Registering mixin config: moonlight.mixins.json
[26Jun2025 01:35:18.776] [main/DEBUG] [mixin/]: Adding mixin platform agents for container SecureJarResource(terrablender)
[26Jun2025 01:35:18.777] [main/DEBUG] [mixin/]: Instancing new MixinPlatformAgentMinecraftForge for SecureJarResource(terrablender)
[26Jun2025 01:35:18.777] [main/DEBUG] [mixin/]: MixinPlatformAgentMinecraftForge rejected container SecureJarResource(terrablender)
[26Jun2025 01:35:18.777] [main/DEBUG] [mixin/]: Instancing new MixinPlatformAgentDefault for SecureJarResource(terrablender)
[26Jun2025 01:35:18.777] [main/DEBUG] [mixin/]: MixinPlatformAgentDefault accepted container SecureJarResource(terrablender)
[26Jun2025 01:35:18.777] [main/DEBUG] [mixin/]: Processing prepare() for PlatformAgent[MixinPlatformAgentDefault:SecureJarResource(terrablender)]
[26Jun2025 01:35:18.777] [main/DEBUG] [mixin/]: Registering mixin config: terrablender.mixins.json
[26Jun2025 01:35:18.778] [main/DEBUG] [mixin/]: Registering mixin config: terrablender_forge.mixins.json
[26Jun2025 01:35:18.780] [main/DEBUG] [mixin/]: Adding mixin platform agents for container SecureJarResource(jade)
[26Jun2025 01:35:18.780] [main/DEBUG] [mixin/]: Instancing new MixinPlatformAgentMinecraftForge for SecureJarResource(jade)
[26Jun2025 01:35:18.780] [main/DEBUG] [mixin/]: MixinPlatformAgentMinecraftForge rejected container SecureJarResource(jade)
[26Jun2025 01:35:18.780] [main/DEBUG] [mixin/]: Instancing new MixinPlatformAgentDefault for SecureJarResource(jade)
[26Jun2025 01:35:18.780] [main/DEBUG] [mixin/]: MixinPlatformAgentDefault accepted container SecureJarResource(jade)
[26Jun2025 01:35:18.780] [main/DEBUG] [mixin/]: Processing prepare() for PlatformAgent[MixinPlatformAgentDefault:SecureJarResource(jade)]
[26Jun2025 01:35:18.780] [main/DEBUG] [mixin/]: Adding mixin platform agents for container SecureJarResource(lootintegrations_yungs)
[26Jun2025 01:35:18.780] [main/DEBUG] [mixin/]: Instancing new MixinPlatformAgentMinecraftForge for SecureJarResource(lootintegrations_yungs)
[26Jun2025 01:35:18.780] [main/DEBUG] [mixin/]: MixinPlatformAgentMinecraftForge rejected container SecureJarResource(lootintegrations_yungs)
[26Jun2025 01:35:18.780] [main/DEBUG] [mixin/]: Instancing new MixinPlatformAgentDefault for SecureJarResource(lootintegrations_yungs)
[26Jun2025 01:35:18.780] [main/DEBUG] [mixin/]: MixinPlatformAgentDefault accepted container SecureJarResource(lootintegrations_yungs)
[26Jun2025 01:35:18.780] [main/DEBUG] [mixin/]: Processing prepare() for PlatformAgent[MixinPlatformAgentDefault:SecureJarResource(lootintegrations_yungs)]
[26Jun2025 01:35:18.780] [main/DEBUG] [mixin/]: Adding mixin platform agents for container SecureJarResource(kotlinforforge)
[26Jun2025 01:35:18.780] [main/DEBUG] [mixin/]: Instancing new MixinPlatformAgentMinecraftForge for SecureJarResource(kotlinforforge)
[26Jun2025 01:35:18.780] [main/DEBUG] [mixin/]: MixinPlatformAgentMinecraftForge rejected container SecureJarResource(kotlinforforge)
[26Jun2025 01:35:18.781] [main/DEBUG] [mixin/]: Instancing new MixinPlatformAgentDefault for SecureJarResource(kotlinforforge)
[26Jun2025 01:35:18.781] [main/DEBUG] [mixin/]: MixinPlatformAgentDefault accepted container SecureJarResource(kotlinforforge)
[26Jun2025 01:35:18.781] [main/DEBUG] [mixin/]: Processing prepare() for PlatformAgent[MixinPlatformAgentDefault:SecureJarResource(kotlinforforge)]
[26Jun2025 01:35:18.781] [main/DEBUG] [mixin/]: Adding mixin platform agents for container SecureJarResource(notenoughanimations)
[26Jun2025 01:35:18.781] [main/DEBUG] [mixin/]: Instancing new MixinPlatformAgentMinecraftForge for SecureJarResource(notenoughanimations)
[26Jun2025 01:35:18.781] [main/DEBUG] [mixin/]: MixinPlatformAgentMinecraftForge rejected container SecureJarResource(notenoughanimations)
[26Jun2025 01:35:18.781] [main/DEBUG] [mixin/]: Instancing new MixinPlatformAgentDefault for SecureJarResource(notenoughanimations)
[26Jun2025 01:35:18.781] [main/DEBUG] [mixin/]: MixinPlatformAgentDefault accepted container SecureJarResource(notenoughanimations)
[26Jun2025 01:35:18.781] [main/DEBUG] [mixin/]: Processing prepare() for PlatformAgent[MixinPlatformAgentDefault:SecureJarResource(notenoughanimations)]
[26Jun2025 01:35:18.781] [main/DEBUG] [mixin/]: Registering mixin config: notenoughanimations.mixins.json
[26Jun2025 01:35:18.782] [main/DEBUG] [mixin/]: Compatibility level JAVA_8 specified by notenoughanimations.mixins.json is lower than the default level supported by the current mixin service (JAVA_16).
[26Jun2025 01:35:18.782] [main/DEBUG] [mixin/]: Adding mixin platform agents for container SecureJarResource(entityculling)
[26Jun2025 01:35:18.783] [main/DEBUG] [mixin/]: Instancing new MixinPlatformAgentMinecraftForge for SecureJarResource(entityculling)
[26Jun2025 01:35:18.783] [main/DEBUG] [mixin/]: MixinPlatformAgentMinecraftForge rejected container SecureJarResource(entityculling)
[26Jun2025 01:35:18.783] [main/DEBUG] [mixin/]: Instancing new MixinPlatformAgentDefault for SecureJarResource(entityculling)
[26Jun2025 01:35:18.783] [main/DEBUG] [mixin/]: MixinPlatformAgentDefault accepted container SecureJarResource(entityculling)
[26Jun2025 01:35:18.783] [main/DEBUG] [mixin/]: Processing prepare() for PlatformAgent[MixinPlatformAgentDefault:SecureJarResource(entityculling)]
[26Jun2025 01:35:18.783] [main/DEBUG] [mixin/]: Registering mixin config: entityculling.mixins.json
[26Jun2025 01:35:18.784] [main/DEBUG] [mixin/]: Compatibility level JAVA_16 specified by entityculling.mixins.json is higher than the maximum level supported by this version of mixin (JAVA_13).
[26Jun2025 01:35:18.784] [main/DEBUG] [mixin/]: Adding mixin platform agents for container SecureJarResource(freecam)
[26Jun2025 01:35:18.784] [main/DEBUG] [mixin/]: Instancing new MixinPlatformAgentMinecraftForge for SecureJarResource(freecam)
[26Jun2025 01:35:18.784] [main/DEBUG] [mixin/]: MixinPlatformAgentMinecraftForge rejected container SecureJarResource(freecam)
[26Jun2025 01:35:18.784] [main/DEBUG] [mixin/]: Instancing new MixinPlatformAgentDefault for SecureJarResource(freecam)
[26Jun2025 01:35:18.784] [main/DEBUG] [mixin/]: MixinPlatformAgentDefault accepted container SecureJarResource(freecam)
[26Jun2025 01:35:18.784] [main/DEBUG] [mixin/]: Processing prepare() for PlatformAgent[MixinPlatformAgentDefault:SecureJarResource(freecam)]
[26Jun2025 01:35:18.784] [main/DEBUG] [mixin/]: Registering mixin config: freecam-common.mixins.json
[26Jun2025 01:35:18.785] [main/DEBUG] [mixin/]: Registering mixin config: freecam-forge.mixins.json
[26Jun2025 01:35:18.787] [main/DEBUG] [mixin/]: Adding mixin platform agents for container SecureJarResource(regrowth)
[26Jun2025 01:35:18.787] [main/DEBUG] [mixin/]: Instancing new MixinPlatformAgentMinecraftForge for SecureJarResource(regrowth)
[26Jun2025 01:35:18.787] [main/DEBUG] [mixin/]: MixinPlatformAgentMinecraftForge rejected container SecureJarResource(regrowth)
[26Jun2025 01:35:18.787] [main/DEBUG] [mixin/]: Instancing new MixinPlatformAgentDefault for SecureJarResource(regrowth)
[26Jun2025 01:35:18.787] [main/DEBUG] [mixin/]: MixinPlatformAgentDefault accepted container SecureJarResource(regrowth)
[26Jun2025 01:35:18.787] [main/DEBUG] [mixin/]: Processing prepare() for PlatformAgent[MixinPlatformAgentDefault:SecureJarResource(regrowth)]
[26Jun2025 01:35:18.787] [main/DEBUG] [mixin/]: Adding mixin platform agents for container SecureJarResource(immediatelyfast)
[26Jun2025 01:35:18.788] [main/DEBUG] [mixin/]: Instancing new MixinPlatformAgentMinecraftForge for SecureJarResource(immediatelyfast)
[26Jun2025 01:35:18.788] [main/DEBUG] [mixin/]: MixinPlatformAgentMinecraftForge rejected container SecureJarResource(immediatelyfast)
[26Jun2025 01:35:18.788] [main/DEBUG] [mixin/]: Instancing new MixinPlatformAgentDefault for SecureJarResource(immediatelyfast)
[26Jun2025 01:35:18.788] [main/DEBUG] [mixin/]: MixinPlatformAgentDefault accepted container SecureJarResource(immediatelyfast)
[26Jun2025 01:35:18.788] [main/DEBUG] [mixin/]: Processing prepare() for PlatformAgent[MixinPlatformAgentDefault:SecureJarResource(immediatelyfast)]
[26Jun2025 01:35:18.788] [main/DEBUG] [mixin/]: Registering mixin config: immediatelyfast-forge.mixins.json
[26Jun2025 01:35:18.790] [main/DEBUG] [mixin/]: Registering mixin config: immediatelyfast-common.mixins.json
[26Jun2025 01:35:18.791] [main/DEBUG] [mixin/]: Adding mixin platform agents for container SecureJarResource(appleskin)
[26Jun2025 01:35:18.791] [main/DEBUG] [mixin/]: Instancing new MixinPlatformAgentMinecraftForge for SecureJarResource(appleskin)
[26Jun2025 01:35:18.791] [main/DEBUG] [mixin/]: MixinPlatformAgentMinecraftForge rejected container SecureJarResource(appleskin)
[26Jun2025 01:35:18.791] [main/DEBUG] [mixin/]: Instancing new MixinPlatformAgentDefault for SecureJarResource(appleskin)
[26Jun2025 01:35:18.791] [main/DEBUG] [mixin/]: MixinPlatformAgentDefault accepted container SecureJarResource(appleskin)
[26Jun2025 01:35:18.791] [main/DEBUG] [mixin/]: Processing prepare() for PlatformAgent[MixinPlatformAgentDefault:SecureJarResource(appleskin)]
[26Jun2025 01:35:18.791] [main/DEBUG] [mixin/]: Adding mixin platform agents for container SecureJarResource(mvs)
[26Jun2025 01:35:18.791] [main/DEBUG] [mixin/]: Instancing new MixinPlatformAgentMinecraftForge for SecureJarResource(mvs)
[26Jun2025 01:35:18.791] [main/DEBUG] [mixin/]: MixinPlatformAgentMinecraftForge rejected container SecureJarResource(mvs)
[26Jun2025 01:35:18.791] [main/DEBUG] [mixin/]: Instancing new MixinPlatformAgentDefault for SecureJarResource(mvs)
[26Jun2025 01:35:18.791] [main/DEBUG] [mixin/]: MixinPlatformAgentDefault accepted container SecureJarResource(mvs)
[26Jun2025 01:35:18.791] [main/DEBUG] [mixin/]: Processing prepare() for PlatformAgent[MixinPlatformAgentDefault:SecureJarResource(mvs)]
[26Jun2025 01:35:18.791] [main/DEBUG] [mixin/]: Registering mixin config: mvs-common.mixins.json
[26Jun2025 01:35:18.793] [main/DEBUG] [mixin/]: Registering mixin config: mvs-forge.mixins.json
[26Jun2025 01:35:18.796] [main/DEBUG] [mixin/]: Adding mixin platform agents for container SecureJarResource(ferritecore)
[26Jun2025 01:35:18.796] [main/DEBUG] [mixin/]: Instancing new MixinPlatformAgentMinecraftForge for SecureJarResource(ferritecore)
[26Jun2025 01:35:18.796] [main/DEBUG] [mixin/]: MixinPlatformAgentMinecraftForge rejected container SecureJarResource(ferritecore)
[26Jun2025 01:35:18.796] [main/DEBUG] [mixin/]: Instancing new MixinPlatformAgentDefault for SecureJarResource(ferritecore)
[26Jun2025 01:35:18.796] [main/DEBUG] [mixin/]: MixinPlatformAgentDefault accepted container SecureJarResource(ferritecore)
[26Jun2025 01:35:18.796] [main/DEBUG] [mixin/]: Processing prepare() for PlatformAgent[MixinPlatformAgentDefault:SecureJarResource(ferritecore)]
[26Jun2025 01:35:18.796] [main/DEBUG] [mixin/]: Registering mixin config: ferritecore.predicates.mixin.json
[26Jun2025 01:35:18.798] [main/DEBUG] [mixin/]: Registering mixin config: ferritecore.fastmap.mixin.json
[26Jun2025 01:35:18.801] [main/DEBUG] [mixin/]: Registering mixin config: ferritecore.mrl.mixin.json
[26Jun2025 01:35:18.803] [main/DEBUG] [mixin/]: Registering mixin config: ferritecore.dedupmultipart.mixin.json
[26Jun2025 01:35:18.805] [main/DEBUG] [mixin/]: Registering mixin config: ferritecore.blockstatecache.mixin.json
[26Jun2025 01:35:18.806] [main/DEBUG] [mixin/]: Registering mixin config: ferritecore.dedupbakedquad.mixin.json
[26Jun2025 01:35:18.808] [main/DEBUG] [mixin/]: Registering mixin config: ferritecore.threaddetec.mixin.json
[26Jun2025 01:35:18.810] [main/DEBUG] [mixin/]: Adding mixin platform agents for container SecureJarResource(moremobvariants)
[26Jun2025 01:35:18.811] [main/DEBUG] [mixin/]: Instancing new MixinPlatformAgentMinecraftForge for SecureJarResource(moremobvariants)
[26Jun2025 01:35:18.811] [main/DEBUG] [mixin/]: MixinPlatformAgentMinecraftForge rejected container SecureJarResource(moremobvariants)
[26Jun2025 01:35:18.811] [main/DEBUG] [mixin/]: Instancing new MixinPlatformAgentDefault for SecureJarResource(moremobvariants)
[26Jun2025 01:35:18.811] [main/DEBUG] [mixin/]: MixinPlatformAgentDefault accepted container SecureJarResource(moremobvariants)
[26Jun2025 01:35:18.811] [main/DEBUG] [mixin/]: Processing prepare() for PlatformAgent[MixinPlatformAgentDefault:SecureJarResource(moremobvariants)]
[26Jun2025 01:35:18.811] [main/DEBUG] [mixin/]: Registering mixin config: moremobvariants.mixins.json
[26Jun2025 01:35:18.813] [main/DEBUG] [mixin/]: Adding mixin platform agents for container SecureJarResource(puzzleslib)
[26Jun2025 01:35:18.813] [main/DEBUG] [mixin/]: Instancing new MixinPlatformAgentMinecraftForge for SecureJarResource(puzzleslib)
[26Jun2025 01:35:18.813] [main/DEBUG] [mixin/]: MixinPlatformAgentMinecraftForge rejected container SecureJarResource(puzzleslib)
[26Jun2025 01:35:18.813] [main/DEBUG] [mixin/]: Instancing new MixinPlatformAgentDefault for SecureJarResource(puzzleslib)
[26Jun2025 01:35:18.813] [main/DEBUG] [mixin/]: MixinPlatformAgentDefault accepted container SecureJarResource(puzzleslib)
[26Jun2025 01:35:18.813] [main/DEBUG] [mixin/]: Processing prepare() for PlatformAgent[MixinPlatformAgentDefault:SecureJarResource(puzzleslib)]
[26Jun2025 01:35:18.813] [main/DEBUG] [mixin/]: Registering mixin config: puzzleslib.common.mixins.json
[26Jun2025 01:35:18.815] [main/DEBUG] [mixin/]: Registering mixin config: puzzleslib.forge.mixins.json
[26Jun2025 01:35:18.816] [main/DEBUG] [mixin/]: Adding mixin platform agents for container SecureJarResource(aquaculture)
[26Jun2025 01:35:18.816] [main/DEBUG] [mixin/]: Instancing new MixinPlatformAgentMinecraftForge for SecureJarResource(aquaculture)
[26Jun2025 01:35:18.816] [main/DEBUG] [mixin/]: MixinPlatformAgentMinecraftForge rejected container SecureJarResource(aquaculture)
[26Jun2025 01:35:18.816] [main/DEBUG] [mixin/]: Instancing new MixinPlatformAgentDefault for SecureJarResource(aquaculture)
[26Jun2025 01:35:18.816] [main/DEBUG] [mixin/]: MixinPlatformAgentDefault accepted container SecureJarResource(aquaculture)
[26Jun2025 01:35:18.817] [main/DEBUG] [mixin/]: Processing prepare() for PlatformAgent[MixinPlatformAgentDefault:SecureJarResource(aquaculture)]
[26Jun2025 01:35:18.817] [main/DEBUG] [mixin/]: Adding mixin platform agents for container SecureJarResource(valkyrienskies)
[26Jun2025 01:35:18.817] [main/DEBUG] [mixin/]: Instancing new MixinPlatformAgentMinecraftForge for SecureJarResource(valkyrienskies)
[26Jun2025 01:35:18.817] [main/DEBUG] [mixin/]: MixinPlatformAgentMinecraftForge rejected container SecureJarResource(valkyrienskies)
[26Jun2025 01:35:18.817] [main/DEBUG] [mixin/]: Instancing new MixinPlatformAgentDefault for SecureJarResource(valkyrienskies)
[26Jun2025 01:35:18.817] [main/DEBUG] [mixin/]: MixinPlatformAgentDefault accepted container SecureJarResource(valkyrienskies)
[26Jun2025 01:35:18.817] [main/DEBUG] [mixin/]: Processing prepare() for PlatformAgent[MixinPlatformAgentDefault:SecureJarResource(valkyrienskies)]
[26Jun2025 01:35:18.817] [main/DEBUG] [mixin/]: Registering mixin config: valkyrienskies-common.mixins.json
[26Jun2025 01:35:18.819] [main/DEBUG] [mixin/]: Registering mixin config: valkyrienskies-forge.mixins.json
[26Jun2025 01:35:18.820] [main/DEBUG] [mixin/]: Adding mixin platform agents for container SecureJarResource(expandability)
[26Jun2025 01:35:18.820] [main/DEBUG] [mixin/]: Instancing new MixinPlatformAgentMinecraftForge for SecureJarResource(expandability)
[26Jun2025 01:35:18.820] [main/DEBUG] [mixin/]: MixinPlatformAgentMinecraftForge rejected container SecureJarResource(expandability)
[26Jun2025 01:35:18.821] [main/DEBUG] [mixin/]: Instancing new MixinPlatformAgentDefault for SecureJarResource(expandability)
[26Jun2025 01:35:18.821] [main/DEBUG] [mixin/]: MixinPlatformAgentDefault accepted container SecureJarResource(expandability)
[26Jun2025 01:35:18.821] [main/DEBUG] [mixin/]: Processing prepare() for PlatformAgent[MixinPlatformAgentDefault:SecureJarResource(expandability)]
[26Jun2025 01:35:18.821] [main/DEBUG] [mixin/]: Registering mixin config: expandability.mixins.json
[26Jun2025 01:35:18.822] [main/DEBUG] [mixin/]: Registering mixin config: expandability-common.mixins.json
[26Jun2025 01:35:18.824] [main/DEBUG] [mixin/]: Adding mixin platform agents for container SecureJarResource(valhelsia_core)
[26Jun2025 01:35:18.824] [main/DEBUG] [mixin/]: Instancing new MixinPlatformAgentMinecraftForge for SecureJarResource(valhelsia_core)
[26Jun2025 01:35:18.824] [main/DEBUG] [mixin/]: MixinPlatformAgentMinecraftForge rejected container SecureJarResource(valhelsia_core)
[26Jun2025 01:35:18.824] [main/DEBUG] [mixin/]: Instancing new MixinPlatformAgentDefault for SecureJarResource(valhelsia_core)
[26Jun2025 01:35:18.825] [main/DEBUG] [mixin/]: MixinPlatformAgentDefault accepted container SecureJarResource(valhelsia_core)
[26Jun2025 01:35:18.825] [main/DEBUG] [mixin/]: Processing prepare() for PlatformAgent[MixinPlatformAgentDefault:SecureJarResource(valhelsia_core)]
[26Jun2025 01:35:18.825] [main/DEBUG] [mixin/]: Registering mixin config: valhelsia_core.mixins.json
[26Jun2025 01:35:18.827] [main/DEBUG] [mixin/]: Compatibility level JAVA_16 specified by valhelsia_core.mixins.json is higher than the maximum level supported by this version of mixin (JAVA_13).
[26Jun2025 01:35:18.827] [main/DEBUG] [mixin/]: Adding mixin platform agents for container SecureJarResource(aquamirae)
[26Jun2025 01:35:18.827] [main/DEBUG] [mixin/]: Instancing new MixinPlatformAgentMinecraftForge for SecureJarResource(aquamirae)
[26Jun2025 01:35:18.828] [main/DEBUG] [mixin/]: MixinPlatformAgentMinecraftForge rejected container SecureJarResource(aquamirae)
[26Jun2025 01:35:18.828] [main/DEBUG] [mixin/]: Instancing new MixinPlatformAgentDefault for SecureJarResource(aquamirae)
[26Jun2025 01:35:18.828] [main/DEBUG] [mixin/]: MixinPlatformAgentDefault accepted container SecureJarResource(aquamirae)
[26Jun2025 01:35:18.828] [main/DEBUG] [mixin/]: Processing prepare() for PlatformAgent[MixinPlatformAgentDefault:SecureJarResource(aquamirae)]
[26Jun2025 01:35:18.828] [main/DEBUG] [mixin/]: Registering mixin config: aquamirae.mixins.json
[26Jun2025 01:35:18.829] [main/DEBUG] [mixin/]: Adding mixin platform agents for container SecureJarResource(ad_astra)
[26Jun2025 01:35:18.830] [main/DEBUG] [mixin/]: Instancing new MixinPlatformAgentMinecraftForge for SecureJarResource(ad_astra)
[26Jun2025 01:35:18.830] [main/DEBUG] [mixin/]: MixinPlatformAgentMinecraftForge rejected container SecureJarResource(ad_astra)
[26Jun2025 01:35:18.830] [main/DEBUG] [mixin/]: Instancing new MixinPlatformAgentDefault for SecureJarResource(ad_astra)
[26Jun2025 01:35:18.830] [main/DEBUG] [mixin/]: MixinPlatformAgentDefault accepted container SecureJarResource(ad_astra)
[26Jun2025 01:35:18.830] [main/DEBUG] [mixin/]: Processing prepare() for PlatformAgent[MixinPlatformAgentDefault:SecureJarResource(ad_astra)]
[26Jun2025 01:35:18.830] [main/DEBUG] [mixin/]: Registering mixin config: ad_astra-common.mixins.json
[26Jun2025 01:35:18.831] [main/DEBUG] [mixin/]: Registering mixin config: ad_astra.mixins.json
[26Jun2025 01:35:18.833] [main/DEBUG] [mixin/]: Adding mixin platform agents for container SecureJarResource(com.fasterxml.jackson.annotation)
[26Jun2025 01:35:18.833] [main/DEBUG] [mixin/]: Instancing new MixinPlatformAgentMinecraftForge for SecureJarResource(com.fasterxml.jackson.annotation)
[26Jun2025 01:35:18.833] [main/DEBUG] [mixin/]: MixinPlatformAgentMinecraftForge rejected container SecureJarResource(com.fasterxml.jackson.annotation)
[26Jun2025 01:35:18.833] [main/DEBUG] [mixin/]: Instancing new MixinPlatformAgentDefault for SecureJarResource(com.fasterxml.jackson.annotation)
[26Jun2025 01:35:18.833] [main/DEBUG] [mixin/]: MixinPlatformAgentDefault accepted container SecureJarResource(com.fasterxml.jackson.annotation)
[26Jun2025 01:35:18.833] [main/DEBUG] [mixin/]: Processing prepare() for PlatformAgent[MixinPlatformAgentDefault:SecureJarResource(com.fasterxml.jackson.annotation)]
[26Jun2025 01:35:18.833] [main/DEBUG] [mixin/]: Adding mixin platform agents for container SecureJarResource(jsonschema.module.jackson)
[26Jun2025 01:35:18.833] [main/DEBUG] [mixin/]: Instancing new MixinPlatformAgentMinecraftForge for SecureJarResource(jsonschema.module.jackson)
[26Jun2025 01:35:18.833] [main/DEBUG] [mixin/]: MixinPlatformAgentMinecraftForge rejected container SecureJarResource(jsonschema.module.jackson)
[26Jun2025 01:35:18.833] [main/DEBUG] [mixin/]: Instancing new MixinPlatformAgentDefault for SecureJarResource(jsonschema.module.jackson)
[26Jun2025 01:35:18.833] [main/DEBUG] [mixin/]: MixinPlatformAgentDefault accepted container SecureJarResource(jsonschema.module.jackson)
[26Jun2025 01:35:18.833] [main/DEBUG] [mixin/]: Processing prepare() for PlatformAgent[MixinPlatformAgentDefault:SecureJarResource(jsonschema.module.jackson)]
[26Jun2025 01:35:18.833] [main/DEBUG] [mixin/]: Adding mixin platform agents for container SecureJarResource(org.joml.primitives)
[26Jun2025 01:35:18.833] [main/DEBUG] [mixin/]: Instancing new MixinPlatformAgentMinecraftForge for SecureJarResource(org.joml.primitives)
[26Jun2025 01:35:18.833] [main/DEBUG] [mixin/]: MixinPlatformAgentMinecraftForge rejected container SecureJarResource(org.joml.primitives)
[26Jun2025 01:35:18.833] [main/DEBUG] [mixin/]: Instancing new MixinPlatformAgentDefault for SecureJarResource(org.joml.primitives)
[26Jun2025 01:35:18.833] [main/DEBUG] [mixin/]: MixinPlatformAgentDefault accepted container SecureJarResource(org.joml.primitives)
[26Jun2025 01:35:18.833] [main/DEBUG] [mixin/]: Processing prepare() for PlatformAgent[MixinPlatformAgentDefault:SecureJarResource(org.joml.primitives)]
[26Jun2025 01:35:18.833] [main/DEBUG] [mixin/]: Adding mixin platform agents for container SecureJarResource(jsonschema.generator)
[26Jun2025 01:35:18.833] [main/DEBUG] [mixin/]: Instancing new MixinPlatformAgentMinecraftForge for SecureJarResource(jsonschema.generator)
[26Jun2025 01:35:18.833] [main/DEBUG] [mixin/]: MixinPlatformAgentMinecraftForge rejected container SecureJarResource(jsonschema.generator)
[26Jun2025 01:35:18.833] [main/DEBUG] [mixin/]: Instancing new MixinPlatformAgentDefault for SecureJarResource(jsonschema.generator)
[26Jun2025 01:35:18.833] [main/DEBUG] [mixin/]: MixinPlatformAgentDefault accepted container SecureJarResource(jsonschema.generator)
[26Jun2025 01:35:18.834] [main/DEBUG] [mixin/]: Processing prepare() for PlatformAgent[MixinPlatformAgentDefault:SecureJarResource(jsonschema.generator)]
[26Jun2025 01:35:18.834] [main/DEBUG] [mixin/]: Adding mixin platform agents for container SecureJarResource(mixinextras)
[26Jun2025 01:35:18.834] [main/DEBUG] [mixin/]: Instancing new MixinPlatformAgentMinecraftForge for SecureJarResource(mixinextras)
[26Jun2025 01:35:18.834] [main/DEBUG] [mixin/]: MixinPlatformAgentMinecraftForge rejected container SecureJarResource(mixinextras)
[26Jun2025 01:35:18.834] [main/DEBUG] [mixin/]: Instancing new MixinPlatformAgentDefault for SecureJarResource(mixinextras)
[26Jun2025 01:35:18.834] [main/DEBUG] [mixin/]: MixinPlatformAgentDefault accepted container SecureJarResource(mixinextras)
[26Jun2025 01:35:18.834] [main/DEBUG] [mixin/]: Processing prepare() for PlatformAgent[MixinPlatformAgentDefault:SecureJarResource(mixinextras)]
[26Jun2025 01:35:18.834] [main/DEBUG] [mixin/]: Registering mixin config: mixinextras.init.mixins.json
[26Jun2025 01:35:18.835] [main/DEBUG] [mixin/]: Adding mixin platform agents for container SecureJarResource(json.schema.validator)
[26Jun2025 01:35:18.835] [main/DEBUG] [mixin/]: Instancing new MixinPlatformAgentMinecraftForge for SecureJarResource(json.schema.validator)
[26Jun2025 01:35:18.835] [main/DEBUG] [mixin/]: MixinPlatformAgentMinecraftForge rejected container SecureJarResource(json.schema.validator)
[26Jun2025 01:35:18.835] [main/DEBUG] [mixin/]: Instancing new MixinPlatformAgentDefault for SecureJarResource(json.schema.validator)
[26Jun2025 01:35:18.835] [main/DEBUG] [mixin/]: MixinPlatformAgentDefault accepted container SecureJarResource(json.schema.validator)
[26Jun2025 01:35:18.835] [main/DEBUG] [mixin/]: Processing prepare() for PlatformAgent[MixinPlatformAgentDefault:SecureJarResource(json.schema.validator)]
[26Jun2025 01:35:18.835] [main/DEBUG] [mixin/]: Adding mixin platform agents for container SecureJarResource(com.fasterxml.jackson.module.paramnames)
[26Jun2025 01:35:18.835] [main/DEBUG] [mixin/]: Instancing new MixinPlatformAgentMinecraftForge for SecureJarResource(com.fasterxml.jackson.module.paramnames)
[26Jun2025 01:35:18.835] [main/DEBUG] [mixin/]: MixinPlatformAgentMinecraftForge rejected container SecureJarResource(com.fasterxml.jackson.module.paramnames)
[26Jun2025 01:35:18.835] [main/DEBUG] [mixin/]: Instancing new MixinPlatformAgentDefault for SecureJarResource(com.fasterxml.jackson.module.paramnames)
[26Jun2025 01:35:18.835] [main/DEBUG] [mixin/]: MixinPlatformAgentDefault accepted container SecureJarResource(com.fasterxml.jackson.module.paramnames)
[26Jun2025 01:35:18.835] [main/DEBUG] [mixin/]: Processing prepare() for PlatformAgent[MixinPlatformAgentDefault:SecureJarResource(com.fasterxml.jackson.module.paramnames)]
[26Jun2025 01:35:18.835] [main/DEBUG] [mixin/]: Adding mixin platform agents for container SecureJarResource(com.fasterxml.jackson.dataformat.cbor)
[26Jun2025 01:35:18.835] [main/DEBUG] [mixin/]: Instancing new MixinPlatformAgentMinecraftForge for SecureJarResource(com.fasterxml.jackson.dataformat.cbor)
[26Jun2025 01:35:18.835] [main/DEBUG] [mixin/]: MixinPlatformAgentMinecraftForge rejected container SecureJarResource(com.fasterxml.jackson.dataformat.cbor)
[26Jun2025 01:35:18.835] [main/DEBUG] [mixin/]: Instancing new MixinPlatformAgentDefault for SecureJarResource(com.fasterxml.jackson.dataformat.cbor)
[26Jun2025 01:35:18.835] [main/DEBUG] [mixin/]: MixinPlatformAgentDefault accepted container SecureJarResource(com.fasterxml.jackson.dataformat.cbor)
[26Jun2025 01:35:18.835] [main/DEBUG] [mixin/]: Processing prepare() for PlatformAgent[MixinPlatformAgentDefault:SecureJarResource(com.fasterxml.jackson.dataformat.cbor)]
[26Jun2025 01:35:18.835] [main/DEBUG] [mixin/]: Adding mixin platform agents for container SecureJarResource(util.b19b27c4a4)
[26Jun2025 01:35:18.835] [main/DEBUG] [mixin/]: Instancing new MixinPlatformAgentMinecraftForge for SecureJarResource(util.b19b27c4a4)
[26Jun2025 01:35:18.835] [main/DEBUG] [mixin/]: MixinPlatformAgentMinecraftForge rejected container SecureJarResource(util.b19b27c4a4)
[26Jun2025 01:35:18.835] [main/DEBUG] [mixin/]: Instancing new MixinPlatformAgentDefault for SecureJarResource(util.b19b27c4a4)
[26Jun2025 01:35:18.835] [main/DEBUG] [mixin/]: MixinPlatformAgentDefault accepted container SecureJarResource(util.b19b27c4a4)
[26Jun2025 01:35:18.835] [main/DEBUG] [mixin/]: Processing prepare() for PlatformAgent[MixinPlatformAgentDefault:SecureJarResource(util.b19b27c4a4)]
[26Jun2025 01:35:18.835] [main/DEBUG] [mixin/]: Adding mixin platform agents for container SecureJarResource(jackson.module.kotlin.rubyfork)
[26Jun2025 01:35:18.835] [main/DEBUG] [mixin/]: Instancing new MixinPlatformAgentMinecraftForge for SecureJarResource(jackson.module.kotlin.rubyfork)
[26Jun2025 01:35:18.835] [main/DEBUG] [mixin/]: MixinPlatformAgentMinecraftForge rejected container SecureJarResource(jackson.module.kotlin.rubyfork)
[26Jun2025 01:35:18.835] [main/DEBUG] [mixin/]: Instancing new MixinPlatformAgentDefault for SecureJarResource(jackson.module.kotlin.rubyfork)
[26Jun2025 01:35:18.835] [main/DEBUG] [mixin/]: MixinPlatformAgentDefault accepted container SecureJarResource(jackson.module.kotlin.rubyfork)
[26Jun2025 01:35:18.835] [main/DEBUG] [mixin/]: Processing prepare() for PlatformAgent[MixinPlatformAgentDefault:SecureJarResource(jackson.module.kotlin.rubyfork)]
[26Jun2025 01:35:18.835] [main/DEBUG] [mixin/]: Adding mixin platform agents for container SecureJarResource(jackson.kotlin.dsl)
[26Jun2025 01:35:18.835] [main/DEBUG] [mixin/]: Instancing new MixinPlatformAgentMinecraftForge for SecureJarResource(jackson.kotlin.dsl)
[26Jun2025 01:35:18.836] [main/DEBUG] [mixin/]: MixinPlatformAgentMinecraftForge rejected container SecureJarResource(jackson.kotlin.dsl)
[26Jun2025 01:35:18.836] [main/DEBUG] [mixin/]: Instancing new MixinPlatformAgentDefault for SecureJarResource(jackson.kotlin.dsl)
[26Jun2025 01:35:18.836] [main/DEBUG] [mixin/]: MixinPlatformAgentDefault accepted container SecureJarResource(jackson.kotlin.dsl)
[26Jun2025 01:35:18.836] [main/DEBUG] [mixin/]: Processing prepare() for PlatformAgent[MixinPlatformAgentDefault:SecureJarResource(jackson.kotlin.dsl)]
[26Jun2025 01:35:18.836] [main/DEBUG] [mixin/]: Adding mixin platform agents for container SecureJarResource(com.fasterxml.classmate)
[26Jun2025 01:35:18.836] [main/DEBUG] [mixin/]: Instancing new MixinPlatformAgentMinecraftForge for SecureJarResource(com.fasterxml.classmate)
[26Jun2025 01:35:18.836] [main/DEBUG] [mixin/]: MixinPlatformAgentMinecraftForge rejected container SecureJarResource(com.fasterxml.classmate)
[26Jun2025 01:35:18.836] [main/DEBUG] [mixin/]: Instancing new MixinPlatformAgentDefault for SecureJarResource(com.fasterxml.classmate)
[26Jun2025 01:35:18.836] [main/DEBUG] [mixin/]: MixinPlatformAgentDefault accepted container SecureJarResource(com.fasterxml.classmate)
[26Jun2025 01:35:18.836] [main/DEBUG] [mixin/]: Processing prepare() for PlatformAgent[MixinPlatformAgentDefault:SecureJarResource(com.fasterxml.classmate)]
[26Jun2025 01:35:18.836] [main/DEBUG] [mixin/]: Adding mixin platform agents for container SecureJarResource(Reflect)
[26Jun2025 01:35:18.836] [main/DEBUG] [mixin/]: Instancing new MixinPlatformAgentMinecraftForge for SecureJarResource(Reflect)
[26Jun2025 01:35:18.836] [main/DEBUG] [mixin/]: MixinPlatformAgentMinecraftForge rejected container SecureJarResource(Reflect)
[26Jun2025 01:35:18.836] [main/DEBUG] [mixin/]: Instancing new MixinPlatformAgentDefault for SecureJarResource(Reflect)
[26Jun2025 01:35:18.836] [main/DEBUG] [mixin/]: MixinPlatformAgentDefault accepted container SecureJarResource(Reflect)
[26Jun2025 01:35:18.836] [main/DEBUG] [mixin/]: Processing prepare() for PlatformAgent[MixinPlatformAgentDefault:SecureJarResource(Reflect)]
[26Jun2025 01:35:18.836] [main/DEBUG] [mixin/]: Adding mixin platform agents for container SecureJarResource(commons.math3)
[26Jun2025 01:35:18.836] [main/DEBUG] [mixin/]: Instancing new MixinPlatformAgentMinecraftForge for SecureJarResource(commons.math3)
[26Jun2025 01:35:18.836] [main/DEBUG] [mixin/]: MixinPlatformAgentMinecraftForge rejected container SecureJarResource(commons.math3)
[26Jun2025 01:35:18.836] [main/DEBUG] [mixin/]: Instancing new MixinPlatformAgentDefault for SecureJarResource(commons.math3)
[26Jun2025 01:35:18.836] [main/DEBUG] [mixin/]: MixinPlatformAgentDefault accepted container SecureJarResource(commons.math3)
[26Jun2025 01:35:18.836] [main/DEBUG] [mixin/]: Processing prepare() for PlatformAgent[MixinPlatformAgentDefault:SecureJarResource(commons.math3)]
[26Jun2025 01:35:18.836] [main/DEBUG] [mixin/]: Adding mixin platform agents for container SecureJarResource(zjsonpatch)
[26Jun2025 01:35:18.836] [main/DEBUG] [mixin/]: Instancing new MixinPlatformAgentMinecraftForge for SecureJarResource(zjsonpatch)
[26Jun2025 01:35:18.836] [main/DEBUG] [mixin/]: MixinPlatformAgentMinecraftForge rejected container SecureJarResource(zjsonpatch)
[26Jun2025 01:35:18.836] [main/DEBUG] [mixin/]: Instancing new MixinPlatformAgentDefault for SecureJarResource(zjsonpatch)
[26Jun2025 01:35:18.836] [main/DEBUG] [mixin/]: MixinPlatformAgentDefault accepted container SecureJarResource(zjsonpatch)
[26Jun2025 01:35:18.836] [main/DEBUG] [mixin/]: Processing prepare() for PlatformAgent[MixinPlatformAgentDefault:SecureJarResource(zjsonpatch)]
[26Jun2025 01:35:18.836] [main/DEBUG] [mixin/]: Adding mixin platform agents for container SecureJarResource(com.fasterxml.jackson.core)
[26Jun2025 01:35:18.836] [main/DEBUG] [mixin/]: Instancing new MixinPlatformAgentMinecraftForge for SecureJarResource(com.fasterxml.jackson.core)
[26Jun2025 01:35:18.836] [main/DEBUG] [mixin/]: MixinPlatformAgentMinecraftForge rejected container SecureJarResource(com.fasterxml.jackson.core)
[26Jun2025 01:35:18.836] [main/DEBUG] [mixin/]: Instancing new MixinPlatformAgentDefault for SecureJarResource(com.fasterxml.jackson.core)
[26Jun2025 01:35:18.836] [main/DEBUG] [mixin/]: MixinPlatformAgentDefault accepted container SecureJarResource(com.fasterxml.jackson.core)
[26Jun2025 01:35:18.836] [main/DEBUG] [mixin/]: Processing prepare() for PlatformAgent[MixinPlatformAgentDefault:SecureJarResource(com.fasterxml.jackson.core)]
[26Jun2025 01:35:18.836] [main/DEBUG] [mixin/]: Adding mixin platform agents for container SecureJarResource(dagger)
[26Jun2025 01:35:18.836] [main/DEBUG] [mixin/]: Instancing new MixinPlatformAgentMinecraftForge for SecureJarResource(dagger)
[26Jun2025 01:35:18.836] [main/DEBUG] [mixin/]: MixinPlatformAgentMinecraftForge rejected container SecureJarResource(dagger)
[26Jun2025 01:35:18.836] [main/DEBUG] [mixin/]: Instancing new MixinPlatformAgentDefault for SecureJarResource(dagger)
[26Jun2025 01:35:18.836] [main/DEBUG] [mixin/]: MixinPlatformAgentDefault accepted container SecureJarResource(dagger)
[26Jun2025 01:35:18.836] [main/DEBUG] [mixin/]: Processing prepare() for PlatformAgent[MixinPlatformAgentDefault:SecureJarResource(dagger)]
[26Jun2025 01:35:18.836] [main/DEBUG] [mixin/]: Adding mixin platform agents for container SecureJarResource(org.apache.commons.collections4)
[26Jun2025 01:35:18.836] [main/DEBUG] [mixin/]: Instancing new MixinPlatformAgentMinecraftForge for SecureJarResource(org.apache.commons.collections4)
[26Jun2025 01:35:18.836] [main/DEBUG] [mixin/]: MixinPlatformAgentMinecraftForge rejected container SecureJarResource(org.apache.commons.collections4)
[26Jun2025 01:35:18.836] [main/DEBUG] [mixin/]: Instancing new MixinPlatformAgentDefault for SecureJarResource(org.apache.commons.collections4)
[26Jun2025 01:35:18.836] [main/DEBUG] [mixin/]: MixinPlatformAgentDefault accepted container SecureJarResource(org.apache.commons.collections4)
[26Jun2025 01:35:18.836] [main/DEBUG] [mixin/]: Processing prepare() for PlatformAgent[MixinPlatformAgentDefault:SecureJarResource(org.apache.commons.collections4)]
[26Jun2025 01:35:18.836] [main/DEBUG] [mixin/]: Adding mixin platform agents for container SecureJarResource(json.path)
[26Jun2025 01:35:18.836] [main/DEBUG] [mixin/]: Instancing new MixinPlatformAgentMinecraftForge for SecureJarResource(json.path)
[26Jun2025 01:35:18.836] [main/DEBUG] [mixin/]: MixinPlatformAgentMinecraftForge rejected container SecureJarResource(json.path)
[26Jun2025 01:35:18.836] [main/DEBUG] [mixin/]: Instancing new MixinPlatformAgentDefault for SecureJarResource(json.path)
[26Jun2025 01:35:18.836] [main/DEBUG] [mixin/]: MixinPlatformAgentDefault accepted container SecureJarResource(json.path)
[26Jun2025 01:35:18.836] [main/DEBUG] [mixin/]: Processing prepare() for PlatformAgent[MixinPlatformAgentDefault:SecureJarResource(json.path)]
[26Jun2025 01:35:18.837] [main/DEBUG] [mixin/]: Adding mixin platform agents for container SecureJarResource(itu)
[26Jun2025 01:35:18.837] [main/DEBUG] [mixin/]: Instancing new MixinPlatformAgentMinecraftForge for SecureJarResource(itu)
[26Jun2025 01:35:18.837] [main/DEBUG] [mixin/]: MixinPlatformAgentMinecraftForge rejected container SecureJarResource(itu)
[26Jun2025 01:35:18.837] [main/DEBUG] [mixin/]: Instancing new MixinPlatformAgentDefault for SecureJarResource(itu)
[26Jun2025 01:35:18.837] [main/DEBUG] [mixin/]: MixinPlatformAgentDefault accepted container SecureJarResource(itu)
[26Jun2025 01:35:18.837] [main/DEBUG] [mixin/]: Processing prepare() for PlatformAgent[MixinPlatformAgentDefault:SecureJarResource(itu)]
[26Jun2025 01:35:18.837] [main/DEBUG] [mixin/]: Adding mixin platform agents for container SecureJarResource(javax.inject)
[26Jun2025 01:35:18.837] [main/DEBUG] [mixin/]: Instancing new MixinPlatformAgentMinecraftForge for SecureJarResource(javax.inject)
[26Jun2025 01:35:18.837] [main/DEBUG] [mixin/]: MixinPlatformAgentMinecraftForge rejected container SecureJarResource(javax.inject)
[26Jun2025 01:35:18.837] [main/DEBUG] [mixin/]: Instancing new MixinPlatformAgentDefault for SecureJarResource(javax.inject)
[26Jun2025 01:35:18.837] [main/DEBUG] [mixin/]: MixinPlatformAgentDefault accepted container SecureJarResource(javax.inject)
[26Jun2025 01:35:18.837] [main/DEBUG] [mixin/]: Processing prepare() for PlatformAgent[MixinPlatformAgentDefault:SecureJarResource(javax.inject)]
[26Jun2025 01:35:18.837] [main/DEBUG] [mixin/]: Adding mixin platform agents for container SecureJarResource(api.b19b27c4a4)
[26Jun2025 01:35:18.837] [main/DEBUG] [mixin/]: Instancing new MixinPlatformAgentMinecraftForge for SecureJarResource(api.b19b27c4a4)
[26Jun2025 01:35:18.837] [main/DEBUG] [mixin/]: MixinPlatformAgentMinecraftForge rejected container SecureJarResource(api.b19b27c4a4)
[26Jun2025 01:35:18.837] [main/DEBUG] [mixin/]: Instancing new MixinPlatformAgentDefault for SecureJarResource(api.b19b27c4a4)
[26Jun2025 01:35:18.837] [main/DEBUG] [mixin/]: MixinPlatformAgentDefault accepted container SecureJarResource(api.b19b27c4a4)
[26Jun2025 01:35:18.837] [main/DEBUG] [mixin/]: Processing prepare() for PlatformAgent[MixinPlatformAgentDefault:SecureJarResource(api.b19b27c4a4)]
[26Jun2025 01:35:18.837] [main/DEBUG] [mixin/]: Adding mixin platform agents for container SecureJarResource(MathParser.org.mXparser)
[26Jun2025 01:35:18.837] [main/DEBUG] [mixin/]: Instancing new MixinPlatformAgentMinecraftForge for SecureJarResource(MathParser.org.mXparser)
[26Jun2025 01:35:18.837] [main/DEBUG] [mixin/]: MixinPlatformAgentMinecraftForge rejected container SecureJarResource(MathParser.org.mXparser)
[26Jun2025 01:35:18.837] [main/DEBUG] [mixin/]: Instancing new MixinPlatformAgentDefault for SecureJarResource(MathParser.org.mXparser)
[26Jun2025 01:35:18.837] [main/DEBUG] [mixin/]: MixinPlatformAgentDefault accepted container SecureJarResource(MathParser.org.mXparser)
[26Jun2025 01:35:18.837] [main/DEBUG] [mixin/]: Processing prepare() for PlatformAgent[MixinPlatformAgentDefault:SecureJarResource(MathParser.org.mXparser)]
[26Jun2025 01:35:18.837] [main/DEBUG] [mixin/]: Adding mixin platform agents for container SecureJarResource(org.joml)
[26Jun2025 01:35:18.837] [main/DEBUG] [mixin/]: Instancing new MixinPlatformAgentMinecraftForge for SecureJarResource(org.joml)
[26Jun2025 01:35:18.837] [main/DEBUG] [mixin/]: MixinPlatformAgentMinecraftForge rejected container SecureJarResource(org.joml)
[26Jun2025 01:35:18.837] [main/DEBUG] [mixin/]: Instancing new MixinPlatformAgentDefault for SecureJarResource(org.joml)
[26Jun2025 01:35:18.837] [main/DEBUG] [mixin/]: MixinPlatformAgentDefault accepted container SecureJarResource(org.joml)
[26Jun2025 01:35:18.837] [main/DEBUG] [mixin/]: Processing prepare() for PlatformAgent[MixinPlatformAgentDefault:SecureJarResource(org.joml)]
[26Jun2025 01:35:18.837] [main/DEBUG] [mixin/]: Adding mixin platform agents for container SecureJarResource(com.fasterxml.jackson.databind)
[26Jun2025 01:35:18.837] [main/DEBUG] [mixin/]: Instancing new MixinPlatformAgentMinecraftForge for SecureJarResource(com.fasterxml.jackson.databind)
[26Jun2025 01:35:18.837] [main/DEBUG] [mixin/]: MixinPlatformAgentMinecraftForge rejected container SecureJarResource(com.fasterxml.jackson.databind)
[26Jun2025 01:35:18.837] [main/DEBUG] [mixin/]: Instancing new MixinPlatformAgentDefault for SecureJarResource(com.fasterxml.jackson.databind)
[26Jun2025 01:35:18.837] [main/DEBUG] [mixin/]: MixinPlatformAgentDefault accepted container SecureJarResource(com.fasterxml.jackson.databind)
[26Jun2025 01:35:18.837] [main/DEBUG] [mixin/]: Processing prepare() for PlatformAgent[MixinPlatformAgentDefault:SecureJarResource(com.fasterxml.jackson.databind)]
[26Jun2025 01:35:18.837] [main/DEBUG] [mixin/]: Adding mixin platform agents for container SecureJarResource(MixinExtras)
[26Jun2025 01:35:18.837] [main/DEBUG] [mixin/]: Instancing new MixinPlatformAgentMinecraftForge for SecureJarResource(MixinExtras)
[26Jun2025 01:35:18.837] [main/DEBUG] [mixin/]: MixinPlatformAgentMinecraftForge rejected container SecureJarResource(MixinExtras)
[26Jun2025 01:35:18.838] [main/DEBUG] [mixin/]: Instancing new MixinPlatformAgentDefault for SecureJarResource(MixinExtras)
[26Jun2025 01:35:18.838] [main/DEBUG] [mixin/]: MixinPlatformAgentDefault accepted container SecureJarResource(MixinExtras)
[26Jun2025 01:35:18.838] [main/DEBUG] [mixin/]: Processing prepare() for PlatformAgent[MixinPlatformAgentDefault:SecureJarResource(MixinExtras)]
[26Jun2025 01:35:18.838] [main/DEBUG] [mixin/]: Adding mixin platform agents for container SecureJarResource(thedarkcolour.kotlinforforge.lib)
[26Jun2025 01:35:18.838] [main/DEBUG] [mixin/]: Instancing new MixinPlatformAgentMinecraftForge for SecureJarResource(thedarkcolour.kotlinforforge.lib)
[26Jun2025 01:35:18.838] [main/DEBUG] [mixin/]: MixinPlatformAgentMinecraftForge rejected container SecureJarResource(thedarkcolour.kotlinforforge.lib)
[26Jun2025 01:35:18.838] [main/DEBUG] [mixin/]: Instancing new MixinPlatformAgentDefault for SecureJarResource(thedarkcolour.kotlinforforge.lib)
[26Jun2025 01:35:18.838] [main/DEBUG] [mixin/]: MixinPlatformAgentDefault accepted container SecureJarResource(thedarkcolour.kotlinforforge.lib)
[26Jun2025 01:35:18.838] [main/DEBUG] [mixin/]: Processing prepare() for PlatformAgent[MixinPlatformAgentDefault:SecureJarResource(thedarkcolour.kotlinforforge.lib)]
[26Jun2025 01:35:18.838] [main/DEBUG] [mixin/]: inject() running with 139 agents
[26Jun2025 01:35:18.838] [main/DEBUG] [mixin/]: Processing inject() for PlatformAgent[MixinPlatformAgentDefault:ModLauncher Root Container(ModLauncher:4f56a0a2)]
[26Jun2025 01:35:18.838] [main/DEBUG] [mixin/]: Processing inject() for PlatformAgent[MixinPlatformAgentDefault:SecureJarResource(betterdungeons)]
[26Jun2025 01:35:18.838] [main/DEBUG] [mixin/]: Processing inject() for PlatformAgent[MixinPlatformAgentDefault:SecureJarResource(blue_skies)]
[26Jun2025 01:35:18.838] [main/DEBUG] [mixin/]: Processing inject() for PlatformAgent[MixinPlatformAgentDefault:SecureJarResource(lootintegrations_valhelsia)]
[26Jun2025 01:35:18.838] [main/DEBUG] [mixin/]: Processing inject() for PlatformAgent[MixinPlatformAgentDefault:SecureJarResource(easyanvils)]
[26Jun2025 01:35:18.838] [main/DEBUG] [mixin/]: Processing inject() for PlatformAgent[MixinPlatformAgentDefault:SecureJarResource(alexsmobs)]
[26Jun2025 01:35:18.838] [main/DEBUG] [mixin/]: Processing inject() for PlatformAgent[MixinPlatformAgentDefault:SecureJarResource(betterwitchhuts)]
[26Jun2025 01:35:18.839] [main/DEBUG] [mixin/]: Processing inject() for PlatformAgent[MixinPlatformAgentDefault:SecureJarResource(botarium)]
[26Jun2025 01:35:18.839] [main/DEBUG] [mixin/]: Processing inject() for PlatformAgent[MixinPlatformAgentDefault:SecureJarResource(betteroceanmonuments)]
[26Jun2025 01:35:18.839] [main/DEBUG] [mixin/]: Processing inject() for PlatformAgent[MixinPlatformAgentDefault:SecureJarResource(hammerlib)]
[26Jun2025 01:35:18.839] [main/DEBUG] [mixin/]: Processing inject() for PlatformAgent[MixinPlatformAgentDefault:SecureJarResource(mcwwindows)]
[26Jun2025 01:35:18.839] [main/DEBUG] [mixin/]: Processing inject() for PlatformAgent[MixinPlatformAgentDefault:SecureJarResource(immersive_aircraft)]
[26Jun2025 01:35:18.839] [main/DEBUG] [mixin/]: Processing inject() for PlatformAgent[MixinPlatformAgentDefault:SecureJarResource(valhelsia_furniture)]
[26Jun2025 01:35:18.839] [main/DEBUG] [mixin/]: Processing inject() for PlatformAgent[MixinPlatformAgentDefault:SecureJarResource(sophisticatedcore)]
[26Jun2025 01:35:18.839] [main/DEBUG] [mixin/]: Processing inject() for PlatformAgent[MixinPlatformAgentDefault:SecureJarResource(vs_eureka)]
[26Jun2025 01:35:18.839] [main/DEBUG] [mixin/]: Processing inject() for PlatformAgent[MixinPlatformAgentDefault:SecureJarResource(jrftl)]
[26Jun2025 01:35:18.839] [main/DEBUG] [mixin/]: Processing inject() for PlatformAgent[MixinPlatformAgentDefault:SecureJarResource(citadel)]
[26Jun2025 01:35:18.839] [main/DEBUG] [mixin/]: Processing inject() for PlatformAgent[MixinPlatformAgentDefault:SecureJarResource(modernfix)]
[26Jun2025 01:35:18.839] [main/DEBUG] [mixin/]: Processing inject() for PlatformAgent[MixinPlatformAgentDefault:SecureJarResource(lootintegrations)]
[26Jun2025 01:35:18.839] [main/DEBUG] [mixin/]: Processing inject() for PlatformAgent[MixinPlatformAgentDefault:SecureJarResource(yungsapi)]
[26Jun2025 01:35:18.839] [main/DEBUG] [mixin/]: Processing inject() for PlatformAgent[MixinPlatformAgentDefault:SecureJarResource(guardvillagers)]
[26Jun2025 01:35:18.839] [main/DEBUG] [mixin/]: Processing inject() for PlatformAgent[MixinPlatformAgentDefault:SecureJarResource(sophisticatedbackpacks)]
[26Jun2025 01:35:18.839] [main/DEBUG] [mixin/]: Processing inject() for PlatformAgent[MixinPlatformAgentDefault:SecureJarResource(relics)]
[26Jun2025 01:35:18.839] [main/DEBUG] [mixin/]: Processing inject() for PlatformAgent[MixinPlatformAgentDefault:SecureJarResource(mcwdoors)]
[26Jun2025 01:35:18.839] [main/DEBUG] [mixin/]: Processing inject() for PlatformAgent[MixinPlatformAgentDefault:SecureJarResource(takesapillage)]
[26Jun2025 01:35:18.839] [main/DEBUG] [mixin/]: Processing inject() for PlatformAgent[MixinPlatformAgentDefault:SecureJarResource(mermod)]
[26Jun2025 01:35:18.839] [main/DEBUG] [mixin/]: Processing inject() for PlatformAgent[MixinPlatformAgentDefault:SecureJarResource(lootintegrations_structory)]
[26Jun2025 01:35:18.839] [main/DEBUG] [mixin/]: Processing inject() for PlatformAgent[MixinPlatformAgentDefault:SecureJarResource(right_click_get_crops)]
[26Jun2025 01:35:18.839] [main/DEBUG] [mixin/]: Processing inject() for PlatformAgent[MixinPlatformAgentDefault:SecureJarResource(cloth_config)]
[26Jun2025 01:35:18.839] [main/DEBUG] [mixin/]: Processing inject() for PlatformAgent[MixinPlatformAgentDefault:SecureJarResource(betterfortresses)]
[26Jun2025 01:35:18.840] [main/DEBUG] [mixin/]: Processing inject() for PlatformAgent[MixinPlatformAgentDefault:SecureJarResource(ctov)]
[26Jun2025 01:35:18.840] [main/DEBUG] [mixin/]: Processing inject() for PlatformAgent[MixinPlatformAgentDefault:SecureJarResource(supplementaries)]
[26Jun2025 01:35:18.840] [main/DEBUG] [mixin/]: Processing inject() for PlatformAgent[MixinPlatformAgentDefault:SecureJarResource(embeddium)]
[26Jun2025 01:35:18.840] [main/DEBUG] [mixin/]: Processing inject() for PlatformAgent[MixinPlatformAgentDefault:SecureJarResource(geophilic)]
[26Jun2025 01:35:18.840] [main/DEBUG] [mixin/]: Processing inject() for PlatformAgent[MixinPlatformAgentDefault:SecureJarResource(structure_gel)]
[26Jun2025 01:35:18.840] [main/DEBUG] [mixin/]: Processing inject() for PlatformAgent[MixinPlatformAgentDefault:SecureJarResource(mcwbridges)]
[26Jun2025 01:35:18.840] [main/DEBUG] [mixin/]: Processing inject() for PlatformAgent[MixinPlatformAgentDefault:SecureJarResource(taxov)]
[26Jun2025 01:35:18.840] [main/DEBUG] [mixin/]: Processing inject() for PlatformAgent[MixinPlatformAgentDefault:SecureJarResource(biomesoplenty)]
[26Jun2025 01:35:18.840] [main/DEBUG] [mixin/]: Processing inject() for PlatformAgent[MixinPlatformAgentDefault:SecureJarResource(valhelsia_structures)]
[26Jun2025 01:35:18.840] [main/DEBUG] [mixin/]: Processing inject() for PlatformAgent[MixinPlatformAgentDefault:SecureJarResource(mcwfences)]
[26Jun2025 01:35:18.840] [main/DEBUG] [mixin/]: Processing inject() for PlatformAgent[MixinPlatformAgentDefault:SecureJarResource(mcwtrpdoors)]
[26Jun2025 01:35:18.840] [main/DEBUG] [mixin/]: Processing inject() for PlatformAgent[MixinPlatformAgentDefault:SecureJarResource(sleep_tight)]
[26Jun2025 01:35:18.840] [main/DEBUG] [mixin/]: Processing inject() for PlatformAgent[MixinPlatformAgentDefault:SecureJarResource(wildlands)]
[26Jun2025 01:35:18.840] [main/DEBUG] [mixin/]: Processing inject() for PlatformAgent[MixinPlatformAgentDefault:SecureJarResource(yungsbridges)]
[26Jun2025 01:35:18.840] [main/DEBUG] [mixin/]: Processing inject() for PlatformAgent[MixinPlatformAgentDefault:SecureJarResource(resourcefulconfig)]
[26Jun2025 01:35:18.840] [main/DEBUG] [mixin/]: Processing inject() for PlatformAgent[MixinPlatformAgentDefault:SecureJarResource(curios)]
[26Jun2025 01:35:18.840] [main/DEBUG] [mixin/]: Processing inject() for PlatformAgent[MixinPlatformAgentDefault:SecureJarResource(cullleaves)]
[26Jun2025 01:35:18.840] [main/DEBUG] [mixin/]: Processing inject() for PlatformAgent[MixinPlatformAgentDefault:SecureJarResource(seadwellers)]
[26Jun2025 01:35:18.840] [main/DEBUG] [mixin/]: Processing inject() for PlatformAgent[MixinPlatformAgentDefault:SecureJarResource(yungsextras)]
[26Jun2025 01:35:18.840] [main/DEBUG] [mixin/]: Processing inject() for PlatformAgent[MixinPlatformAgentDefault:SecureJarResource(tombstone)]
[26Jun2025 01:35:18.840] [main/DEBUG] [mixin/]: Processing inject() for PlatformAgent[MixinPlatformAgentDefault:SecureJarResource(betterstrongholds)]
[26Jun2025 01:35:18.840] [main/DEBUG] [mixin/]: Processing inject() for PlatformAgent[MixinPlatformAgentDefault:SecureJarResource(resourcefullib)]
[26Jun2025 01:35:18.840] [main/DEBUG] [mixin/]: Processing inject() for PlatformAgent[MixinPlatformAgentDefault:SecureJarResource(architectury)]
[26Jun2025 01:35:18.840] [main/DEBUG] [mixin/]: Processing inject() for PlatformAgent[MixinPlatformAgentDefault:SecureJarResource(cupboard)]
[26Jun2025 01:35:18.840] [main/DEBUG] [mixin/]: Processing inject() for PlatformAgent[MixinPlatformAgentDefault:SecureJarResource(mcwfurnitures)]
[26Jun2025 01:35:18.841] [main/DEBUG] [mixin/]: Processing inject() for PlatformAgent[MixinPlatformAgentDefault:SecureJarResource(lootintegrations_ctov)]
[26Jun2025 01:35:18.841] [main/DEBUG] [mixin/]: Processing inject() for PlatformAgent[MixinPlatformAgentDefault:SecureJarResource(betterendisland)]
[26Jun2025 01:35:18.841] [main/DEBUG] [mixin/]: Processing inject() for PlatformAgent[MixinPlatformAgentDefault:SecureJarResource(lootintegrations_moog)]
[26Jun2025 01:35:18.841] [main/DEBUG] [mixin/]: Processing inject() for PlatformAgent[MixinPlatformAgentDefault:SecureJarResource(fastleafdecay)]
[26Jun2025 01:35:18.841] [main/DEBUG] [mixin/]: Processing inject() for PlatformAgent[MixinPlatformAgentDefault:SecureJarResource(bettermineshafts)]
[26Jun2025 01:35:18.841] [main/DEBUG] [mixin/]: Processing inject() for PlatformAgent[MixinPlatformAgentDefault:SecureJarResource(geckolib3)]
[26Jun2025 01:35:18.841] [main/DEBUG] [mixin/]: Processing inject() for PlatformAgent[MixinPlatformAgentDefault:SecureJarResource(mcwlights)]
[26Jun2025 01:35:18.841] [main/DEBUG] [mixin/]: Processing inject() for PlatformAgent[MixinPlatformAgentDefault:SecureJarResource(betterjungletemples)]
[26Jun2025 01:35:18.841] [main/DEBUG] [mixin/]: Processing inject() for PlatformAgent[MixinPlatformAgentDefault:SecureJarResource(arcane_abilities)]
[26Jun2025 01:35:18.841] [main/DEBUG] [mixin/]: Processing inject() for PlatformAgent[MixinPlatformAgentDefault:SecureJarResource(expore)]
[26Jun2025 01:35:18.841] [main/DEBUG] [mixin/]: Processing inject() for PlatformAgent[MixinPlatformAgentDefault:SecureJarResource(octolib)]
[26Jun2025 01:35:18.841] [main/DEBUG] [mixin/]: Processing inject() for PlatformAgent[MixinPlatformAgentDefault:SecureJarResource(easymagic)]
[26Jun2025 01:35:18.841] [main/DEBUG] [mixin/]: Processing inject() for PlatformAgent[MixinPlatformAgentDefault:SecureJarResource(jei)]
[26Jun2025 01:35:18.841] [main/DEBUG] [mixin/]: Processing inject() for PlatformAgent[MixinPlatformAgentDefault:SecureJarResource(obscure_api)]
[26Jun2025 01:35:18.841] [main/DEBUG] [mixin/]: Processing inject() for PlatformAgent[MixinPlatformAgentDefault:SecureJarResource(upgrade_aquatic)]
[26Jun2025 01:35:18.841] [main/DEBUG] [mixin/]: Processing inject() for PlatformAgent[MixinPlatformAgentDefault:SecureJarResource(structorytowers)]
[26Jun2025 01:35:18.841] [main/DEBUG] [mixin/]: Processing inject() for PlatformAgent[MixinPlatformAgentDefault:SecureJarResource(realmrpg_skeletons)]
[26Jun2025 01:35:18.841] [main/DEBUG] [mixin/]: Processing inject() for PlatformAgent[MixinPlatformAgentDefault:SecureJarResource(mcwpaintings)]
[26Jun2025 01:35:18.841] [main/DEBUG] [mixin/]: Processing inject() for PlatformAgent[MixinPlatformAgentDefault:SecureJarResource(structory)]
[26Jun2025 01:35:18.841] [main/DEBUG] [mixin/]: Processing inject() for PlatformAgent[MixinPlatformAgentDefault:SecureJarResource(journeymap)]
[26Jun2025 01:35:18.841] [main/DEBUG] [mixin/]: Processing inject() for PlatformAgent[MixinPlatformAgentDefault:SecureJarResource(artifacts)]
[26Jun2025 01:35:18.841] [main/DEBUG] [mixin/]: Processing inject() for PlatformAgent[MixinPlatformAgentDefault:SecureJarResource(breezy)]
[26Jun2025 01:35:18.841] [main/DEBUG] [mixin/]: Processing inject() for PlatformAgent[MixinPlatformAgentDefault:SecureJarResource(untamedwilds)]
[26Jun2025 01:35:18.841] [main/DEBUG] [mixin/]: Processing inject() for PlatformAgent[MixinPlatformAgentDefault:SecureJarResource(betteranimalsplus)]
[26Jun2025 01:35:18.842] [main/DEBUG] [mixin/]: Processing inject() for PlatformAgent[MixinPlatformAgentDefault:SecureJarResource(midnightlib)]
[26Jun2025 01:35:18.842] [main/DEBUG] [mixin/]: Processing inject() for PlatformAgent[MixinPlatformAgentDefault:SecureJarResource(betterdeserttemples)]
[26Jun2025 01:35:18.842] [main/DEBUG] [mixin/]: Processing inject() for PlatformAgent[MixinPlatformAgentDefault:SecureJarResource(iceandfire)]
[26Jun2025 01:35:18.842] [main/DEBUG] [mixin/]: Processing inject() for PlatformAgent[MixinPlatformAgentDefault:SecureJarResource(blueprint)]
[26Jun2025 01:35:18.842] [main/DEBUG] [mixin/]: Processing inject() for PlatformAgent[MixinPlatformAgentDefault:SecureJarResource(unwrecked_ships_plus)]
[26Jun2025 01:35:18.842] [main/DEBUG] [mixin/]: Processing inject() for PlatformAgent[MixinPlatformAgentDefault:SecureJarResource(mr_hero_proof)]
[26Jun2025 01:35:18.842] [main/DEBUG] [mixin/]: Processing inject() for PlatformAgent[MixinPlatformAgentDefault:SecureJarResource(forge)]
[26Jun2025 01:35:18.842] [main/DEBUG] [mixin/]: Processing inject() for PlatformAgent[MixinPlatformAgentDefault:SecureJarResource(scuba_gear)]
[26Jun2025 01:35:18.842] [main/DEBUG] [mixin/]: Processing inject() for PlatformAgent[MixinPlatformAgentDefault:SecureJarResource(friendsandfoes)]
[26Jun2025 01:35:18.842] [main/DEBUG] [mixin/]: Processing inject() for PlatformAgent[MixinPlatformAgentDefault:SecureJarResource(mcwpaths)]
[26Jun2025 01:35:18.842] [main/DEBUG] [mixin/]: Processing inject() for PlatformAgent[MixinPlatformAgentDefault:SecureJarResource(barrows_brothers_mod)]
[26Jun2025 01:35:18.842] [main/DEBUG] [mixin/]: Processing inject() for PlatformAgent[MixinPlatformAgentDefault:SecureJarResource(minecraft)]
[26Jun2025 01:35:18.842] [main/DEBUG] [mixin/]: Processing inject() for PlatformAgent[MixinPlatformAgentDefault:SecureJarResource(moonlight)]
[26Jun2025 01:35:18.842] [main/DEBUG] [mixin/]: Processing inject() for PlatformAgent[MixinPlatformAgentDefault:SecureJarResource(terrablender)]
[26Jun2025 01:35:18.842] [main/DEBUG] [mixin/]: Processing inject() for PlatformAgent[MixinPlatformAgentDefault:SecureJarResource(jade)]
[26Jun2025 01:35:18.842] [main/DEBUG] [mixin/]: Processing inject() for PlatformAgent[MixinPlatformAgentDefault:SecureJarResource(lootintegrations_yungs)]
[26Jun2025 01:35:18.842] [main/DEBUG] [mixin/]: Processing inject() for PlatformAgent[MixinPlatformAgentDefault:SecureJarResource(kotlinforforge)]
[26Jun2025 01:35:18.842] [main/DEBUG] [mixin/]: Processing inject() for PlatformAgent[MixinPlatformAgentDefault:SecureJarResource(notenoughanimations)]
[26Jun2025 01:35:18.842] [main/DEBUG] [mixin/]: Processing inject() for PlatformAgent[MixinPlatformAgentDefault:SecureJarResource(entityculling)]
[26Jun2025 01:35:18.842] [main/DEBUG] [mixin/]: Processing inject() for PlatformAgent[MixinPlatformAgentDefault:SecureJarResource(freecam)]
[26Jun2025 01:35:18.842] [main/DEBUG] [mixin/]: Processing inject() for PlatformAgent[MixinPlatformAgentDefault:SecureJarResource(regrowth)]
[26Jun2025 01:35:18.842] [main/DEBUG] [mixin/]: Processing inject() for PlatformAgent[MixinPlatformAgentDefault:SecureJarResource(immediatelyfast)]
[26Jun2025 01:35:18.842] [main/DEBUG] [mixin/]: Processing inject() for PlatformAgent[MixinPlatformAgentDefault:SecureJarResource(appleskin)]
[26Jun2025 01:35:18.843] [main/DEBUG] [mixin/]: Processing inject() for PlatformAgent[MixinPlatformAgentDefault:SecureJarResource(mvs)]
[26Jun2025 01:35:18.843] [main/DEBUG] [mixin/]: Processing inject() for PlatformAgent[MixinPlatformAgentDefault:SecureJarResource(ferritecore)]
[26Jun2025 01:35:18.843] [main/DEBUG] [mixin/]: Processing inject() for PlatformAgent[MixinPlatformAgentDefault:SecureJarResource(moremobvariants)]
[26Jun2025 01:35:18.843] [main/DEBUG] [mixin/]: Processing inject() for PlatformAgent[MixinPlatformAgentDefault:SecureJarResource(puzzleslib)]
[26Jun2025 01:35:18.843] [main/DEBUG] [mixin/]: Processing inject() for PlatformAgent[MixinPlatformAgentDefault:SecureJarResource(aquaculture)]
[26Jun2025 01:35:18.843] [main/DEBUG] [mixin/]: Processing inject() for PlatformAgent[MixinPlatformAgentDefault:SecureJarResource(valkyrienskies)]
[26Jun2025 01:35:18.843] [main/DEBUG] [mixin/]: Processing inject() for PlatformAgent[MixinPlatformAgentDefault:SecureJarResource(expandability)]
[26Jun2025 01:35:18.843] [main/DEBUG] [mixin/]: Processing inject() for PlatformAgent[MixinPlatformAgentDefault:SecureJarResource(valhelsia_core)]
[26Jun2025 01:35:18.843] [main/DEBUG] [mixin/]: Processing inject() for PlatformAgent[MixinPlatformAgentDefault:SecureJarResource(aquamirae)]
[26Jun2025 01:35:18.843] [main/DEBUG] [mixin/]: Processing inject() for PlatformAgent[MixinPlatformAgentDefault:SecureJarResource(ad_astra)]
[26Jun2025 01:35:18.843] [main/DEBUG] [mixin/]: Processing inject() for PlatformAgent[MixinPlatformAgentDefault:SecureJarResource(com.fasterxml.jackson.annotation)]
[26Jun2025 01:35:18.843] [main/DEBUG] [mixin/]: Processing inject() for PlatformAgent[MixinPlatformAgentDefault:SecureJarResource(jsonschema.module.jackson)]
[26Jun2025 01:35:18.843] [main/DEBUG] [mixin/]: Processing inject() for PlatformAgent[MixinPlatformAgentDefault:SecureJarResource(org.joml.primitives)]
[26Jun2025 01:35:18.843] [main/DEBUG] [mixin/]: Processing inject() for PlatformAgent[MixinPlatformAgentDefault:SecureJarResource(jsonschema.generator)]
[26Jun2025 01:35:18.843] [main/DEBUG] [mixin/]: Processing inject() for PlatformAgent[MixinPlatformAgentDefault:SecureJarResource(mixinextras)]
[26Jun2025 01:35:18.843] [main/DEBUG] [mixin/]: Processing inject() for PlatformAgent[MixinPlatformAgentDefault:SecureJarResource(json.schema.validator)]
[26Jun2025 01:35:18.843] [main/DEBUG] [mixin/]: Processing inject() for PlatformAgent[MixinPlatformAgentDefault:SecureJarResource(com.fasterxml.jackson.module.paramnames)]
[26Jun2025 01:35:18.843] [main/DEBUG] [mixin/]: Processing inject() for PlatformAgent[MixinPlatformAgentDefault:SecureJarResource(com.fasterxml.jackson.dataformat.cbor)]
[26Jun2025 01:35:18.843] [main/DEBUG] [mixin/]: Processing inject() for PlatformAgent[MixinPlatformAgentDefault:SecureJarResource(util.b19b27c4a4)]
[26Jun2025 01:35:18.843] [main/DEBUG] [mixin/]: Processing inject() for PlatformAgent[MixinPlatformAgentDefault:SecureJarResource(jackson.module.kotlin.rubyfork)]
[26Jun2025 01:35:18.843] [main/DEBUG] [mixin/]: Processing inject() for PlatformAgent[MixinPlatformAgentDefault:SecureJarResource(jackson.kotlin.dsl)]
[26Jun2025 01:35:18.843] [main/DEBUG] [mixin/]: Processing inject() for PlatformAgent[MixinPlatformAgentDefault:SecureJarResource(com.fasterxml.classmate)]
[26Jun2025 01:35:18.843] [main/DEBUG] [mixin/]: Processing inject() for PlatformAgent[MixinPlatformAgentDefault:SecureJarResource(Reflect)]
[26Jun2025 01:35:18.844] [main/DEBUG] [mixin/]: Processing inject() for PlatformAgent[MixinPlatformAgentDefault:SecureJarResource(commons.math3)]
[26Jun2025 01:35:18.844] [main/DEBUG] [mixin/]: Processing inject() for PlatformAgent[MixinPlatformAgentDefault:SecureJarResource(zjsonpatch)]
[26Jun2025 01:35:18.844] [main/DEBUG] [mixin/]: Processing inject() for PlatformAgent[MixinPlatformAgentDefault:SecureJarResource(com.fasterxml.jackson.core)]
[26Jun2025 01:35:18.844] [main/DEBUG] [mixin/]: Processing inject() for PlatformAgent[MixinPlatformAgentDefault:SecureJarResource(dagger)]
[26Jun2025 01:35:18.844] [main/DEBUG] [mixin/]: Processing inject() for PlatformAgent[MixinPlatformAgentDefault:SecureJarResource(org.apache.commons.collections4)]
[26Jun2025 01:35:18.844] [main/DEBUG] [mixin/]: Processing inject() for PlatformAgent[MixinPlatformAgentDefault:SecureJarResource(json.path)]
[26Jun2025 01:35:18.844] [main/DEBUG] [mixin/]: Processing inject() for PlatformAgent[MixinPlatformAgentDefault:SecureJarResource(itu)]
[26Jun2025 01:35:18.844] [main/DEBUG] [mixin/]: Processing inject() for PlatformAgent[MixinPlatformAgentDefault:SecureJarResource(javax.inject)]
[26Jun2025 01:35:18.844] [main/DEBUG] [mixin/]: Processing inject() for PlatformAgent[MixinPlatformAgentDefault:SecureJarResource(api.b19b27c4a4)]
[26Jun2025 01:35:18.844] [main/DEBUG] [mixin/]: Processing inject() for PlatformAgent[MixinPlatformAgentDefault:SecureJarResource(MathParser.org.mXparser)]
[26Jun2025 01:35:18.844] [main/DEBUG] [mixin/]: Processing inject() for PlatformAgent[MixinPlatformAgentDefault:SecureJarResource(org.joml)]
[26Jun2025 01:35:18.844] [main/DEBUG] [mixin/]: Processing inject() for PlatformAgent[MixinPlatformAgentDefault:SecureJarResource(com.fasterxml.jackson.databind)]
[26Jun2025 01:35:18.844] [main/DEBUG] [mixin/]: Processing inject() for PlatformAgent[MixinPlatformAgentDefault:SecureJarResource(MixinExtras)]
[26Jun2025 01:35:18.844] [main/DEBUG] [mixin/]: Processing inject() for PlatformAgent[MixinPlatformAgentDefault:SecureJarResource(thedarkcolour.kotlinforforge.lib)]
[26Jun2025 01:35:18.844] [main/INFO] [cpw.mods.modlauncher.LaunchServiceHandler/MODLAUNCHER]: Launching target 'forgeserver' with arguments [nogui]
[26Jun2025 01:35:18.879] [main/DEBUG] [mixin/]: Error cleaning class output directory: .mixin.out
[26Jun2025 01:35:18.880] [main/DEBUG] [mixin/]: Preparing mixins for MixinEnvironment[DEFAULT]
[26Jun2025 01:35:18.880] [main/DEBUG] [mixin/]: Selecting config betterdungeons.mixins.json
[26Jun2025 01:35:18.885] [main/DEBUG] [mixin/]: Selecting config betterdungeons_forge.mixins.json
[26Jun2025 01:35:18.887] [main/DEBUG] [mixin/]: Selecting config blue_skies.mixins.json
[26Jun2025 01:35:18.890] [main/DEBUG] [mixin/]: Selecting config easyanvils.common.mixins.json
[26Jun2025 01:35:18.891] [main/DEBUG] [mixin/]: Selecting config easyanvils.forge.mixins.json
[26Jun2025 01:35:18.903] [main/DEBUG] [mixin/]: Selecting config betterwitchhuts.mixins.json
[26Jun2025 01:35:18.905] [main/DEBUG] [mixin/]: Selecting config betterwitchhuts_forge.mixins.json
[26Jun2025 01:35:18.907] [main/DEBUG] [mixin/]: Selecting config botarium.forge.mixins.json
[26Jun2025 01:35:18.909] [main/DEBUG] [mixin/]: Selecting config betteroceanmonuments.mixins.json
[26Jun2025 01:35:18.910] [main/DEBUG] [mixin/]: Selecting config betteroceanmonuments_forge.mixins.json
[26Jun2025 01:35:18.912] [main/DEBUG] [mixin/]: Selecting config mixins.hammerlib.json
[26Jun2025 01:35:18.914] [main/DEBUG] [mixin/]: Selecting config immersive_aircraft.mixins.json
[26Jun2025 01:35:18.916] [main/DEBUG] [mixin/]: Selecting config vs_eureka.mixins.json
[26Jun2025 01:35:18.920] [main/WARN] [mixin/]: Reference map 'eureka-1192-forge-refmap.json' for vs_eureka.mixins.json could not be read. If this is a development environment you can ignore this message
[26Jun2025 01:35:18.920] [main/DEBUG] [mixin/]: Selecting config vs_eureka-common.mixins.json
[26Jun2025 01:35:18.922] [main/DEBUG] [mixin/]: Selecting config citadel.mixins.json
[26Jun2025 01:35:18.925] [main/DEBUG] [mixin/]: Selecting config modernfix-common.mixins.json
[26Jun2025 01:35:19.032] [main/INFO] [ModernFix/]: Loaded configuration file for ModernFix 5.18.1+mc1.19.2: 87 options available, 0 override(s) found
[26Jun2025 01:35:19.033] [main/INFO] [ModernFix/]: Applying Nashorn fix
[26Jun2025 01:35:19.048] [main/INFO] [ModernFix/]: Applied Forge config corruption patch
[26Jun2025 01:35:19.053] [main/DEBUG] [mixin/]: Selecting config modernfix-forge.mixins.json
[26Jun2025 01:35:19.056] [main/DEBUG] [mixin/]: Selecting config lootintegrations.mixins.json
[26Jun2025 01:35:19.057] [main/DEBUG] [mixin/]: Selecting config yungsapi.mixins.json
[26Jun2025 01:35:19.059] [main/DEBUG] [mixin/]: Selecting config yungsapi_forge.mixins.json
[26Jun2025 01:35:19.060] [main/DEBUG] [mixin/]: Selecting config guardvillagers.mixins.json
[26Jun2025 01:35:19.061] [main/DEBUG] [mixin/]: Selecting config relics.mixins.json
[26Jun2025 01:35:19.063] [main/DEBUG] [mixin/]: Selecting config takesapillage.mixins.json
[26Jun2025 01:35:19.066] [main/DEBUG] [mixin/]: Selecting config mermod.mixins.json
[26Jun2025 01:35:19.067] [main/DEBUG] [mixin/]: Selecting config betterfortresses.mixins.json
[26Jun2025 01:35:19.068] [main/DEBUG] [mixin/]: Selecting config betterfortresses_forge.mixins.json
[26Jun2025 01:35:19.071] [main/DEBUG] [mixin/]: Selecting config supplementaries-common.mixins.json
[26Jun2025 01:35:19.077] [main/DEBUG] [mixin/]: Selecting config supplementaries.mixins.json
[26Jun2025 01:35:19.081] [main/DEBUG] [mixin/]: Selecting config embeddium.mixins.json
[26Jun2025 01:35:19.092] [main/INFO] [Embeddium/]: Loaded configuration file for Embeddium: 144 options available, 0 override(s) found
[26Jun2025 01:35:19.094] [main/DEBUG] [mixin/]: Selecting config structure_gel.mixins.json
[26Jun2025 01:35:19.096] [main/DEBUG] [mixin/]: Selecting config valhelsia_structures.mixins.json
[26Jun2025 01:35:19.097] [main/DEBUG] [mixin/]: Selecting config sleep_tight-common.mixins.json
[26Jun2025 01:35:19.099] [main/DEBUG] [mixin/]: Selecting config sleep_tight.mixins.json
[26Jun2025 01:35:19.101] [main/DEBUG] [mixin/]: Selecting config yungsbridges.mixins.json
[26Jun2025 01:35:19.103] [main/DEBUG] [mixin/]: Selecting config yungsbridges_forge.mixins.json
[26Jun2025 01:35:19.104] [main/DEBUG] [mixin/]: Selecting config curios.mixins.json
[26Jun2025 01:35:19.106] [main/DEBUG] [mixin/]: Selecting config cullleaves.mixins.json
[26Jun2025 01:35:19.107] [main/DEBUG] [mixin/]: Selecting config yungsextras.mixins.json
[26Jun2025 01:35:19.109] [main/WARN] [mixin/]: Reference map 'yungsextras.refmap.json' for yungsextras.mixins.json could not be read. If this is a development environment you can ignore this message
[26Jun2025 01:35:19.110] [main/DEBUG] [mixin/]: Selecting config yungsextras_forge.mixins.json
[26Jun2025 01:35:19.112] [main/WARN] [mixin/]: Reference map 'yungsextras.refmap.json' for yungsextras_forge.mixins.json could not be read. If this is a development environment you can ignore this message
[26Jun2025 01:35:19.112] [main/DEBUG] [mixin/]: Selecting config tombstone.mixins.json
[26Jun2025 01:35:19.114] [main/DEBUG] [mixin/]: Selecting config betterstrongholds.mixins.json
[26Jun2025 01:35:19.116] [main/DEBUG] [mixin/]: Selecting config betterstrongholds_forge.mixins.json
[26Jun2025 01:35:19.117] [main/DEBUG] [mixin/]: Selecting config architectury.mixins.json
[26Jun2025 01:35:19.120] [main/DEBUG] [mixin/]: Selecting config architectury-common.mixins.json
[26Jun2025 01:35:19.121] [main/DEBUG] [mixin/]: Selecting config cupboard.mixins.json
[26Jun2025 01:35:19.123] [main/DEBUG] [mixin/]: Selecting config betterendisland.mixins.json
[26Jun2025 01:35:19.124] [main/DEBUG] [mixin/]: Selecting config betterendisland_forge.mixins.json
[26Jun2025 01:35:19.126] [main/DEBUG] [mixin/]: Selecting config bettermineshafts.mixins.json
[26Jun2025 01:35:19.128] [main/DEBUG] [mixin/]: Selecting config bettermineshafts_forge.mixins.json
[26Jun2025 01:35:19.129] [main/DEBUG] [mixin/]: Selecting config betterjungletemples.mixins.json
[26Jun2025 01:35:19.131] [main/DEBUG] [mixin/]: Selecting config betterjungletemples_forge.mixins.json
[26Jun2025 01:35:19.132] [main/DEBUG] [mixin/]: Selecting config arcane_abilities.mixins.json
[26Jun2025 01:35:19.134] [main/DEBUG] [mixin/]: Selecting config octolib.mixins.json
[26Jun2025 01:35:19.136] [main/WARN] [mixin/]: Reference map 'octolib.refmap.json' for octolib.mixins.json could not be read. If this is a development environment you can ignore this message
[26Jun2025 01:35:19.137] [main/DEBUG] [mixin/]: Selecting config easymagic.common.mixins.json
[26Jun2025 01:35:19.138] [main/DEBUG] [mixin/]: Selecting config obscure_api.mixins.json
[26Jun2025 01:35:19.139] [main/DEBUG] [mixin/]: Selecting config upgrade_aquatic.mixins.json
[26Jun2025 01:35:19.141] [main/DEBUG] [mixin/]: Selecting config journeymap.mixins.json
[26Jun2025 01:35:19.142] [main/DEBUG] [mixin/]: Selecting config mixins.artifacts.json
[26Jun2025 01:35:19.144] [main/DEBUG] [mixin/]: Selecting config breezy.mixins.json
[26Jun2025 01:35:19.146] [main/DEBUG] [mixin/]: Selecting config untamedwilds.mixins.json
[26Jun2025 01:35:19.148] [main/WARN] [mixin/]: Reference map 'untamedwilds.refmap.json' for untamedwilds.mixins.json could not be read. If this is a development environment you can ignore this message
[26Jun2025 01:35:19.148] [main/DEBUG] [mixin/]: Selecting config mixin.imdlib-betteranimalsplus.json
[26Jun2025 01:35:19.151] [main/DEBUG] [mixin/]: Selecting config betteranimalsplus.mixins.json
[26Jun2025 01:35:19.153] [main/DEBUG] [mixin/]: Selecting config betteranimalsplus-forge.mixins.json
[26Jun2025 01:35:19.155] [main/DEBUG] [mixin/]: Selecting config midnightlib.mixins.json
[26Jun2025 01:35:19.158] [main/DEBUG] [mixin/]: Selecting config betterdeserttemples.mixins.json
[26Jun2025 01:35:19.160] [main/DEBUG] [mixin/]: Selecting config betterdeserttemples_forge.mixins.json
[26Jun2025 01:35:19.161] [main/DEBUG] [mixin/]: Selecting config iceandfire.mixins.json
[26Jun2025 01:35:19.163] [main/DEBUG] [mixin/]: Selecting config blueprint.mixins.json
[26Jun2025 01:35:19.165] [main/DEBUG] [mixin/]: Selecting config scuba_gear.mixins.json
[26Jun2025 01:35:19.166] [main/DEBUG] [mixin/]: Selecting config friendsandfoes-common.mixins.json
[26Jun2025 01:35:19.170] [main/DEBUG] [mixin/]: Selecting config friendsandfoes-forge.mixins.json
[26Jun2025 01:35:19.172] [main/DEBUG] [mixin/]: Selecting config moonlight-common.mixins.json
[26Jun2025 01:35:19.174] [main/DEBUG] [mixin/]: Selecting config moonlight.mixins.json
[26Jun2025 01:35:19.176] [main/DEBUG] [mixin/]: Selecting config terrablender.mixins.json
[26Jun2025 01:35:19.177] [main/DEBUG] [mixin/]: Selecting config terrablender_forge.mixins.json
[26Jun2025 01:35:19.179] [main/DEBUG] [mixin/]: Selecting config notenoughanimations.mixins.json
[26Jun2025 01:35:19.181] [main/DEBUG] [mixin/]: Selecting config entityculling.mixins.json
[26Jun2025 01:35:19.182] [main/DEBUG] [mixin/]: Selecting config freecam-common.mixins.json
[26Jun2025 01:35:19.184] [main/DEBUG] [mixin/]: Selecting config freecam-forge.mixins.json
[26Jun2025 01:35:19.187] [main/DEBUG] [mixin/]: Selecting config immediatelyfast-forge.mixins.json
[26Jun2025 01:35:19.209] [main/DEBUG] [mixin/]: Selecting config immediatelyfast-common.mixins.json
[26Jun2025 01:35:19.212] [main/DEBUG] [mixin/]: Selecting config mvs-common.mixins.json
[26Jun2025 01:35:19.213] [main/DEBUG] [mixin/]: Selecting config mvs-forge.mixins.json
[26Jun2025 01:35:19.215] [main/WARN] [mixin/]: Reference map 'mvs-forge-refmap.json' for mvs-forge.mixins.json could not be read. If this is a development environment you can ignore this message
[26Jun2025 01:35:19.215] [main/DEBUG] [mixin/]: Selecting config ferritecore.predicates.mixin.json
[26Jun2025 01:35:19.235] [main/DEBUG] [mixin/]: Selecting config ferritecore.fastmap.mixin.json
[26Jun2025 01:35:19.237] [main/DEBUG] [mixin/]: Selecting config ferritecore.mrl.mixin.json
[26Jun2025 01:35:19.239] [main/DEBUG] [mixin/]: Selecting config ferritecore.dedupmultipart.mixin.json
[26Jun2025 01:35:19.241] [main/DEBUG] [mixin/]: Selecting config ferritecore.blockstatecache.mixin.json
[26Jun2025 01:35:19.244] [main/DEBUG] [mixin/]: Selecting config ferritecore.dedupbakedquad.mixin.json
[26Jun2025 01:35:19.246] [main/DEBUG] [mixin/]: Selecting config ferritecore.threaddetec.mixin.json
[26Jun2025 01:35:19.249] [main/DEBUG] [mixin/]: Selecting config moremobvariants.mixins.json
[26Jun2025 01:35:19.250] [main/DEBUG] [mixin/]: Selecting config puzzleslib.common.mixins.json
[26Jun2025 01:35:19.253] [main/DEBUG] [mixin/]: Selecting config puzzleslib.forge.mixins.json
[26Jun2025 01:35:19.254] [main/DEBUG] [mixin/]: Selecting config valkyrienskies-common.mixins.json
[26Jun2025 01:35:19.315] [main/DEBUG] [MixinExtras|Service/]: com.llamalad7.mixinextras.service.MixinExtrasServiceImpl(version=0.3.6) is taking over from null
[26Jun2025 01:35:19.361] [main/DEBUG] [mixin/]: Registering new injector for @Inject with org.spongepowered.asm.mixin.injection.struct.CallbackInjectionInfo
[26Jun2025 01:35:19.365] [main/DEBUG] [mixin/]: Registering new injector for @ModifyArg with org.spongepowered.asm.mixin.injection.struct.ModifyArgInjectionInfo
[26Jun2025 01:35:19.369] [main/DEBUG] [mixin/]: Registering new injector for @ModifyArgs with org.spongepowered.asm.mixin.injection.struct.ModifyArgsInjectionInfo
[26Jun2025 01:35:19.371] [main/DEBUG] [mixin/]: Registering new injector for @Redirect with org.spongepowered.asm.mixin.injection.struct.RedirectInjectionInfo
[26Jun2025 01:35:19.372] [main/DEBUG] [mixin/]: Registering new injector for @ModifyVariable with org.spongepowered.asm.mixin.injection.struct.ModifyVariableInjectionInfo
[26Jun2025 01:35:19.379] [main/DEBUG] [mixin/]: Registering new injector for @ModifyConstant with org.spongepowered.asm.mixin.injection.struct.ModifyConstantInjectionInfo
[26Jun2025 01:35:19.403] [main/DEBUG] [mixin/]: Selecting config valkyrienskies-forge.mixins.json
[26Jun2025 01:35:19.407] [main/DEBUG] [mixin/]: Selecting config expandability.mixins.json
[26Jun2025 01:35:19.409] [main/DEBUG] [mixin/]: Selecting config expandability-common.mixins.json
[26Jun2025 01:35:19.415] [main/DEBUG] [mixin/]: Selecting config valhelsia_core.mixins.json
[26Jun2025 01:35:19.419] [main/DEBUG] [mixin/]: Selecting config aquamirae.mixins.json
[26Jun2025 01:35:19.420] [main/DEBUG] [mixin/]: Selecting config ad_astra-common.mixins.json
[26Jun2025 01:35:19.424] [main/DEBUG] [mixin/]: Selecting config ad_astra.mixins.json
[26Jun2025 01:35:19.427] [main/DEBUG] [mixin/]: Selecting config mixinextras.init.mixins.json
[26Jun2025 01:35:19.433] [main/DEBUG] [mixin/]: Preparing betterdungeons.mixins.json (6)
[26Jun2025 01:35:19.520] [main/DEBUG] [mixin/]: Preparing betterdungeons_forge.mixins.json (0)
[26Jun2025 01:35:19.520] [main/DEBUG] [mixin/]: Preparing blue_skies.mixins.json (20)
[26Jun2025 01:35:19.572] [main/DEBUG] [net.minecraftforge.coremod.transformer.CoreModBaseTransformer/COREMOD]: Transforming net/minecraft/world/level/biome/Biome
[26Jun2025 01:35:19.659] [main/DEBUG] [mixin/]: Preparing easyanvils.common.mixins.json (5)
[26Jun2025 01:35:19.669] [main/DEBUG] [mixin/]: Preparing easyanvils.forge.mixins.json (1)
[26Jun2025 01:35:19.672] [main/DEBUG] [mixin/]: Preparing betterwitchhuts.mixins.json (5)
[26Jun2025 01:35:19.682] [main/DEBUG] [mixin/]: Preparing betterwitchhuts_forge.mixins.json (0)
[26Jun2025 01:35:19.682] [main/DEBUG] [mixin/]: Preparing botarium.forge.mixins.json (1)
[26Jun2025 01:35:19.685] [main/DEBUG] [mixin/]: Preparing betteroceanmonuments.mixins.json (5)
[26Jun2025 01:35:19.692] [main/DEBUG] [mixin/]: Preparing betteroceanmonuments_forge.mixins.json (0)
[26Jun2025 01:35:19.692] [main/DEBUG] [mixin/]: Preparing mixins.hammerlib.json (30)
[26Jun2025 01:35:19.745] [main/DEBUG] [net.minecraftforge.coremod.transformer.CoreModBaseTransformer/COREMOD]: Transforming net/minecraft/world/item/ItemStack
[26Jun2025 01:35:19.794] [main/WARN] [mixin/]: Error loading class: dev/latvian/mods/kubejs/recipe/RecipesEventJS (java.lang.ClassNotFoundException: dev.latvian.mods.kubejs.recipe.RecipesEventJS)
[26Jun2025 01:35:19.794] [main/WARN] [mixin/]: @Mixin target dev.latvian.mods.kubejs.recipe.RecipesEventJS was not found mixins.hammerlib.json:bs.kubejs.RecipeEventJSMixin
[26Jun2025 01:35:19.794] [main/DEBUG] [mixin/]: Preparing immersive_aircraft.mixins.json (15)
[26Jun2025 01:35:19.808] [main/DEBUG] [mixin/]: Preparing vs_eureka.mixins.json (0)
[26Jun2025 01:35:19.808] [main/DEBUG] [mixin/]: Preparing vs_eureka-common.mixins.json (1)
[26Jun2025 01:35:19.808] [main/DEBUG] [mixin/]: Preparing citadel.mixins.json (17)
[26Jun2025 01:35:19.836] [main/DEBUG] [mixin/]: Preparing modernfix-common.mixins.json (91)
[26Jun2025 01:35:19.839] [main/DEBUG] [ModernFix/]: No rules matched mixin 'perf.compact_mojang_registries.MappedRegistryMixin', treating as foreign and disabling!
[26Jun2025 01:35:19.938] [main/DEBUG] [mixin/]: Preparing modernfix-forge.mixins.json (50)
[26Jun2025 01:35:20.004] [main/DEBUG] [mixin/]: Preparing lootintegrations.mixins.json (3)
[26Jun2025 01:35:20.009] [main/DEBUG] [mixin/]: Preparing yungsapi.mixins.json (10)
[26Jun2025 01:35:20.015] [main/DEBUG] [yungsapi/]: Loaded com.yungnickyoung.minecraft.yungsapi.services.ForgePlatformHelper@427308f8 for service interface com.yungnickyoung.minecraft.yungsapi.services.IPlatformHelper
[26Jun2025 01:35:20.016] [main/DEBUG] [yungsapi/]: Loaded com.yungnickyoung.minecraft.yungsapi.services.ForgeAutoRegisterHelper@22f8adc2 for service interface com.yungnickyoung.minecraft.yungsapi.services.IAutoRegisterHelper
[26Jun2025 01:35:20.017] [main/DEBUG] [yungsapi/]: Loaded com.yungnickyoung.minecraft.yungsapi.services.ForgeBlockEntityTypeHelper@26fadd98 for service interface com.yungnickyoung.minecraft.yungsapi.services.IBlockEntityTypeHelper
[26Jun2025 01:35:20.031] [main/DEBUG] [mixin/]: Preparing yungsapi_forge.mixins.json (1)
[26Jun2025 01:35:20.032] [main/DEBUG] [mixin/]: Preparing guardvillagers.mixins.json (2)
[26Jun2025 01:35:20.034] [main/DEBUG] [mixin/]: Preparing relics.mixins.json (15)
[26Jun2025 01:35:20.050] [main/DEBUG] [mixin/]: Preparing takesapillage.mixins.json (3)
[26Jun2025 01:35:20.064] [main/DEBUG] [mixin/]: Preparing mermod.mixins.json (4)
[26Jun2025 01:35:20.064] [main/DEBUG] [mixin/]: Preparing betterfortresses.mixins.json (6)
[26Jun2025 01:35:20.068] [main/DEBUG] [mixin/]: Preparing betterfortresses_forge.mixins.json (0)
[26Jun2025 01:35:20.068] [main/DEBUG] [mixin/]: Preparing supplementaries-common.mixins.json (64)
[26Jun2025 01:35:20.140] [main/DEBUG] [mixin/]: Preparing supplementaries.mixins.json (20)
[26Jun2025 01:35:20.152] [main/DEBUG] [mixin/]: @Mixin target net/minecraft/world/entity/npc/VillagerTrades$TreasureMapForEmeralds is public in supplementaries.mixins.json:TreasureMapForEmeraldsMixin and should be specified in value
[26Jun2025 01:35:20.154] [main/WARN] [mixin/]: Error loading class: vectorwing/farmersdelight/common/block/TomatoVineBlock (java.lang.ClassNotFoundException: vectorwing.farmersdelight.common.block.TomatoVineBlock)
[26Jun2025 01:35:20.155] [main/WARN] [mixin/]: @Mixin target vectorwing.farmersdelight.common.block.TomatoVineBlock was not found supplementaries.mixins.json:CompatFarmersDelightMixin
[26Jun2025 01:35:20.174] [main/DEBUG] [mixin/]: Preparing embeddium.mixins.json (0)
[26Jun2025 01:35:20.174] [main/DEBUG] [mixin/]: Preparing structure_gel.mixins.json (14)
[26Jun2025 01:35:20.182] [main/DEBUG] [net.minecraftforge.coremod.transformer.CoreModBaseTransformer/COREMOD]: Transforming net/minecraft/world/level/levelgen/structure/Structure
[26Jun2025 01:35:20.192] [main/DEBUG] [mixin/]: Preparing valhelsia_structures.mixins.json (10)
[26Jun2025 01:35:20.198] [main/DEBUG] [net.minecraftforge.coremod.transformer.CoreModBaseTransformer/COREMOD]: Transforming net/minecraft/world/item/BucketItem
[26Jun2025 01:35:20.214] [main/DEBUG] [mixin/]: Preparing sleep_tight-common.mixins.json (17)
[26Jun2025 01:35:20.228] [main/DEBUG] [mixin/]: @Mixin target net/minecraft/world/entity/monster/Phantom$PhantomAttackPlayerTargetGoal is public in sleep_tight-common.mixins.json:PhantomMixin and should be specified in value
[26Jun2025 01:35:20.235] [main/DEBUG] [mixin/]: Preparing sleep_tight.mixins.json (0)
[26Jun2025 01:35:20.235] [main/DEBUG] [mixin/]: Preparing yungsbridges.mixins.json (1)
[26Jun2025 01:35:20.235] [main/DEBUG] [mixin/]: Preparing yungsbridges_forge.mixins.json (0)
[26Jun2025 01:35:20.235] [main/DEBUG] [mixin/]: Preparing curios.mixins.json (8)
[26Jun2025 01:35:20.242] [main/DEBUG] [mixin/]: Preparing cullleaves.mixins.json (3)
[26Jun2025 01:35:20.242] [main/DEBUG] [mixin/]: Preparing yungsextras.mixins.json (0)
[26Jun2025 01:35:20.242] [main/DEBUG] [mixin/]: Preparing yungsextras_forge.mixins.json (0)
[26Jun2025 01:35:20.242] [main/DEBUG] [mixin/]: Preparing tombstone.mixins.json (26)
[26Jun2025 01:35:20.290] [main/DEBUG] [mixin/]: Preparing betterstrongholds.mixins.json (3)
[26Jun2025 01:35:20.292] [main/DEBUG] [mixin/]: Preparing betterstrongholds_forge.mixins.json (0)
[26Jun2025 01:35:20.292] [main/DEBUG] [mixin/]: Preparing architectury.mixins.json (8)
[26Jun2025 01:35:20.298] [main/DEBUG] [mixin/]: Preparing architectury-common.mixins.json (9)
[26Jun2025 01:35:20.310] [main/DEBUG] [net.minecraftforge.coremod.transformer.CoreModBaseTransformer/COREMOD]: Transforming net/minecraft/world/level/block/LiquidBlock
[26Jun2025 01:35:20.317] [main/DEBUG] [mixin/]: Preparing cupboard.mixins.json (5)
[26Jun2025 01:35:20.321] [main/DEBUG] [mixin/]: Preparing betterendisland.mixins.json (8)
[26Jun2025 01:35:20.331] [main/DEBUG] [mixin/]: Preparing betterendisland_forge.mixins.json (0)
[26Jun2025 01:35:20.331] [main/DEBUG] [mixin/]: Preparing bettermineshafts.mixins.json (4)
[26Jun2025 01:35:20.332] [main/DEBUG] [mixin/]: Preparing bettermineshafts_forge.mixins.json (0)
[26Jun2025 01:35:20.332] [main/DEBUG] [mixin/]: Preparing betterjungletemples.mixins.json (7)
[26Jun2025 01:35:20.334] [main/DEBUG] [mixin/]: Preparing betterjungletemples_forge.mixins.json (0)
[26Jun2025 01:35:20.335] [main/DEBUG] [mixin/]: Preparing arcane_abilities.mixins.json (3)
[26Jun2025 01:35:20.336] [main/DEBUG] [mixin/]: Preparing octolib.mixins.json (0)
[26Jun2025 01:35:20.336] [main/DEBUG] [mixin/]: Preparing easymagic.common.mixins.json (3)
[26Jun2025 01:35:20.340] [main/DEBUG] [mixin/]: Preparing obscure_api.mixins.json (6)
[26Jun2025 01:35:20.346] [main/DEBUG] [mixin/]: Preparing upgrade_aquatic.mixins.json (8)
[26Jun2025 01:35:20.361] [main/DEBUG] [mixin/]: Preparing journeymap.mixins.json (2)
[26Jun2025 01:35:20.361] [main/DEBUG] [mixin/]: Preparing mixins.artifacts.json (8)
[26Jun2025 01:35:20.370] [main/DEBUG] [mixin/]: Preparing breezy.mixins.json (5)
[26Jun2025 01:35:20.374] [main/DEBUG] [mixin/]: Preparing untamedwilds.mixins.json (0)
[26Jun2025 01:35:20.374] [main/DEBUG] [mixin/]: Preparing mixin.imdlib-betteranimalsplus.json (5)
[26Jun2025 01:35:20.384] [main/DEBUG] [mixin/]: Preparing betteranimalsplus.mixins.json (8)
[26Jun2025 01:35:20.387] [main/DEBUG] [mixin/]: Preparing betteranimalsplus-forge.mixins.json (1)
[26Jun2025 01:35:20.387] [main/DEBUG] [mixin/]: Preparing midnightlib.mixins.json (2)
[26Jun2025 01:35:20.388] [main/DEBUG] [mixin/]: Preparing betterdeserttemples.mixins.json (8)
[26Jun2025 01:35:20.391] [main/DEBUG] [mixin/]: Preparing betterdeserttemples_forge.mixins.json (0)
[26Jun2025 01:35:20.391] [main/DEBUG] [mixin/]: Preparing iceandfire.mixins.json (2)
[26Jun2025 01:35:20.392] [main/DEBUG] [mixin/]: Preparing blueprint.mixins.json (31)
[26Jun2025 01:35:20.420] [main/DEBUG] [mixin/]: @Mixin target net/minecraft/world/level/levelgen/SurfaceRules$Context is public in blueprint.mixins.json:SurfaceRulesContextMixin and should be specified in value
[26Jun2025 01:35:20.423] [main/DEBUG] [mixin/]: Preparing scuba_gear.mixins.json (1)
[26Jun2025 01:35:20.424] [main/DEBUG] [mixin/]: Preparing friendsandfoes-common.mixins.json (48)
[26Jun2025 01:35:20.497] [main/DEBUG] [mixin/]: Preparing friendsandfoes-forge.mixins.json (1)
[26Jun2025 01:35:20.500] [main/DEBUG] [mixin/]: Preparing moonlight-common.mixins.json (26)
[26Jun2025 01:35:20.543] [main/DEBUG] [mixin/]: Preparing moonlight.mixins.json (10)
[26Jun2025 01:35:20.547] [main/DEBUG] [mixin/]: Preparing terrablender.mixins.json (4)
[26Jun2025 01:35:20.555] [main/DEBUG] [mixin/]: Preparing terrablender_forge.mixins.json (1)
[26Jun2025 01:35:20.555] [main/DEBUG] [mixin/]: Preparing notenoughanimations.mixins.json (11)
[26Jun2025 01:35:20.555] [main/DEBUG] [mixin/]: Preparing entityculling.mixins.json (6)
[26Jun2025 01:35:20.555] [main/DEBUG] [mixin/]: Preparing freecam-common.mixins.json (17)
[26Jun2025 01:35:20.556] [main/DEBUG] [mixin/]: Preparing freecam-forge.mixins.json (1)
[26Jun2025 01:35:20.556] [main/DEBUG] [mixin/]: Preparing immediatelyfast-forge.mixins.json (4)
[26Jun2025 01:35:20.556] [main/DEBUG] [mixin/]: Preparing immediatelyfast-common.mixins.json (36)
[26Jun2025 01:35:20.556] [main/DEBUG] [mixin/]: Preparing mvs-common.mixins.json (13)
[26Jun2025 01:35:20.564] [main/DEBUG] [mixin/]: Preparing mvs-forge.mixins.json (0)
[26Jun2025 01:35:20.564] [main/DEBUG] [mixin/]: Preparing ferritecore.predicates.mixin.json (3)
[26Jun2025 01:35:20.564] [main/DEBUG] [mixin/]: Preparing ferritecore.fastmap.mixin.json (1)
[26Jun2025 01:35:20.566] [main/DEBUG] [mixin/]: Preparing ferritecore.mrl.mixin.json (2)
[26Jun2025 01:35:20.566] [main/DEBUG] [mixin/]: Preparing ferritecore.dedupmultipart.mixin.json (2)
[26Jun2025 01:35:20.566] [main/DEBUG] [mixin/]: Preparing ferritecore.blockstatecache.mixin.json (8)
[26Jun2025 01:35:20.570] [main/DEBUG] [mixin/]: @Mixin target net/minecraft/world/level/block/state/BlockBehaviour$BlockStateBase$Cache is public in ferritecore.blockstatecache.mixin.json:BlockStateCacheMixin and should be specified in value
[26Jun2025 01:35:20.572] [main/DEBUG] [mixin/]: Preparing ferritecore.dedupbakedquad.mixin.json (2)
[26Jun2025 01:35:20.572] [main/DEBUG] [mixin/]: Preparing ferritecore.threaddetec.mixin.json (1)
[26Jun2025 01:35:20.573] [main/DEBUG] [mixin/]: Preparing moremobvariants.mixins.json (25)
[26Jun2025 01:35:20.584] [main/DEBUG] [mixin/]: Preparing puzzleslib.common.mixins.json (1)
[26Jun2025 01:35:20.584] [main/DEBUG] [mixin/]: Preparing puzzleslib.forge.mixins.json (7)
[26Jun2025 01:35:20.589] [main/DEBUG] [mixin/]: Preparing valkyrienskies-common.mixins.json (171)
[26Jun2025 01:35:20.624] [main/DEBUG] [net.minecraftforge.coremod.transformer.CoreModBaseTransformer/COREMOD]: Transforming net/minecraft/world/level/block/StairBlock
[26Jun2025 01:35:20.657] [main/WARN] [mixin/]: Error loading class: com/simibubi/create/content/kinetics/deployer/DeployerHandler (java.lang.ClassNotFoundException: com.simibubi.create.content.kinetics.deployer.DeployerHandler)
[26Jun2025 01:35:20.657] [main/WARN] [mixin/]: @Mixin target com.simibubi.create.content.kinetics.deployer.DeployerHandler was not found valkyrienskies-common.mixins.json:mod_compat.create.IMixinDeployerHandler
[26Jun2025 01:35:20.658] [main/WARN] [mixin/]: Error loading class: com/simibubi/create/content/kinetics/deployer/DeployerMovementBehaviour (java.lang.ClassNotFoundException: com.simibubi.create.content.kinetics.deployer.DeployerMovementBehaviour)
[26Jun2025 01:35:20.658] [main/WARN] [mixin/]: @Mixin target com.simibubi.create.content.kinetics.deployer.DeployerMovementBehaviour was not found valkyrienskies-common.mixins.json:mod_compat.create.IMixinDeployerMovementBehaviour
[26Jun2025 01:35:20.660] [main/WARN] [mixin/]: Error loading class: com/simibubi/create/content/kinetics/fan/AirCurrent (java.lang.ClassNotFoundException: com.simibubi.create.content.kinetics.fan.AirCurrent)
[26Jun2025 01:35:20.660] [main/WARN] [mixin/]: @Mixin target com.simibubi.create.content.kinetics.fan.AirCurrent was not found valkyrienskies-common.mixins.json:mod_compat.create.MixinAirCurrent
[26Jun2025 01:35:20.661] [main/WARN] [mixin/]: Error loading class: com/simibubi/create/content/kinetics/fan/AirFlowParticle (java.lang.ClassNotFoundException: com.simibubi.create.content.kinetics.fan.AirFlowParticle)
[26Jun2025 01:35:20.661] [main/WARN] [mixin/]: @Mixin target com.simibubi.create.content.kinetics.fan.AirFlowParticle was not found valkyrienskies-common.mixins.json:mod_compat.create.MixinAirFlowParticle
[26Jun2025 01:35:20.662] [main/WARN] [mixin/]: Error loading class: com/simibubi/create/content/kinetics/belt/transport/BeltMovementHandler (java.lang.ClassNotFoundException: com.simibubi.create.content.kinetics.belt.transport.BeltMovementHandler)
[26Jun2025 01:35:20.663] [main/WARN] [mixin/]: @Mixin target com.simibubi.create.content.kinetics.belt.transport.BeltMovementHandler was not found valkyrienskies-common.mixins.json:mod_compat.create.MixinBeltMovementHandler
[26Jun2025 01:35:20.665] [main/WARN] [mixin/]: Error loading class: com/simibubi/create/content/contraptions/Contraption (java.lang.ClassNotFoundException: com.simibubi.create.content.contraptions.Contraption)
[26Jun2025 01:35:20.665] [main/WARN] [mixin/]: @Mixin target com.simibubi.create.content.contraptions.Contraption was not found valkyrienskies-common.mixins.json:mod_compat.create.MixinContraption
[26Jun2025 01:35:20.667] [main/WARN] [mixin/]: Error loading class: com/simibubi/create/content/contraptions/ContraptionCollider (java.lang.ClassNotFoundException: com.simibubi.create.content.contraptions.ContraptionCollider)
[26Jun2025 01:35:20.667] [main/WARN] [mixin/]: @Mixin target com.simibubi.create.content.contraptions.ContraptionCollider was not found valkyrienskies-common.mixins.json:mod_compat.create.MixinContraptionCollider
[26Jun2025 01:35:20.668] [main/WARN] [mixin/]: Error loading class: com/simibubi/create/content/logistics/depot/EntityLauncher (java.lang.ClassNotFoundException: com.simibubi.create.content.logistics.depot.EntityLauncher)
[26Jun2025 01:35:20.668] [main/WARN] [mixin/]: @Mixin target com.simibubi.create.content.logistics.depot.EntityLauncher was not found valkyrienskies-common.mixins.json:mod_compat.create.MixinEntityLauncher
[26Jun2025 01:35:20.670] [main/WARN] [mixin/]: Error loading class: com/simibubi/create/content/redstone/link/RedstoneLinkNetworkHandler (java.lang.ClassNotFoundException: com.simibubi.create.content.redstone.link.RedstoneLinkNetworkHandler)
[26Jun2025 01:35:20.671] [main/WARN] [mixin/]: @Mixin target com.simibubi.create.content.redstone.link.RedstoneLinkNetworkHandler was not found valkyrienskies-common.mixins.json:mod_compat.create.MixinRedstoneLinkNetworkHandler
[26Jun2025 01:35:20.672] [main/WARN] [mixin/]: Error loading class: com/simibubi/create/content/logistics/depot/SharedDepotBlockMethods (java.lang.ClassNotFoundException: com.simibubi.create.content.logistics.depot.SharedDepotBlockMethods)
[26Jun2025 01:35:20.673] [main/WARN] [mixin/]: @Mixin target com.simibubi.create.content.logistics.depot.SharedDepotBlockMethods was not found valkyrienskies-common.mixins.json:mod_compat.create.MixinSharedDepotBlockMethods
[26Jun2025 01:35:20.674] [main/WARN] [mixin/]: Error loading class: com/simibubi/create/foundation/collision/Matrix3d (java.lang.ClassNotFoundException: com.simibubi.create.foundation.collision.Matrix3d)
[26Jun2025 01:35:20.675] [main/WARN] [mixin/]: @Mixin target com.simibubi.create.foundation.collision.Matrix3d was not found valkyrienskies-common.mixins.json:mod_compat.create.accessors.Matrix3dAccessor
[26Jun2025 01:35:20.676] [main/WARN] [mixin/]: Error loading class: com/simibubi/create/foundation/outliner/Outline$OutlineParams (java.lang.ClassNotFoundException: com.simibubi.create.foundation.outliner.Outline$OutlineParams)
[26Jun2025 01:35:20.676] [main/WARN] [mixin/]: @Mixin target com.simibubi.create.foundation.outliner.Outline$OutlineParams was not found valkyrienskies-common.mixins.json:mod_compat.create.accessors.OutlineParamsAccessor
[26Jun2025 01:35:20.678] [main/WARN] [mixin/]: Error loading class: com/simibubi/create/content/kinetics/base/BlockBreakingMovementBehaviour (java.lang.ClassNotFoundException: com.simibubi.create.content.kinetics.base.BlockBreakingMovementBehaviour)
[26Jun2025 01:35:20.678] [main/WARN] [mixin/]: @Mixin target com.simibubi.create.content.kinetics.base.BlockBreakingMovementBehaviour was not found valkyrienskies-common.mixins.json:mod_compat.create.behaviour.MixinBlockBreakingMovementBehaviour
[26Jun2025 01:35:20.680] [main/WARN] [mixin/]: Error loading class: com/simibubi/create/foundation/blockEntity/behaviour/filtering/FilteringBehaviour (java.lang.ClassNotFoundException: com.simibubi.create.foundation.blockEntity.behaviour.filtering.FilteringBehaviour)
[26Jun2025 01:35:20.680] [main/WARN] [mixin/]: @Mixin target com.simibubi.create.foundation.blockEntity.behaviour.filtering.FilteringBehaviour was not found valkyrienskies-common.mixins.json:mod_compat.create.behaviour.MixinFilteringBehaviour
[26Jun2025 01:35:20.682] [main/WARN] [mixin/]: Error loading class: com/simibubi/create/content/redstone/link/LinkBehaviour (java.lang.ClassNotFoundException: com.simibubi.create.content.redstone.link.LinkBehaviour)
[26Jun2025 01:35:20.682] [main/WARN] [mixin/]: @Mixin target com.simibubi.create.content.redstone.link.LinkBehaviour was not found valkyrienskies-common.mixins.json:mod_compat.create.behaviour.MixinLinkBehaviour
[26Jun2025 01:35:20.684] [main/WARN] [mixin/]: Error loading class: com/simibubi/create/foundation/blockEntity/behaviour/scrollValue/ScrollValueBehaviour (java.lang.ClassNotFoundException: com.simibubi.create.foundation.blockEntity.behaviour.scrollValue.ScrollValueBehaviour)
[26Jun2025 01:35:20.684] [main/WARN] [mixin/]: @Mixin target com.simibubi.create.foundation.blockEntity.behaviour.scrollValue.ScrollValueBehaviour was not found valkyrienskies-common.mixins.json:mod_compat.create.behaviour.MixinScrollValueBehaviour
[26Jun2025 01:35:20.686] [main/WARN] [mixin/]: Error loading class: com/simibubi/create/foundation/blockEntity/behaviour/filtering/SidedFilteringBehaviour (java.lang.ClassNotFoundException: com.simibubi.create.foundation.blockEntity.behaviour.filtering.SidedFilteringBehaviour)
[26Jun2025 01:35:20.686] [main/WARN] [mixin/]: @Mixin target com.simibubi.create.foundation.blockEntity.behaviour.filtering.SidedFilteringBehaviour was not found valkyrienskies-common.mixins.json:mod_compat.create.behaviour.MixinSidedFilteringBehaviour
[26Jun2025 01:35:20.688] [main/WARN] [mixin/]: Error loading class: com/simibubi/create/content/kinetics/crusher/CrushingWheelBlock (java.lang.ClassNotFoundException: com.simibubi.create.content.kinetics.crusher.CrushingWheelBlock)
[26Jun2025 01:35:20.688] [main/WARN] [mixin/]: @Mixin target com.simibubi.create.content.kinetics.crusher.CrushingWheelBlock was not found valkyrienskies-common.mixins.json:mod_compat.create.block.MixinCrushingWheelBlock
[26Jun2025 01:35:20.690] [main/WARN] [mixin/]: Error loading class: com/simibubi/create/content/logistics/depot/EjectorBlock (java.lang.ClassNotFoundException: com.simibubi.create.content.logistics.depot.EjectorBlock)
[26Jun2025 01:35:20.690] [main/WARN] [mixin/]: @Mixin target com.simibubi.create.content.logistics.depot.EjectorBlock was not found valkyrienskies-common.mixins.json:mod_compat.create.block.MixinEjectorBlock
[26Jun2025 01:35:20.692] [main/WARN] [mixin/]: Error loading class: com/simibubi/create/content/redstone/contact/RedstoneContactBlock (java.lang.ClassNotFoundException: com.simibubi.create.content.redstone.contact.RedstoneContactBlock)
[26Jun2025 01:35:20.692] [main/WARN] [mixin/]: @Mixin target com.simibubi.create.content.redstone.contact.RedstoneContactBlock was not found valkyrienskies-common.mixins.json:mod_compat.create.block.MixinRedstoneContactBlock
[26Jun2025 01:35:20.694] [main/WARN] [mixin/]: Error loading class: com/simibubi/create/content/contraptions/chassis/StickerBlock (java.lang.ClassNotFoundException: com.simibubi.create.content.contraptions.chassis.StickerBlock)
[26Jun2025 01:35:20.694] [main/WARN] [mixin/]: @Mixin target com.simibubi.create.content.contraptions.chassis.StickerBlock was not found valkyrienskies-common.mixins.json:mod_compat.create.block.MixinStickerBlock
[26Jun2025 01:35:20.696] [main/WARN] [mixin/]: Error loading class: com/simibubi/create/content/contraptions/bearing/MechanicalBearingBlockEntity (java.lang.ClassNotFoundException: com.simibubi.create.content.contraptions.bearing.MechanicalBearingBlockEntity)
[26Jun2025 01:35:20.696] [main/WARN] [mixin/]: @Mixin target com.simibubi.create.content.contraptions.bearing.MechanicalBearingBlockEntity was not found valkyrienskies-common.mixins.json:mod_compat.create.blockentity.IMixinMechanicalBearingTileEntity
[26Jun2025 01:35:20.698] [main/WARN] [mixin/]: Error loading class: com/simibubi/create/content/kinetics/crusher/CrushingWheelControllerBlockEntity (java.lang.ClassNotFoundException: com.simibubi.create.content.kinetics.crusher.CrushingWheelControllerBlockEntity)
[26Jun2025 01:35:20.698] [main/WARN] [mixin/]: @Mixin target com.simibubi.create.content.kinetics.crusher.CrushingWheelControllerBlockEntity was not found valkyrienskies-common.mixins.json:mod_compat.create.blockentity.MixinCrushingWheelControllerTileEntity
[26Jun2025 01:35:20.700] [main/WARN] [mixin/]: Error loading class: com/simibubi/create/content/logistics/depot/EjectorBlockEntity (java.lang.ClassNotFoundException: com.simibubi.create.content.logistics.depot.EjectorBlockEntity)
[26Jun2025 01:35:20.700] [main/WARN] [mixin/]: @Mixin target com.simibubi.create.content.logistics.depot.EjectorBlockEntity was not found valkyrienskies-common.mixins.json:mod_compat.create.blockentity.MixinEjectorTileEntity
[26Jun2025 01:35:20.702] [main/WARN] [mixin/]: Error loading class: com/simibubi/create/content/kinetics/fan/EncasedFanBlockEntity (java.lang.ClassNotFoundException: com.simibubi.create.content.kinetics.fan.EncasedFanBlockEntity)
[26Jun2025 01:35:20.702] [main/WARN] [mixin/]: @Mixin target com.simibubi.create.content.kinetics.fan.EncasedFanBlockEntity was not found valkyrienskies-common.mixins.json:mod_compat.create.blockentity.MixinEncasedFanTileEntity
[26Jun2025 01:35:20.704] [main/WARN] [mixin/]: Error loading class: com/simibubi/create/foundation/blockEntity/behaviour/ValueBox (java.lang.ClassNotFoundException: com.simibubi.create.foundation.blockEntity.behaviour.ValueBox)
[26Jun2025 01:35:20.704] [main/WARN] [mixin/]: @Mixin target com.simibubi.create.foundation.blockEntity.behaviour.ValueBox was not found valkyrienskies-common.mixins.json:mod_compat.create.client.MixinValueBox
[26Jun2025 01:35:20.705] [main/WARN] [mixin/]: Error loading class: com/simibubi/create/content/contraptions/AbstractContraptionEntity (java.lang.ClassNotFoundException: com.simibubi.create.content.contraptions.AbstractContraptionEntity)
[26Jun2025 01:35:20.706] [main/WARN] [mixin/]: @Mixin target com.simibubi.create.content.contraptions.AbstractContraptionEntity was not found valkyrienskies-common.mixins.json:mod_compat.create.entity.MixinAbstractContraptionEntity
[26Jun2025 01:35:20.707] [main/WARN] [mixin/]: Error loading class: com/simibubi/create/content/trains/entity/CarriageContraptionEntity (java.lang.ClassNotFoundException: com.simibubi.create.content.trains.entity.CarriageContraptionEntity)
[26Jun2025 01:35:20.708] [main/WARN] [mixin/]: @Mixin target com.simibubi.create.content.trains.entity.CarriageContraptionEntity was not found valkyrienskies-common.mixins.json:mod_compat.create.entity.MixinCarriageContraptionEntity
[26Jun2025 01:35:20.709] [main/WARN] [mixin/]: Error loading class: com/simibubi/create/content/contraptions/ControlledContraptionEntity (java.lang.ClassNotFoundException: com.simibubi.create.content.contraptions.ControlledContraptionEntity)
[26Jun2025 01:35:20.710] [main/WARN] [mixin/]: @Mixin target com.simibubi.create.content.contraptions.ControlledContraptionEntity was not found valkyrienskies-common.mixins.json:mod_compat.create.entity.MixinControlledContraptionEntity
[26Jun2025 01:35:20.712] [main/WARN] [mixin/]: Error loading class: com/simibubi/create/content/contraptions/actors/seat/SeatEntity (java.lang.ClassNotFoundException: com.simibubi.create.content.contraptions.actors.seat.SeatEntity)
[26Jun2025 01:35:20.712] [main/WARN] [mixin/]: @Mixin target com.simibubi.create.content.contraptions.actors.seat.SeatEntity was not found valkyrienskies-common.mixins.json:mod_compat.create.entity.MixinSeatEntity
[26Jun2025 01:35:20.714] [main/WARN] [mixin/]: Error loading class: com/simibubi/create/content/contraptions/actors/trainControls/ControlsInputPacket (java.lang.ClassNotFoundException: com.simibubi.create.content.contraptions.actors.trainControls.ControlsInputPacket)
[26Jun2025 01:35:20.714] [main/WARN] [mixin/]: @Mixin target com.simibubi.create.content.contraptions.actors.trainControls.ControlsInputPacket was not found valkyrienskies-common.mixins.json:mod_compat.create.packets.MixinControlsInputPacket
[26Jun2025 01:35:20.716] [main/WARN] [mixin/]: Error loading class: com/simibubi/create/content/trains/track/CurvedTrackDestroyPacket (java.lang.ClassNotFoundException: com.simibubi.create.content.trains.track.CurvedTrackDestroyPacket)
[26Jun2025 01:35:20.717] [main/WARN] [mixin/]: @Mixin target com.simibubi.create.content.trains.track.CurvedTrackDestroyPacket was not found valkyrienskies-common.mixins.json:mod_compat.create.packets.MixinCurvedTrackDestroyPacket
[26Jun2025 01:35:20.718] [main/WARN] [mixin/]: Error loading class: com/simibubi/create/content/contraptions/glue/SuperGlueRemovalPacket (java.lang.ClassNotFoundException: com.simibubi.create.content.contraptions.glue.SuperGlueRemovalPacket)
[26Jun2025 01:35:20.719] [main/WARN] [mixin/]: @Mixin target com.simibubi.create.content.contraptions.glue.SuperGlueRemovalPacket was not found valkyrienskies-common.mixins.json:mod_compat.create.packets.MixinSuperGlueRemovalPacket
[26Jun2025 01:35:20.720] [main/WARN] [mixin/]: Error loading class: com/simibubi/create/foundation/networking/BlockEntityConfigurationPacket (java.lang.ClassNotFoundException: com.simibubi.create.foundation.networking.BlockEntityConfigurationPacket)
[26Jun2025 01:35:20.721] [main/WARN] [mixin/]: @Mixin target com.simibubi.create.foundation.networking.BlockEntityConfigurationPacket was not found valkyrienskies-common.mixins.json:mod_compat.create.packets.MixinTileEntityConfigurationPacket
[26Jun2025 01:35:20.722] [main/WARN] [mixin/]: Error loading class: com/simibubi/create/content/trains/entity/TrainRelocationPacket (java.lang.ClassNotFoundException: com.simibubi.create.content.trains.entity.TrainRelocationPacket)
[26Jun2025 01:35:20.723] [main/WARN] [mixin/]: @Mixin target com.simibubi.create.content.trains.entity.TrainRelocationPacket was not found valkyrienskies-common.mixins.json:mod_compat.create.packets.MixinTrainRelocationPacket
[26Jun2025 01:35:20.725] [main/WARN] [mixin/]: Error loading class: com/simibubi/create/content/contraptions/actors/seat/SeatBlock (java.lang.ClassNotFoundException: com.simibubi.create.content.contraptions.actors.seat.SeatBlock)
[26Jun2025 01:35:20.725] [main/WARN] [mixin/]: @Mixin target com.simibubi.create.content.contraptions.actors.seat.SeatBlock was not found valkyrienskies-common.mixins.json:mod_compat.create.pr.MixinSeatBlock
[26Jun2025 01:35:20.726] [main/WARN] [mixin/]: Error loading class: rbasamoyai/createbigcannons/cannon_control/contraption/PitchOrientedContraptionEntity (java.lang.ClassNotFoundException: rbasamoyai.createbigcannons.cannon_control.contraption.PitchOrientedContraptionEntity)
[26Jun2025 01:35:20.727] [main/DEBUG] [mixin/]: Skipping virtual target rbasamoyai.createbigcannons.cannon_control.contraption.PitchOrientedContraptionEntity for valkyrienskies-common.mixins.json:mod_compat.create_big_cannons.MixinPitchOrientedContraptionEntity
[26Jun2025 01:35:20.728] [main/WARN] [mixin/]: Error loading class: dev/ftb/mods/ftbchunks/data/ClaimedChunkManager (java.lang.ClassNotFoundException: dev.ftb.mods.ftbchunks.data.ClaimedChunkManager)
[26Jun2025 01:35:20.728] [main/DEBUG] [mixin/]: Skipping virtual target dev.ftb.mods.ftbchunks.data.ClaimedChunkManager for valkyrienskies-common.mixins.json:mod_compat.ftb_chunks.MixinClaimedChunkManager
[26Jun2025 01:35:20.730] [main/WARN] [mixin/]: Error loading class: com/jamieswhiteshirt/reachentityattributes/ReachEntityAttributes (java.lang.ClassNotFoundException: com.jamieswhiteshirt.reachentityattributes.ReachEntityAttributes)
[26Jun2025 01:35:20.730] [main/DEBUG] [mixin/]: Skipping virtual target com.jamieswhiteshirt.reachentityattributes.ReachEntityAttributes for valkyrienskies-common.mixins.json:mod_compat.reachentityattributes.MixinReachEntityAttributes
[26Jun2025 01:35:20.733] [main/DEBUG] [mixin/]: Preparing valkyrienskies-forge.mixins.json (23)
[26Jun2025 01:35:20.741] [main/WARN] [mixin/]: Error loading class: dan200/computercraft/shared/peripheral/speaker/SpeakerPosition (java.lang.ClassNotFoundException: dan200.computercraft.shared.peripheral.speaker.SpeakerPosition)
[26Jun2025 01:35:20.741] [main/DEBUG] [mixin/]: Skipping virtual target dan200.computercraft.shared.peripheral.speaker.SpeakerPosition for valkyrienskies-forge.mixins.json:compat.cc_tweaked.MixinSpeakerPosition
[26Jun2025 01:35:20.743] [main/WARN] [mixin/]: Error loading class: dan200/computercraft/shared/turtle/core/TurtleBrain (java.lang.ClassNotFoundException: dan200.computercraft.shared.turtle.core.TurtleBrain)
[26Jun2025 01:35:20.743] [main/DEBUG] [mixin/]: Skipping virtual target dan200.computercraft.shared.turtle.core.TurtleBrain for valkyrienskies-forge.mixins.json:compat.cc_tweaked.MixinTurtleBrain
[26Jun2025 01:35:20.745] [main/WARN] [mixin/]: Error loading class: dan200/computercraft/shared/turtle/core/TurtleMoveCommand (java.lang.ClassNotFoundException: dan200.computercraft.shared.turtle.core.TurtleMoveCommand)
[26Jun2025 01:35:20.745] [main/DEBUG] [mixin/]: Skipping virtual target dan200.computercraft.shared.turtle.core.TurtleMoveCommand for valkyrienskies-forge.mixins.json:compat.cc_tweaked.MixinTurtleMoveCommand
[26Jun2025 01:35:20.747] [main/WARN] [mixin/]: Error loading class: dan200/computercraft/shared/peripheral/modem/wireless/WirelessNetwork (java.lang.ClassNotFoundException: dan200.computercraft.shared.peripheral.modem.wireless.WirelessNetwork)
[26Jun2025 01:35:20.747] [main/DEBUG] [mixin/]: Skipping virtual target dan200.computercraft.shared.peripheral.modem.wireless.WirelessNetwork for valkyrienskies-forge.mixins.json:compat.cc_tweaked.MixinWirelessNetwork
[26Jun2025 01:35:20.749] [main/WARN] [mixin/]: Error loading class: com/simibubi/create/content/kinetics/base/BlockBreakingKineticBlockEntity (java.lang.ClassNotFoundException: com.simibubi.create.content.kinetics.base.BlockBreakingKineticBlockEntity)
[26Jun2025 01:35:20.749] [main/WARN] [mixin/]: @Mixin target com.simibubi.create.content.kinetics.base.BlockBreakingKineticBlockEntity was not found valkyrienskies-forge.mixins.json:compat.create.MixinBlockBreakingKineticTileEntity
[26Jun2025 01:35:20.751] [main/WARN] [mixin/]: Error loading class: com/simibubi/create/content/kinetics/millstone/MillstoneBlock (java.lang.ClassNotFoundException: com.simibubi.create.content.kinetics.millstone.MillstoneBlock)
[26Jun2025 01:35:20.751] [main/WARN] [mixin/]: @Mixin target com.simibubi.create.content.kinetics.millstone.MillstoneBlock was not found valkyrienskies-forge.mixins.json:compat.create.MixinBlocks
[26Jun2025 01:35:20.753] [main/WARN] [mixin/]: Error loading class: com/simibubi/create/content/processing/basin/BasinBlock (java.lang.ClassNotFoundException: com.simibubi.create.content.processing.basin.BasinBlock)
[26Jun2025 01:35:20.753] [main/WARN] [mixin/]: @Mixin target com.simibubi.create.content.processing.basin.BasinBlock was not found valkyrienskies-forge.mixins.json:compat.create.MixinBlocks
[26Jun2025 01:35:20.755] [main/WARN] [mixin/]: Error loading class: com/simibubi/create/content/logistics/chute/AbstractChuteBlock (java.lang.ClassNotFoundException: com.simibubi.create.content.logistics.chute.AbstractChuteBlock)
[26Jun2025 01:35:20.755] [main/WARN] [mixin/]: @Mixin target com.simibubi.create.content.logistics.chute.AbstractChuteBlock was not found valkyrienskies-forge.mixins.json:compat.create.MixinBlocks
[26Jun2025 01:35:20.757] [main/WARN] [mixin/]: Error loading class: com/simibubi/create/content/contraptions/ControlledContraptionEntity (java.lang.ClassNotFoundException: com.simibubi.create.content.contraptions.ControlledContraptionEntity)
[26Jun2025 01:35:20.757] [main/WARN] [mixin/]: @Mixin target com.simibubi.create.content.contraptions.ControlledContraptionEntity was not found valkyrienskies-forge.mixins.json:compat.create.MixinControlledContraptionEntity
[26Jun2025 01:35:20.759] [main/WARN] [mixin/]: Error loading class: blusunrize/immersiveengineering/common/gui/BlockEntityInventory (java.lang.ClassNotFoundException: blusunrize.immersiveengineering.common.gui.BlockEntityInventory)
[26Jun2025 01:35:20.759] [main/DEBUG] [mixin/]: Skipping virtual target blusunrize.immersiveengineering.common.gui.BlockEntityInventory for valkyrienskies-forge.mixins.json:compat.immersivengineering.MixinBlockEntityInventory
[26Jun2025 01:35:20.761] [main/WARN] [mixin/]: Error loading class: net/dries007/tfc/world/TFCChunkGenerator (java.lang.ClassNotFoundException: net.dries007.tfc.world.TFCChunkGenerator)
[26Jun2025 01:35:20.761] [main/DEBUG] [mixin/]: Skipping virtual target net.dries007.tfc.world.TFCChunkGenerator for valkyrienskies-forge.mixins.json:compat.tfc.MixinTFCChunkGenerator
[26Jun2025 01:35:20.763] [main/WARN] [mixin/]: Error loading class: cofh/core/block/entity/TileCoFH (java.lang.ClassNotFoundException: cofh.core.block.entity.TileCoFH)
[26Jun2025 01:35:20.763] [main/DEBUG] [mixin/]: Skipping virtual target cofh.core.block.entity.TileCoFH for valkyrienskies-forge.mixins.json:compat.thermalexpansion.MixinTileCoFH
[26Jun2025 01:35:20.765] [main/WARN] [mixin/]: Error loading class: li/cil/tis3d/common/entity/InfraredPacketEntity (java.lang.ClassNotFoundException: li.cil.tis3d.common.entity.InfraredPacketEntity)
[26Jun2025 01:35:20.765] [main/DEBUG] [mixin/]: Skipping virtual target li.cil.tis3d.common.entity.InfraredPacketEntity for valkyrienskies-forge.mixins.json:compat.tis3d.MixinInfraredPacketEntity
[26Jun2025 01:35:20.767] [main/WARN] [mixin/]: Error loading class: me/desht/modularrouters/container/RouterMenu (java.lang.ClassNotFoundException: me.desht.modularrouters.container.RouterMenu)
[26Jun2025 01:35:20.767] [main/DEBUG] [mixin/]: Skipping virtual target me.desht.modularrouters.container.RouterMenu for valkyrienskies-forge.mixins.json:compat.modular_routers.MixinRouterMenu
[26Jun2025 01:35:20.768] [main/DEBUG] [mixin/]: Preparing expandability.mixins.json (4)
[26Jun2025 01:35:20.769] [main/DEBUG] [mixin/]: Preparing expandability-common.mixins.json (9)
[26Jun2025 01:35:20.773] [main/DEBUG] [mixin/]: Preparing valhelsia_core.mixins.json (11)
[26Jun2025 01:35:20.777] [main/DEBUG] [mixin/]: Preparing aquamirae.mixins.json (1)
[26Jun2025 01:35:20.781] [main/DEBUG] [mixin/]: Preparing ad_astra-common.mixins.json (40)
[26Jun2025 01:35:20.809] [main/DEBUG] [mixin/]: Preparing ad_astra.mixins.json (5)
[26Jun2025 01:35:20.812] [main/DEBUG] [mixin/]: Preparing mixinextras.init.mixins.json (0)
[26Jun2025 01:35:20.988] [main/DEBUG] [mixin/]: Inner class com/faboslav/friendsandfoes/common/mixin/LightningRodBlockMixin$1 in com/faboslav/friendsandfoes/common/mixin/LightningRodBlockMixin on net/minecraft/world/level/block/LightningRodBlock gets unique name net/minecraft/world/level/block/LightningRodBlock$Anonymous$64f1257441a14f72a0361d8a790baa47
[26Jun2025 01:35:21.045] [main/DEBUG] [mixin/]: Prepared 602 mixins in 2.164 sec (3.6ms avg) (0ms load, 0ms transform, 0ms plugin)
[26Jun2025 01:35:21.056] [main/INFO] [MixinExtras|Service/]: Initializing MixinExtras via com.llamalad7.mixinextras.service.MixinExtrasServiceImpl(version=0.3.6).
[26Jun2025 01:35:21.057] [main/DEBUG] [mixin/]: Registering new injector for @SugarWrapper with com.llamalad7.mixinextras.sugar.impl.SugarWrapperInjectionInfo
[26Jun2025 01:35:21.058] [main/DEBUG] [mixin/]: Registering new injector for @FactoryRedirectWrapper with com.llamalad7.mixinextras.wrapper.factory.FactoryRedirectWrapperInjectionInfo
[26Jun2025 01:35:21.065] [main/DEBUG] [mixin/]: Mixing MinecraftServerMixin from citadel.mixins.json into net.minecraft.server.MinecraftServer
[26Jun2025 01:35:21.076] [main/DEBUG] [mixin/]: Mixing core.MinecraftServerMixin from modernfix-common.mixins.json into net.minecraft.server.MinecraftServer
[26Jun2025 01:35:21.077] [main/DEBUG] [mixin/]: Mixing perf.dedicated_reload_executor.MinecraftServerMixin from modernfix-common.mixins.json into net.minecraft.server.MinecraftServer
[26Jun2025 01:35:21.079] [main/DEBUG] [mixin/]: Mixing MinecraftServerMixin from structure_gel.mixins.json into net.minecraft.server.MinecraftServer
[26Jun2025 01:35:21.098] [main/DEBUG] [mixin/]: Mixing server.MixinMinecraftServer from valkyrienskies-common.mixins.json into net.minecraft.server.MinecraftServer
[26Jun2025 01:35:21.103] [main/DEBUG] [mixin/]: Renaming synthetic method lambda$moveTerrainAcrossDimensions$3(Lnet/minecraft/server/level/ServerLevel;II)V to md9c8fc5$lambda$moveTerrainAcrossDimensions$3$0 in valkyrienskies-common.mixins.json:server.MixinMinecraftServer
[26Jun2025 01:35:21.103] [main/DEBUG] [mixin/]: Renaming synthetic method lambda$moveTerrainAcrossDimensions$2(Lnet/minecraft/server/level/ServerLevel;Lnet/minecraft/server/level/ServerLevel;II)V to md9c8fc5$lambda$moveTerrainAcrossDimensions$2$1 in valkyrienskies-common.mixins.json:server.MixinMinecraftServer
[26Jun2025 01:35:21.108] [main/DEBUG] [mixin/]: Renaming synthetic method lambda$findDimensionEntryPoint$1(Lnet/minecraft/core/BlockPos;Lnet/minecraft/server/level/ServerLevel;Lnet/minecraft/world/entity/EntityDimensions;Lorg/joml/Vector3dc;Lnet/minecraft/server/level/ServerLevel;Lnet/minecraft/world/phys/Vec3;Lnet/minecraft/BlockUtil$FoundRectangle;)Lnet/minecraft/world/level/portal/PortalInfo; to md9c8fc5$lambda$findDimensionEntryPoint$1$2 in valkyrienskies-common.mixins.json:server.MixinMinecraftServer
[26Jun2025 01:35:21.109] [main/DEBUG] [mixin/]: Renaming synthetic method lambda$findDimensionEntryPoint$0(Lnet/minecraft/server/level/ServerLevel;Lnet/minecraft/world/level/block/state/BlockState;Lnet/minecraft/core/BlockPos;)Z to md9c8fc5$lambda$findDimensionEntryPoint$0$3 in valkyrienskies-common.mixins.json:server.MixinMinecraftServer
[26Jun2025 01:35:21.463] [main/DEBUG] [mixin/]: Mixing perf.fix_loop_spin_waiting.BlockableEventLoopMixin from modernfix-common.mixins.json into net.minecraft.util.thread.BlockableEventLoop
[26Jun2025 01:35:21.470] [main/DEBUG] [mixin/]: Mixing GameTestServerMixin from blueprint.mixins.json into net.minecraft.gametest.framework.GameTestServer
[26Jun2025 01:35:21.477] [main/DEBUG] [mixin/]: Mixing DedicatedServerMixin from blueprint.mixins.json into net.minecraft.server.dedicated.DedicatedServer
[26Jun2025 01:35:21.478] [main/DEBUG] [mixin/]: Mixing DedicatedServerMixin from tombstone.mixins.json into net.minecraft.server.dedicated.DedicatedServer
[26Jun2025 01:35:21.499] [main/DEBUG] [io.netty.util.internal.logging.InternalLoggerFactory/]: Using SLF4J as the default logging framework
[26Jun2025 01:35:21.502] [main/DEBUG] [io.netty.util.ResourceLeakDetector/]: -Dio.netty.leakDetection.level: simple
[26Jun2025 01:35:21.502] [main/DEBUG] [io.netty.util.ResourceLeakDetector/]: -Dio.netty.leakDetection.targetRecords: 4
[26Jun2025 01:35:21.551] [main/DEBUG] [mixin/]: Mixing perf.tag_id_caching.TagOrElementLocationMixin from modernfix-forge.mixins.json into net.minecraft.util.ExtraCodecs$TagOrElementLocation
[26Jun2025 01:35:21.614] [main/WARN] [net.minecraft.SystemReport/]: Failed retrieving info for group hardware
java.lang.NoClassDefFoundError: com/sun/jna/Platform
	at oshi.SystemInfo.<clinit>(SystemInfo.java:62) ~[oshi-core-5.8.5.jar%2367!/:5.8.5]
	at net.minecraft.SystemReport.m_143564_(SystemReport.java:52) ~[server-1.19.2-20220805.130853-srg.jar%23307!/:?]
	at net.minecraft.SystemReport.m_143516_(SystemReport.java:82) ~[server-1.19.2-20220805.130853-srg.jar%23307!/:?]
	at net.minecraft.SystemReport.<init>(SystemReport.java:52) ~[server-1.19.2-20220805.130853-srg.jar%23307!/:?]
	at net.minecraft.CrashReport.<init>(CrashReport.java:31) ~[server-1.19.2-20220805.130853-srg.jar%23307!/:?]
	at net.minecraft.CrashReport.m_127529_(CrashReport.java:216) ~[server-1.19.2-20220805.130853-srg.jar%23307!/:?]
	at net.minecraft.server.Main.main(Main.java:105) ~[server-1.19.2-20220805.130853-srg.jar%23307!/:?]
	at jdk.internal.reflect.NativeMethodAccessorImpl.invoke0(Native Method) ~[?:?]
	at jdk.internal.reflect.NativeMethodAccessorImpl.invoke(NativeMethodAccessorImpl.java:77) ~[?:?]
	at jdk.internal.reflect.DelegatingMethodAccessorImpl.invoke(DelegatingMethodAccessorImpl.java:43) ~[?:?]
	at java.lang.reflect.Method.invoke(Method.java:569) ~[?:?]
	at net.minecraftforge.fml.loading.targets.CommonServerLaunchHandler.lambda$launchService$0(CommonServerLaunchHandler.java:29) ~[fmlloader-1.19.2-43.4.2.jar%2365!/:?]
	at cpw.mods.modlauncher.LaunchServiceHandlerDecorator.launch(LaunchServiceHandlerDecorator.java:30) [modlauncher-10.0.8.jar%2352!/:?]
	at cpw.mods.modlauncher.LaunchServiceHandler.launch(LaunchServiceHandler.java:53) [modlauncher-10.0.8.jar%2352!/:?]
	at cpw.mods.modlauncher.LaunchServiceHandler.launch(LaunchServiceHandler.java:71) [modlauncher-10.0.8.jar%2352!/:?]
	at cpw.mods.modlauncher.Launcher.run(Launcher.java:106) [modlauncher-10.0.8.jar%2352!/:?]
	at cpw.mods.modlauncher.Launcher.main(Launcher.java:77) [modlauncher-10.0.8.jar%2352!/:?]
	at cpw.mods.modlauncher.BootstrapLaunchConsumer.accept(BootstrapLaunchConsumer.java:26) [modlauncher-10.0.8.jar%2352!/:?]
	at cpw.mods.modlauncher.BootstrapLaunchConsumer.accept(BootstrapLaunchConsumer.java:23) [modlauncher-10.0.8.jar%2352!/:?]
	at cpw.mods.bootstraplauncher.BootstrapLauncher.main(BootstrapLauncher.java:141) [bootstraplauncher-1.1.2.jar:?]
Caused by: java.lang.ClassNotFoundException: com.sun.jna.Platform
	at jdk.internal.loader.BuiltinClassLoader.loadClass(BuiltinClassLoader.java:641) ~[?:?]
	at java.lang.ClassLoader.loadClass(ClassLoader.java:525) ~[?:?]
	at cpw.mods.cl.ModuleClassLoader.loadClass(ModuleClassLoader.java:137) ~[securejarhandler-2.1.4.jar:?]
	at java.lang.ClassLoader.loadClass(ClassLoader.java:525) ~[?:?]
	... 20 more
[26Jun2025 01:35:21.626] [main/DEBUG] [mixin/]: Mixing UtilMixin from blue_skies.mixins.json into net.minecraft.Util
[26Jun2025 01:35:21.627] [main/DEBUG] [mixin/]: Mixing perf.thread_priorities.UtilMixin from modernfix-common.mixins.json into net.minecraft.Util
[26Jun2025 01:35:21.628] [main/DEBUG] [mixin/]: Renaming synthetic method lambda$adjustPriorityOfThreadFactory$0(Ljava/util/concurrent/ForkJoinPool$ForkJoinWorkerThreadFactory;Ljava/util/concurrent/ForkJoinPool;)Ljava/util/concurrent/ForkJoinWorkerThread; to md9c8fc5$lambda$adjustPriorityOfThreadFactory$0$0 in modernfix-common.mixins.json:perf.thread_priorities.UtilMixin
[26Jun2025 01:35:21.631] [main/DEBUG] [mixin/]: Mixing SuppressLogMixin from yungsbridges.mixins.json into net.minecraft.Util
[26Jun2025 01:35:21.632] [main/DEBUG] [mixin/]: Mixing SuppressLogMixin from bettermineshafts.mixins.json into net.minecraft.Util
[26Jun2025 01:35:21.634] [main/DEBUG] [mixin/]: Mixing UtilMixin from mixin.imdlib-betteranimalsplus.json into net.minecraft.Util
[26Jun2025 01:35:21.683] [main/DEBUG] [mixin/]: Mixing feature.measure_time.BootstrapMixin from modernfix-common.mixins.json into net.minecraft.server.Bootstrap
[26Jun2025 01:35:21.687] [main/DEBUG] [mixin/]: Mixing core.BootstrapMixin from modernfix-forge.mixins.json into net.minecraft.server.Bootstrap
[26Jun2025 01:35:21.709] [main/INFO] [net.minecraft.server.Bootstrap/]: ModernFix reached bootstrap stage (14.26 s after launch)
[26Jun2025 01:35:21.718] [main/DEBUG] [mixin/]: Mixing perf.mojang_registry_size.MappedRegistryMixin from modernfix-common.mixins.json into net.minecraft.core.MappedRegistry
[26Jun2025 01:35:21.739] [main/DEBUG] [mixin/]: Mixing perf.mojang_registry_size.ResourceKeyMixin from modernfix-common.mixins.json into net.minecraft.resources.ResourceKey
[26Jun2025 01:35:21.740] [main/DEBUG] [mixin/]: Renaming synthetic method lambda$createEfficient$0(Lnet/minecraft/resources/ResourceLocation;)Ljava/util/Map; to md9c8fc5$lambda$createEfficient$0$0 in modernfix-common.mixins.json:perf.mojang_registry_size.ResourceKeyMixin
[26Jun2025 01:35:21.750] [main/DEBUG] [mixin/]: Mixing perf.resource_key_equality.ResourceKeyMixin from modernfix-forge.mixins.json into net.minecraft.resources.ResourceKey
[26Jun2025 01:35:21.751] [main/DEBUG] [mixin/]: Mixing accessors.resource.ResourceKeyAccessor from valkyrienskies-common.mixins.json into net.minecraft.resources.ResourceKey
[26Jun2025 01:35:21.751] [main/DEBUG] [mixin/]: Renaming @Accessor method getValues()Ljava/util/Map; to getValues_$md$9c8fc5$1 in valkyrienskies-common.mixins.json:accessors.resource.ResourceKeyAccessor
[26Jun2025 01:35:21.755] [main/DEBUG] [mixin/]: Renaming @Invoker method callCreate(Lnet/minecraft/resources/ResourceLocation;Lnet/minecraft/resources/ResourceLocation;)Lnet/minecraft/resources/ResourceKey; to callCreate_$md$9c8fc5$2 in valkyrienskies-common.mixins.json:accessors.resource.ResourceKeyAccessor
[26Jun2025 01:35:21.778] [main/DEBUG] [mixin/]: Mixing inject.MixinGameEvent from architectury-common.mixins.json into net.minecraft.world.level.gameevent.GameEvent
[26Jun2025 01:35:21.788] [main/DEBUG] [mixin/]: Mixing perf.reduce_blockstate_cache_rebuilds.GameDataMixin from modernfix-forge.mixins.json into net.minecraftforge.registries.GameData
[26Jun2025 01:35:21.809] [main/DEBUG] [mixin/]: Mixing perf.fast_registry_validation.ForgeRegistryMixin from modernfix-forge.mixins.json into net.minecraftforge.registries.ForgeRegistry
[26Jun2025 01:35:21.816] [main/DEBUG] [mixin/]: Mixing perf.forge_registry_alloc.ForgeRegistryMixin from modernfix-forge.mixins.json into net.minecraftforge.registries.ForgeRegistry
[26Jun2025 01:35:21.837] [main/WARN] [mixin/]: @Final field delegatesByName:Ljava/util/Map; in modernfix-forge.mixins.json:perf.forge_registry_alloc.ForgeRegistryMixin should be final
[26Jun2025 01:35:21.838] [main/WARN] [mixin/]: @Final field delegatesByValue:Ljava/util/Map; in modernfix-forge.mixins.json:perf.forge_registry_alloc.ForgeRegistryMixin should be final
[26Jun2025 01:35:21.862] [main/DEBUG] [mixin/]: Mixing perf.reduce_blockstate_cache_rebuilds.BlockCallbacksMixin from modernfix-forge.mixins.json into net.minecraftforge.registries.GameData$BlockCallbacks
[26Jun2025 01:35:21.871] [main/DEBUG] [mixin/]: Mixing perf.forge_registry_alloc.DelegateHolderMixin from modernfix-forge.mixins.json into net.minecraft.world.level.block.Block
[26Jun2025 01:35:21.872] [main/DEBUG] [mixin/]: Mixing BlockMixin from sleep_tight-common.mixins.json into net.minecraft.world.level.block.Block
[26Jun2025 01:35:21.877] [main/DEBUG] [net.minecraftforge.coremod.transformer.CoreModBaseTransformer/COREMOD]: Transforming net/minecraft/world/effect/MobEffectInstance
[26Jun2025 01:35:21.892] [main/DEBUG] [mixin/]: Mixing inject.MixinBlock from architectury-common.mixins.json into net.minecraft.world.level.block.Block
[26Jun2025 01:35:21.893] [main/DEBUG] [mixin/]: Mixing BlockMixin from ad_astra-common.mixins.json into net.minecraft.world.level.block.Block
[26Jun2025 01:35:21.900] [main/DEBUG] [mixin/]: Mixing LightningRodBlockBlockMixin from friendsandfoes-common.mixins.json into net.minecraft.world.level.block.Block
[26Jun2025 01:35:21.935] [main/DEBUG] [mixin/]: Mixing LightningRodAbstractBlockMixin from friendsandfoes-common.mixins.json into net.minecraft.world.level.block.state.BlockBehaviour
[26Jun2025 01:35:21.943] [main/DEBUG] [mixin/]: Mixing bugfix.chunk_deadlock.BlockStateBaseMixin from modernfix-common.mixins.json into net.minecraft.world.level.block.state.BlockBehaviour$BlockStateBase
[26Jun2025 01:35:21.945] [main/DEBUG] [mixin/]: Mixing perf.reduce_blockstate_cache_rebuilds.BlockStateBaseMixin from modernfix-common.mixins.json into net.minecraft.world.level.block.state.BlockBehaviour$BlockStateBase
[26Jun2025 01:35:21.949] [main/DEBUG] [mixin/]: Mixing BlockStateBaseMixin from ferritecore.blockstatecache.mixin.json into net.minecraft.world.level.block.state.BlockBehaviour$BlockStateBase
[26Jun2025 01:35:21.950] [main/DEBUG] [mixin/]: Mixing BlockStateBaseMixin from valhelsia_core.mixins.json into net.minecraft.world.level.block.state.BlockBehaviour$BlockStateBase
[26Jun2025 01:35:21.950] [main/DEBUG] [mixin/]: valhelsia_core.mixins.json:BlockStateBaseMixin: Class version 61 required is higher than the class version supported by the current version of Mixin (JAVA_16 supports class version 60)
[26Jun2025 01:35:21.968] [main/DEBUG] [mixin/]: Mixing FastMapStateHolderMixin from ferritecore.fastmap.mixin.json into net.minecraft.world.level.block.state.StateHolder
[26Jun2025 01:35:21.986] [main/DEBUG] [mixin/]: Mixing perf.model_optimizations.PropertyMixin from modernfix-common.mixins.json into net.minecraft.world.level.block.state.properties.Property
[26Jun2025 01:35:22.001] [main/DEBUG] [mixin/]: Mixing EntityLoadMixin from cupboard.mixins.json into net.minecraft.world.entity.Entity
[26Jun2025 01:35:22.007] [main/DEBUG] [mixin/]: Mixing EntityMixin from mixins.hammerlib.json into net.minecraft.world.entity.Entity
[26Jun2025 01:35:22.007] [main/DEBUG] [mixin/]: Mixing EntityAccess from relics.mixins.json into net.minecraft.world.entity.Entity
[26Jun2025 01:35:22.007] [main/DEBUG] [mixin/]: relics.mixins.json:EntityAccess: Class version 61 required is higher than the class version supported by the current version of Mixin (JAVA_8 supports class version 52)
[26Jun2025 01:35:22.008] [main/DEBUG] [mixin/]: Mixing EntityMixin from relics.mixins.json into net.minecraft.world.entity.Entity
[26Jun2025 01:35:22.008] [main/DEBUG] [mixin/]: relics.mixins.json:EntityMixin: Class version 61 required is higher than the class version supported by the current version of Mixin (JAVA_8 supports class version 52)
[26Jun2025 01:35:22.037] [main/DEBUG] [mixin/]: Mixing EntityMixin from supplementaries-common.mixins.json into net.minecraft.world.entity.Entity
[26Jun2025 01:35:22.051] [main/DEBUG] [mixin/]: Mixing EntityMixin from structure_gel.mixins.json into net.minecraft.world.entity.Entity
[26Jun2025 01:35:22.091] [main/DEBUG] [mixin/]: Mixing AccessorEntity from curios.mixins.json into net.minecraft.world.entity.Entity
[26Jun2025 01:35:22.092] [main/DEBUG] [mixin/]: Mixing EntityMixin from tombstone.mixins.json into net.minecraft.world.entity.Entity
[26Jun2025 01:35:22.098] [main/DEBUG] [mixin/]: Mixing EntityMixin from upgrade_aquatic.mixins.json into net.minecraft.world.entity.Entity
[26Jun2025 01:35:22.100] [main/DEBUG] [mixin/]: Mixing item.aquadashers.EntityMixin from mixins.artifacts.json into net.minecraft.world.entity.Entity
[26Jun2025 01:35:22.100] [main/DEBUG] [mixin/]: mixins.artifacts.json:item.aquadashers.EntityMixin: Class version 61 required is higher than the class version supported by the current version of Mixin (JAVA_8 supports class version 52)
[26Jun2025 01:35:22.117] [main/DEBUG] [mixin/]: Mixing item.umbrella.EntityMixin from mixins.artifacts.json into net.minecraft.world.entity.Entity
[26Jun2025 01:35:22.117] [main/DEBUG] [mixin/]: mixins.artifacts.json:item.umbrella.EntityMixin: Class version 61 required is higher than the class version supported by the current version of Mixin (JAVA_8 supports class version 52)
[26Jun2025 01:35:22.122] [main/DEBUG] [mixin/]: Mixing EntityMixin from blueprint.mixins.json into net.minecraft.world.entity.Entity
[26Jun2025 01:35:22.124] [main/DEBUG] [mixin/]: Renaming synthetic method lambda$read$1(Lnet/minecraft/nbt/Tag;)V to md9c8fc5$lambda$read$1$0 in blueprint.mixins.json:EntityMixin
[26Jun2025 01:35:22.124] [main/DEBUG] [mixin/]: Renaming synthetic method lambda$writeTrackedData$0(Lnet/minecraft/nbt/ListTag;Lcom/teamabnormals/blueprint/common/world/storage/tracking/TrackedData;Lcom/teamabnormals/blueprint/common/world/storage/tracking/IDataManager$DataEntry;)V to md9c8fc5$lambda$writeTrackedData$0$1 in blueprint.mixins.json:EntityMixin
[26Jun2025 01:35:22.147] [main/DEBUG] [mixin/]: Mixing accessors.entity.EntityAccessor from valkyrienskies-common.mixins.json into net.minecraft.world.entity.Entity
[26Jun2025 01:35:22.147] [main/DEBUG] [mixin/]: Mixing entity.MixinEntity from valkyrienskies-common.mixins.json into net.minecraft.world.entity.Entity
[26Jun2025 01:35:22.175] [main/DEBUG] [mixin/]: Mixing feature.distance_replace.MixinEntity from valkyrienskies-common.mixins.json into net.minecraft.world.entity.Entity
[26Jun2025 01:35:22.178] [main/DEBUG] [mixin/]: Mixing feature.entity_collision.MixinEntity from valkyrienskies-common.mixins.json into net.minecraft.world.entity.Entity
[26Jun2025 01:35:22.210] [main/DEBUG] [mixin/]: Mixing feature.shipyard_entities.MixinEntity from valkyrienskies-common.mixins.json into net.minecraft.world.entity.Entity
[26Jun2025 01:35:22.211] [main/DEBUG] [mixin/]: Renaming synthetic method lambda$positionRider$0(Lnet/minecraft/world/entity/Entity;DDD)V to md9c8fc5$lambda$positionRider$0$2 in valkyrienskies-common.mixins.json:feature.shipyard_entities.MixinEntity
[26Jun2025 01:35:22.225] [main/DEBUG] [mixin/]: Mixing feature.water_in_ships_entity.MixinEntity from valkyrienskies-forge.mixins.json into net.minecraft.world.entity.Entity
[26Jun2025 01:35:22.227] [main/DEBUG] [mixin/]: Renaming synthetic method lambda$getFluidStateRedirect$3([Lnet/minecraft/world/level/material/FluidState;Lcom/llamalad7/mixinextras/injector/wrapoperation/Operation;Lnet/minecraft/world/level/Level;DDD)V to md9c8fc5$lambda$getFluidStateRedirect$3$3 in valkyrienskies-forge.mixins.json:feature.water_in_ships_entity.MixinEntity
[26Jun2025 01:35:22.227] [main/DEBUG] [mixin/]: Renaming synthetic method lambda$afterFluidStateUpdate$2(Lnet/minecraft/world/phys/AABB;)V to md9c8fc5$lambda$afterFluidStateUpdate$2$4 in valkyrienskies-forge.mixins.json:feature.water_in_ships_entity.MixinEntity
[26Jun2025 01:35:22.227] [main/DEBUG] [mixin/]: Renaming synthetic method lambda$afterFluidStateUpdate$1(Lnet/minecraftforge/fluids/FluidType;Lorg/apache/commons/lang3/tuple/MutableTriple;)V to md9c8fc5$lambda$afterFluidStateUpdate$1$5 in valkyrienskies-forge.mixins.json:feature.water_in_ships_entity.MixinEntity
[26Jun2025 01:35:22.228] [main/DEBUG] [mixin/]: Renaming synthetic method lambda$afterFluidStateUpdate$0(Ljava/lang/Object;)Lorg/apache/commons/lang3/tuple/MutableTriple; to md9c8fc5$lambda$afterFluidStateUpdate$0$6 in valkyrienskies-forge.mixins.json:feature.water_in_ships_entity.MixinEntity
[26Jun2025 01:35:22.258] [main/DEBUG] [mixin/]: Mixing swimming.EntityMixin from expandability.mixins.json into net.minecraft.world.entity.Entity
[26Jun2025 01:35:22.263] [main/DEBUG] [mixin/]: Mixing fluidcollision.EntityMixin from expandability-common.mixins.json into net.minecraft.world.entity.Entity
[26Jun2025 01:35:22.284] [main/DEBUG] [mixin/]: Mixing swimming.EntityMixin from expandability-common.mixins.json into net.minecraft.world.entity.Entity
[26Jun2025 01:35:22.290] [main/DEBUG] [mixin/]: Mixing EntityInvoker from ad_astra-common.mixins.json into net.minecraft.world.entity.Entity
[26Jun2025 01:35:22.291] [main/DEBUG] [mixin/]: Mixing EntityMixin from ad_astra-common.mixins.json into net.minecraft.world.entity.Entity
[26Jun2025 01:35:22.629] [main/DEBUG] [mixin/]: Mixing LivingEntityMixin from blue_skies.mixins.json into net.minecraft.world.entity.LivingEntity
[26Jun2025 01:35:22.646] [main/DEBUG] [mixin/]: Mixing LivingEntityMixin from citadel.mixins.json into net.minecraft.world.entity.LivingEntity
[26Jun2025 01:35:22.655] [main/DEBUG] [mixin/]: Mixing perf.forge_cap_retrieval.LivingEntityMixin from modernfix-forge.mixins.json into net.minecraft.world.entity.LivingEntity
[26Jun2025 01:35:22.656] [main/DEBUG] [mixin/]: Mixing LivingEntityMixin from relics.mixins.json into net.minecraft.world.entity.LivingEntity
[26Jun2025 01:35:22.656] [main/DEBUG] [mixin/]: relics.mixins.json:LivingEntityMixin: Class version 61 required is higher than the class version supported by the current version of Mixin (JAVA_8 supports class version 52)
[26Jun2025 01:35:22.657] [main/DEBUG] [mixin/]: Renaming synthetic method lambda$onEffectRemoved$1(Lnet/minecraft/world/entity/LivingEntity;)Lnet/minecraft/world/entity/Entity; to md9c8fc5$lambda$onEffectRemoved$1$0 in relics.mixins.json:LivingEntityMixin
[26Jun2025 01:35:22.657] [main/DEBUG] [mixin/]: Renaming synthetic method lambda$onEffectAdded$0(Lnet/minecraft/world/entity/LivingEntity;)Lnet/minecraft/world/entity/Entity; to md9c8fc5$lambda$onEffectAdded$0$1 in relics.mixins.json:LivingEntityMixin
[26Jun2025 01:35:22.675] [main/DEBUG] [mixin/]: Mixing LivingEntityMixin from supplementaries-common.mixins.json into net.minecraft.world.entity.LivingEntity
[26Jun2025 01:35:22.681] [main/DEBUG] [mixin/]: Mixing LivingEntityMixin from sleep_tight-common.mixins.json into net.minecraft.world.entity.LivingEntity
[26Jun2025 01:35:22.686] [main/DEBUG] [mixin/]: Mixing MixinLivingEntity from curios.mixins.json into net.minecraft.world.entity.LivingEntity
[26Jun2025 01:35:22.688] [main/DEBUG] [mixin/]: Mixing LivingEntityMixin from tombstone.mixins.json into net.minecraft.world.entity.LivingEntity
[26Jun2025 01:35:22.690] [main/DEBUG] [mixin/]: Mixing LivingEntityMixin from upgrade_aquatic.mixins.json into net.minecraft.world.entity.LivingEntity
[26Jun2025 01:35:22.692] [main/DEBUG] [mixin/]: Mixing PharaohKilledMixin from betterdeserttemples.mixins.json into net.minecraft.world.entity.LivingEntity
[26Jun2025 01:35:22.693] [main/DEBUG] [mixin/]: Renaming synthetic method lambda$betterdeserttemples_pharaohDie$0(Lnet/minecraft/server/level/ServerLevel;Lnet/minecraft/server/level/ServerPlayer;)V to md9c8fc5$lambda$betterdeserttemples_pharaohDie$0$2 in betterdeserttemples.mixins.json:PharaohKilledMixin
[26Jun2025 01:35:22.708] [main/DEBUG] [mixin/]: Mixing BlazeLivingEntityMixin from friendsandfoes-common.mixins.json into net.minecraft.world.entity.LivingEntity
[26Jun2025 01:35:22.709] [main/DEBUG] [mixin/]: Mixing LivingEntityMixin from friendsandfoes-common.mixins.json into net.minecraft.world.entity.LivingEntity
[26Jun2025 01:35:22.713] [main/DEBUG] [mixin/]: Mixing feature.dismount_dead_entities.MixinLivingEntity from valkyrienskies-common.mixins.json into net.minecraft.world.entity.LivingEntity
[26Jun2025 01:35:22.722] [main/DEBUG] [mixin/]: Mixing feature.ladders.MixinLivingEntity from valkyrienskies-common.mixins.json into net.minecraft.world.entity.LivingEntity
[26Jun2025 01:35:22.723] [main/DEBUG] [mixin/]: Renaming synthetic method lambda$onClimbableMixin$0(Lorg/spongepowered/asm/mixin/injection/callback/CallbackInfoReturnable;Lorg/valkyrienskies/mod/mixin/accessors/entity/EntityAccessor;DDD)V to md9c8fc5$lambda$onClimbableMixin$0$3 in valkyrienskies-common.mixins.json:feature.ladders.MixinLivingEntity
[26Jun2025 01:35:22.728] [main/DEBUG] [mixin/]: Mixing swimming.LivingEntityMixin from expandability.mixins.json into net.minecraft.world.entity.LivingEntity
[26Jun2025 01:35:22.731] [main/DEBUG] [mixin/]: Mixing swimming.LivingEntityMixin from expandability-common.mixins.json into net.minecraft.world.entity.LivingEntity
[26Jun2025 01:35:22.735] [main/DEBUG] [mixin/]: Mixing LivingEntityMixin from ad_astra-common.mixins.json into net.minecraft.world.entity.LivingEntity
[26Jun2025 01:35:22.745] [main/DEBUG] [mixin/]: Mixing gravity.LivingEntityGravityMixin from ad_astra-common.mixins.json into net.minecraft.world.entity.LivingEntity
[26Jun2025 01:35:22.749] [main/DEBUG] [mixin/]: Mixing LivingEntityMixin from obscure_api.mixins.json into net.minecraft.world.entity.LivingEntity
[26Jun2025 01:35:22.891] [main/DEBUG] [mixin/]: Mixing perf.model_optimizations.BooleanPropertyMixin from modernfix-common.mixins.json into net.minecraft.world.level.block.state.properties.BooleanProperty
[26Jun2025 01:35:22.899] [main/DEBUG] [mixin/]: Mixing LevelMixin from mixins.hammerlib.json into net.minecraft.world.level.Level
[26Jun2025 01:35:22.904] [main/DEBUG] [mixin/]: Mixing LevelMixin from citadel.mixins.json into net.minecraft.world.level.Level
[26Jun2025 01:35:22.908] [main/DEBUG] [mixin/]: Mixing feature.clip_replace.MixinLevel from valkyrienskies-common.mixins.json into net.minecraft.world.level.Level
[26Jun2025 01:35:22.913] [main/DEBUG] [mixin/]: Mixing feature.get_entities.MixinLevel from valkyrienskies-common.mixins.json into net.minecraft.world.level.Level
[26Jun2025 01:35:22.914] [main/DEBUG] [mixin/]: Renaming synthetic method lambda$check2$1(Lnet/minecraft/world/phys/AABB;)V to md9c8fc5$lambda$check2$1$0 in valkyrienskies-common.mixins.json:feature.get_entities.MixinLevel
[26Jun2025 01:35:22.914] [main/DEBUG] [mixin/]: Renaming synthetic method lambda$check1$0(Lnet/minecraft/world/phys/AABB;)V to md9c8fc5$lambda$check1$0$1 in valkyrienskies-common.mixins.json:feature.get_entities.MixinLevel
[26Jun2025 01:35:22.926] [main/DEBUG] [mixin/]: Mixing feature.world_border.MixinLevel from valkyrienskies-common.mixins.json into net.minecraft.world.level.Level
[26Jun2025 01:35:22.927] [main/DEBUG] [mixin/]: Mixing world.level.MixinLevel from valkyrienskies-common.mixins.json into net.minecraft.world.level.Level
[26Jun2025 01:35:22.971] [main/DEBUG] [mixin/]: Mixing ServerAddEntityMixin from cupboard.mixins.json into net.minecraft.server.level.ServerLevel
[26Jun2025 01:35:22.984] [main/DEBUG] [mixin/]: Mixing ServerLevelMixin from betterendisland.mixins.json into net.minecraft.server.level.ServerLevel
[26Jun2025 01:35:22.994] [main/DEBUG] [mixin/]: Mixing ServerLevelMixin from mixins.hammerlib.json into net.minecraft.server.level.ServerLevel
[26Jun2025 01:35:22.998] [main/DEBUG] [mixin/]: Mixing ServerLevelMixin from citadel.mixins.json into net.minecraft.server.level.ServerLevel
[26Jun2025 01:35:23.000] [main/DEBUG] [mixin/]: Mixing bugfix.chunk_deadlock.ServerLevelMixin from modernfix-common.mixins.json into net.minecraft.server.level.ServerLevel
[26Jun2025 01:35:23.001] [main/DEBUG] [mixin/]: Mixing perf.cache_strongholds.ServerLevelMixin from modernfix-common.mixins.json into net.minecraft.server.level.ServerLevel
[26Jun2025 01:35:23.005] [main/DEBUG] [mixin/]: Mixing ServerLevelMixin from supplementaries-common.mixins.json into net.minecraft.server.level.ServerLevel
[26Jun2025 01:35:23.006] [main/DEBUG] [mixin/]: Discarding sythetic bridge method synthetic in m_6325_ because existing method in supplementaries-common.mixins.json:ServerLevelMixin is compatible
[26Jun2025 01:35:23.008] [main/DEBUG] [mixin/]: Mixing ServerLevelMixin from sleep_tight-common.mixins.json into net.minecraft.server.level.ServerLevel
[26Jun2025 01:35:23.008] [main/DEBUG] [mixin/]: Discarding sythetic bridge method synthetic in m_6325_ because existing method in sleep_tight-common.mixins.json:ServerLevelMixin is compatible
[26Jun2025 01:35:23.008] [main/DEBUG] [mixin/]: Renaming synthetic method lambda$announceSleepStatus$0(Lnet/minecraft/network/chat/Component;Lnet/minecraft/server/level/ServerPlayer;)V to md9c8fc5$lambda$announceSleepStatus$0$0 in sleep_tight-common.mixins.json:ServerLevelMixin
[26Jun2025 01:35:23.011] [main/DEBUG] [mixin/]: Mixing ServerLevelMixin from betterdeserttemples.mixins.json into net.minecraft.server.level.ServerLevel
[26Jun2025 01:35:23.012] [main/DEBUG] [mixin/]: Mixing ServerLevelMixin from blueprint.mixins.json into net.minecraft.server.level.ServerLevel
[26Jun2025 01:35:23.014] [main/DEBUG] [mixin/]: Mixing ServerWorldAccessor from friendsandfoes-common.mixins.json into net.minecraft.server.level.ServerLevel
[26Jun2025 01:35:23.014] [main/DEBUG] [mixin/]: Mixing ServerWorldMixin from friendsandfoes-common.mixins.json into net.minecraft.server.level.ServerLevel
[26Jun2025 01:35:23.015] [main/DEBUG] [mixin/]: Discarding sythetic bridge method synthetic in m_6325_ because existing method in friendsandfoes-common.mixins.json:ServerWorldMixin is compatible
[26Jun2025 01:35:23.015] [main/DEBUG] [mixin/]: Renaming synthetic method lambda$friendsandfoes_getLightningRodPos$2(Lnet/minecraft/core/BlockPos;)Lnet/minecraft/core/BlockPos; to md9c8fc5$lambda$friendsandfoes_getLightningRodPos$2$1 in friendsandfoes-common.mixins.json:ServerWorldMixin
[26Jun2025 01:35:23.016] [main/DEBUG] [mixin/]: Renaming synthetic method lambda$friendsandfoes_getLightningRodPos$1(Lnet/minecraft/core/BlockPos;)Z to md9c8fc5$lambda$friendsandfoes_getLightningRodPos$1$2 in friendsandfoes-common.mixins.json:ServerWorldMixin
[26Jun2025 01:35:23.016] [main/DEBUG] [mixin/]: Renaming synthetic method lambda$friendsandfoes_getLightningRodPos$0(Lnet/minecraft/core/Holder;)Z to md9c8fc5$lambda$friendsandfoes_getLightningRodPos$0$3 in friendsandfoes-common.mixins.json:ServerWorldMixin
[26Jun2025 01:35:23.034] [main/DEBUG] [mixin/]: Mixing feature.shipyard_entities.MixinServerLevel from valkyrienskies-common.mixins.json into net.minecraft.server.level.ServerLevel
[26Jun2025 01:35:23.036] [main/DEBUG] [mixin/]: Mixing server.world.MixinServerLevel from valkyrienskies-common.mixins.json into net.minecraft.server.level.ServerLevel
[26Jun2025 01:35:23.081] [main/DEBUG] [mixin/]: Mixing ServerLevelMixin from ad_astra-common.mixins.json into net.minecraft.server.level.ServerLevel
[26Jun2025 01:35:23.084] [main/DEBUG] [mixin/]: Mixing EndergeticExpansionMixins from betterendisland.mixins.json into net.minecraft.server.level.ServerLevel
[26Jun2025 01:35:23.201] [main/DEBUG] [mixin/]: Mixing gravity.CommonGravityEntityMixin from ad_astra-common.mixins.json into net.minecraft.world.entity.item.ItemEntity
[26Jun2025 01:35:23.216] [main/DEBUG] [mixin/]: Mixing PlayerEntityMixin from blue_skies.mixins.json into net.minecraft.world.entity.player.Player
[26Jun2025 01:35:23.218] [main/DEBUG] [mixin/]: Mixing PlayerProjectileMixin from supplementaries.mixins.json into net.minecraft.world.entity.player.Player
[26Jun2025 01:35:23.221] [main/DEBUG] [mixin/]: Mixing PlayerMixin from sleep_tight-common.mixins.json into net.minecraft.world.entity.player.Player
[26Jun2025 01:35:23.222] [main/DEBUG] [mixin/]: Mixing PlayerMixin from tombstone.mixins.json into net.minecraft.world.entity.player.Player
[26Jun2025 01:35:23.225] [main/DEBUG] [mixin/]: Mixing accessor.PlayerAccessor from easymagic.common.mixins.json into net.minecraft.world.entity.player.Player
[26Jun2025 01:35:23.225] [main/DEBUG] [mixin/]: Mixing PlayerEntityMixin from friendsandfoes-common.mixins.json into net.minecraft.world.entity.player.Player
[26Jun2025 01:35:23.255] [main/DEBUG] [mixin/]: Mixing feature.entity_collision.MixinPlayer from valkyrienskies-common.mixins.json into net.minecraft.world.entity.player.Player
[26Jun2025 01:35:23.256] [main/DEBUG] [mixin/]: Mixing world.entity.MixinPlayer from valkyrienskies-common.mixins.json into net.minecraft.world.entity.player.Player
[26Jun2025 01:35:23.258] [main/DEBUG] [mixin/]: Mixing swimming.PlayerMixin from expandability-common.mixins.json into net.minecraft.world.entity.player.Player
[26Jun2025 01:35:23.260] [main/DEBUG] [mixin/]: Mixing PlayerMixin from ad_astra-common.mixins.json into net.minecraft.world.entity.player.Player
[26Jun2025 01:35:23.275] [main/DEBUG] [mixin/]: Mixing PlayerEntityMixin from immersive_aircraft.mixins.json into net.minecraft.world.entity.player.Player
[26Jun2025 01:35:23.344] [main/DEBUG] [mixin/]: Mixing feature.forge_interact.MixinIForgePlayer from valkyrienskies-forge.mixins.json into net.minecraftforge.common.extensions.IForgePlayer
[26Jun2025 01:35:23.371] [main/DEBUG] [mixin/]: Mixing RegistryManagerAccessor from mixins.hammerlib.json into net.minecraftforge.registries.RegistryManager
[26Jun2025 01:35:23.384] [main/DEBUG] [mixin/]: Mixing perf.fast_forge_dummies.NamespacedHolderHelperMixin from modernfix-forge.mixins.json into net.minecraftforge.registries.NamespacedHolderHelper
[26Jun2025 01:35:23.396] [main/DEBUG] [mixin/]: Mixing inject.MixinFluid from architectury-common.mixins.json into net.minecraft.world.level.material.Fluid
[26Jun2025 01:35:23.396] [main/DEBUG] [mixin/]: Mixing FluidInvokerMixin from blueprint.mixins.json into net.minecraft.world.level.material.Fluid
[26Jun2025 01:35:23.401] [main/DEBUG] [mixin/]: Mixing ItemMixin from mixins.hammerlib.json into net.minecraft.world.item.Item
[26Jun2025 01:35:23.401] [main/DEBUG] [mixin/]: Renaming synthetic method lambda$allowedIn_HL$0(Lnet/minecraft/world/item/CreativeModeTab;Lnet/minecraft/world/item/CreativeModeTab;)Z to md9c8fc5$lambda$allowedIn_HL$0$0 in mixins.hammerlib.json:ItemMixin
[26Jun2025 01:35:23.403] [main/DEBUG] [mixin/]: Mixing perf.forge_registry_alloc.DelegateHolderMixin from modernfix-forge.mixins.json into net.minecraft.world.item.Item
[26Jun2025 01:35:23.404] [main/DEBUG] [mixin/]: Mixing ItemMixin from relics.mixins.json into net.minecraft.world.item.Item
[26Jun2025 01:35:23.404] [main/DEBUG] [mixin/]: relics.mixins.json:ItemMixin: Class version 61 required is higher than the class version supported by the current version of Mixin (JAVA_8 supports class version 52)
[26Jun2025 01:35:23.410] [main/DEBUG] [mixin/]: Mixing ItemMixin from supplementaries-common.mixins.json into net.minecraft.world.item.Item
[26Jun2025 01:35:23.413] [main/DEBUG] [mixin/]: Mixing ItemMixin from tombstone.mixins.json into net.minecraft.world.item.Item
[26Jun2025 01:35:23.413] [main/DEBUG] [mixin/]: Renaming synthetic method lambda$methodIsFoil$1(Lnet/minecraft/world/item/ItemStack;Lovh/corail/tombstone/api/capability/ISoulConsumer;)Ljava/lang/Boolean; to md9c8fc5$lambda$methodIsFoil$1$1 in tombstone.mixins.json:ItemMixin
[26Jun2025 01:35:23.413] [main/DEBUG] [mixin/]: Renaming synthetic method lambda$methodGetName$0(Lnet/minecraft/world/item/ItemStack;Lovh/corail/tombstone/api/capability/ISoulConsumer;)Ljava/lang/Boolean; to md9c8fc5$lambda$methodGetName$0$2 in tombstone.mixins.json:ItemMixin
[26Jun2025 01:35:23.424] [main/DEBUG] [mixin/]: Mixing inject.MixinItem from architectury-common.mixins.json into net.minecraft.world.item.Item
[26Jun2025 01:35:23.425] [main/DEBUG] [mixin/]: Mixing ItemInvokerMixin from blueprint.mixins.json into net.minecraft.world.item.Item
[26Jun2025 01:35:23.458] [main/DEBUG] [mixin/]: Mixing inject.MixinEntityType from architectury-common.mixins.json into net.minecraft.world.entity.EntityType
[26Jun2025 01:35:23.469] [main/DEBUG] [mixin/]: Mixing MobEffectMixin from breezy.mixins.json into net.minecraft.world.effect.MobEffect
[26Jun2025 01:35:23.479] [main/DEBUG] [mixin/]: Mixing BlockEntityTypeAccessor from mixins.hammerlib.json into net.minecraft.world.level.block.entity.BlockEntityType
[26Jun2025 01:35:23.480] [main/DEBUG] [mixin/]: Mixing perf.dynamic_dfu.BlockEntityTypeMixin from modernfix-common.mixins.json into net.minecraft.world.level.block.entity.BlockEntityType
[26Jun2025 01:35:23.493] [main/DEBUG] [mixin/]: Mixing feature.commands.MixinArgumentTypeInfos from valkyrienskies-common.mixins.json into net.minecraft.commands.synchronization.ArgumentTypeInfos
[26Jun2025 01:35:23.505] [main/DEBUG] [mixin/]: Mixing PointOfInterestTypesMixin from friendsandfoes-common.mixins.json into net.minecraft.world.entity.ai.village.poi.PoiTypes
[26Jun2025 01:35:23.560] [main/DEBUG] [net.minecraftforge.coremod.transformer.CoreModBaseTransformer/COREMOD]: Transforming net/minecraft/world/level/levelgen/structure/Structure
[26Jun2025 01:35:23.561] [main/DEBUG] [mixin/]: Mixing StructureMixin from structure_gel.mixins.json into net.minecraft.world.level.levelgen.structure.Structure
[26Jun2025 01:35:23.592] [main/DEBUG] [mixin/]: Mixing MixinNoiseGeneratorSettings from terrablender.mixins.json into net.minecraft.world.level.levelgen.NoiseGeneratorSettings
[26Jun2025 01:35:23.669] [main/DEBUG] [mixin/]: Mixing perf.reduce_blockstate_cache_rebuilds.BlocksMixin from modernfix-common.mixins.json into net.minecraft.world.level.block.Blocks
[26Jun2025 01:35:23.670] [main/DEBUG] [mixin/]: Renaming synthetic method lambda$getEmptyConsumer$0(Ljava/lang/Object;)V to md9c8fc5$lambda$getEmptyConsumer$0$0 in modernfix-common.mixins.json:perf.reduce_blockstate_cache_rebuilds.BlocksMixin
[26Jun2025 01:35:23.693] [main/DEBUG] [mixin/]: Mixing SpreadingSnowyDirtBlockMixin from valhelsia_structures.mixins.json into net.minecraft.world.level.block.SpreadingSnowyDirtBlock
[26Jun2025 01:35:23.719] [main/DEBUG] [net.minecraftforge.coremod.transformer.CoreModBaseTransformer/COREMOD]: Transforming net/minecraft/world/level/block/LiquidBlock
[26Jun2025 01:35:23.722] [main/DEBUG] [mixin/]: Mixing inject.MixinLiquidBlock from architectury-common.mixins.json into net.minecraft.world.level.block.LiquidBlock
[26Jun2025 01:35:23.723] [main/DEBUG] [mixin/]: Mixing LiquidBlockMixin from ad_astra-common.mixins.json into net.minecraft.world.level.block.LiquidBlock
[26Jun2025 01:35:23.746] [main/DEBUG] [mixin/]: Mixing accessor.DispenserBlockAccessor from moonlight-common.mixins.json into net.minecraft.world.level.block.DispenserBlock
[26Jun2025 01:35:23.746] [main/DEBUG] [mixin/]: Renaming @Accessor method getDispenserRegistry()Ljava/util/Map; to getDispenserRegistry_$md$9c8fc5$0 in moonlight-common.mixins.json:accessor.DispenserBlockAccessor
[26Jun2025 01:35:23.751] [main/DEBUG] [mixin/]: Mixing BedBlockMixin from sleep_tight-common.mixins.json into net.minecraft.world.level.block.BedBlock
[26Jun2025 01:35:23.827] [main/DEBUG] [mixin/]: Mixing TorchBlockMixin from valhelsia_structures.mixins.json into net.minecraft.world.level.block.TorchBlock
[26Jun2025 01:35:23.836] [main/DEBUG] [mixin/]: Mixing WallTorchBlockMixin from valhelsia_structures.mixins.json into net.minecraft.world.level.block.WallTorchBlock
[26Jun2025 01:35:23.844] [main/DEBUG] [mixin/]: Mixing FireBlockAccessor from friendsandfoes-forge.mixins.json into net.minecraft.world.level.block.FireBlock
[26Jun2025 01:35:23.845] [main/DEBUG] [mixin/]: Mixing FireBlockMixin from moonlight.mixins.json into net.minecraft.world.level.block.FireBlock
[26Jun2025 01:35:23.849] [main/DEBUG] [mixin/]: Mixing accessor.FireBlockForgeAccessor from puzzleslib.forge.mixins.json into net.minecraft.world.level.block.FireBlock
[26Jun2025 01:35:23.849] [main/DEBUG] [mixin/]: Mixing world.level.block.FireMixin from valkyrienskies-forge.mixins.json into net.minecraft.world.level.block.FireBlock
[26Jun2025 01:35:23.849] [main/DEBUG] [mixin/]: Renaming synthetic method lambda$onPlaceMixin$1(Lnet/minecraft/world/level/Level;Lnet/minecraft/core/BlockPos;DDD)V to md9c8fc5$lambda$onPlaceMixin$1$0 in valkyrienskies-forge.mixins.json:world.level.block.FireMixin
[26Jun2025 01:35:23.849] [main/DEBUG] [mixin/]: Renaming synthetic method lambda$fireTickMixin$0(Lnet/minecraft/server/level/ServerLevel;Lnet/minecraft/core/BlockPos;Lnet/minecraft/world/level/block/state/BlockState;Lnet/minecraft/util/RandomSource;DDD)V to md9c8fc5$lambda$fireTickMixin$0$1 in valkyrienskies-forge.mixins.json:world.level.block.FireMixin
[26Jun2025 01:35:23.865] [main/DEBUG] [mixin/]: Mixing oxygen.FireBlockMixin from ad_astra-common.mixins.json into net.minecraft.world.level.block.FireBlock
[26Jun2025 01:35:23.903] [main/DEBUG] [net.minecraftforge.coremod.transformer.CoreModBaseTransformer/COREMOD]: Transforming net/minecraft/world/level/block/StairBlock
[26Jun2025 01:35:23.904] [main/DEBUG] [mixin/]: Mixing accessors.world.level.block.StairBlockAccessor from valkyrienskies-common.mixins.json into net.minecraft.world.level.block.StairBlock
[26Jun2025 01:35:23.904] [main/DEBUG] [mixin/]: Renaming @Accessor method getTopShapes()[Lnet/minecraft/world/phys/shapes/VoxelShape; to getTopShapes_$md$9c8fc5$0 in valkyrienskies-common.mixins.json:accessors.world.level.block.StairBlockAccessor
[26Jun2025 01:35:23.905] [main/DEBUG] [mixin/]: Renaming @Accessor method getBottomShapes()[Lnet/minecraft/world/phys/shapes/VoxelShape; to getBottomShapes_$md$9c8fc5$1 in valkyrienskies-common.mixins.json:accessors.world.level.block.StairBlockAccessor
[26Jun2025 01:35:23.908] [main/DEBUG] [mixin/]: Mixing ChestBlockMixin from tombstone.mixins.json into net.minecraft.world.level.block.ChestBlock
[26Jun2025 01:35:23.930] [main/DEBUG] [mixin/]: Mixing DoorBlockMixin from sleep_tight-common.mixins.json into net.minecraft.world.level.block.DoorBlock
[26Jun2025 01:35:23.950] [main/DEBUG] [mixin/]: Mixing AbstractButtonBlockMixin from friendsandfoes-common.mixins.json into net.minecraft.world.level.block.ButtonBlock
[26Jun2025 01:35:23.968] [main/DEBUG] [mixin/]: Mixing IceBlockMixin from ad_astra-common.mixins.json into net.minecraft.world.level.block.IceBlock
[26Jun2025 01:35:23.990] [main/DEBUG] [mixin/]: Mixing CarvedPumpkinBlockMixin from friendsandfoes-common.mixins.json into net.minecraft.world.level.block.CarvedPumpkinBlock
[26Jun2025 01:35:23.991] [main/DEBUG] [mixin/]: Renaming synthetic method lambda$static$1(Lnet/minecraft/world/level/block/state/BlockState;)Z to md9c8fc5$lambda$static$1$0 in friendsandfoes-common.mixins.json:CarvedPumpkinBlockMixin
[26Jun2025 01:35:23.991] [main/DEBUG] [mixin/]: Renaming synthetic method lambda$static$0(Lnet/minecraft/world/level/block/state/BlockState;)Z to md9c8fc5$lambda$static$0$1 in friendsandfoes-common.mixins.json:CarvedPumpkinBlockMixin
[26Jun2025 01:35:24.049] [main/DEBUG] [mixin/]: Mixing IronBarsBlockMixin from blue_skies.mixins.json into net.minecraft.world.level.block.IronBarsBlock
[26Jun2025 01:35:24.052] [main/DEBUG] [mixin/]: Mixing IronBarsBlockMixin from supplementaries-common.mixins.json into net.minecraft.world.level.block.IronBarsBlock
[26Jun2025 01:35:24.066] [main/DEBUG] [mixin/]: Mixing VineMixin from supplementaries-common.mixins.json into net.minecraft.world.level.block.VineBlock
[26Jun2025 01:35:24.077] [main/DEBUG] [mixin/]: Mixing EnchantmentTableBlockMixin from easymagic.common.mixins.json into net.minecraft.world.level.block.EnchantmentTableBlock
[26Jun2025 01:35:24.113] [main/DEBUG] [mixin/]: Mixing perf.deduplicate_wall_shapes.WallBlockMixin from modernfix-common.mixins.json into net.minecraft.world.level.block.WallBlock
[26Jun2025 01:35:24.139] [main/DEBUG] [net.minecraftforge.coremod.transformer.CoreModBaseTransformer/COREMOD]: Transforming net/minecraft/world/level/block/FlowerPotBlock
[26Jun2025 01:35:24.148] [main/DEBUG] [mixin/]: Mixing AbstractSkullBlockMixin from supplementaries-common.mixins.json into net.minecraft.world.level.block.AbstractSkullBlock
[26Jun2025 01:35:24.155] [main/DEBUG] [mixin/]: Mixing AnvilBlockMixin from easyanvils.common.mixins.json into net.minecraft.world.level.block.AnvilBlock
[26Jun2025 01:35:24.180] [main/DEBUG] [mixin/]: Mixing ComparatorBlockMixin from supplementaries-common.mixins.json into net.minecraft.world.level.block.ComparatorBlock
[26Jun2025 01:35:24.194] [main/DEBUG] [mixin/]: Mixing accessors.world.level.block.SlabBlockAccessor from valkyrienskies-common.mixins.json into net.minecraft.world.level.block.SlabBlock
[26Jun2025 01:35:24.194] [main/DEBUG] [mixin/]: Renaming @Accessor method getBottomAABB()Lnet/minecraft/world/phys/shapes/VoxelShape; to getBottomAABB_$md$9c8fc5$0 in valkyrienskies-common.mixins.json:accessors.world.level.block.SlabBlockAccessor
[26Jun2025 01:35:24.195] [main/DEBUG] [mixin/]: Renaming @Accessor method getTopAABB()Lnet/minecraft/world/phys/shapes/VoxelShape; to getTopAABB_$md$9c8fc5$1 in valkyrienskies-common.mixins.json:accessors.world.level.block.SlabBlockAccessor
[26Jun2025 01:35:24.224] [main/DEBUG] [mixin/]: Mixing BubbleColumnBlockMixin from upgrade_aquatic.mixins.json into net.minecraft.world.level.block.BubbleColumnBlock
[26Jun2025 01:35:24.224] [main/DEBUG] [mixin/]: Renaming synthetic method lambda$tick$1(Lnet/minecraft/world/level/block/Block;Lnet/minecraft/server/level/ServerLevel;Lnet/minecraft/core/BlockPos;Ljava/util/function/Supplier;Ljava/util/function/Supplier;)V to md9c8fc5$lambda$tick$1$0 in upgrade_aquatic.mixins.json:BubbleColumnBlockMixin
[26Jun2025 01:35:24.224] [main/DEBUG] [mixin/]: Renaming synthetic method lambda$tick$0(Lnet/minecraft/world/level/block/Block;Lnet/minecraft/server/level/ServerLevel;Lnet/minecraft/core/BlockPos;Ljava/util/function/Supplier;Ljava/util/function/Supplier;)V to md9c8fc5$lambda$tick$0$1 in upgrade_aquatic.mixins.json:BubbleColumnBlockMixin
[26Jun2025 01:35:24.232] [main/DEBUG] [mixin/]: Mixing swimming.BubbleColumnBlockMixin from expandability-common.mixins.json into net.minecraft.world.level.block.BubbleColumnBlock
[26Jun2025 01:35:24.242] [main/DEBUG] [mixin/]: Mixing BellMixin from supplementaries-common.mixins.json into net.minecraft.world.level.block.BellBlock
[26Jun2025 01:35:24.247] [main/DEBUG] [mixin/]: Mixing LanternBlockPlacementMixin from supplementaries-common.mixins.json into net.minecraft.world.level.block.LanternBlock
[26Jun2025 01:35:24.248] [main/DEBUG] [mixin/]: Mixing LanternBlockMixin from blueprint.mixins.json into net.minecraft.world.level.block.LanternBlock
[26Jun2025 01:35:24.251] [main/DEBUG] [mixin/]: Mixing CampfireBlockMixin from supplementaries-common.mixins.json into net.minecraft.world.level.block.CampfireBlock
[26Jun2025 01:35:24.268] [main/DEBUG] [mixin/]: Mixing PowderSnowBlockMixin from relics.mixins.json into net.minecraft.world.level.block.PowderSnowBlock
[26Jun2025 01:35:24.268] [main/DEBUG] [mixin/]: relics.mixins.json:PowderSnowBlockMixin: Class version 61 required is higher than the class version supported by the current version of Mixin (JAVA_8 supports class version 52)
[26Jun2025 01:35:24.268] [main/DEBUG] [mixin/]: Mixing MixinPowderSnowBlock from curios.mixins.json into net.minecraft.world.level.block.PowderSnowBlock
[26Jun2025 01:35:24.280] [main/DEBUG] [mixin/]: Mixing LightningRodBlockMixin from friendsandfoes-common.mixins.json into net.minecraft.world.level.block.LightningRodBlock
[26Jun2025 01:35:24.291] [main/DEBUG] [mixin/]: Mixing LightningRodBlockOxidizableMixin from friendsandfoes-common.mixins.json into net.minecraft.world.level.block.LightningRodBlock
[26Jun2025 01:35:24.291] [main/DEBUG] [mixin/]: Renaming synthetic method lambda$getDegradationResult$0(Lnet/minecraft/world/level/block/state/BlockState;Lnet/minecraft/world/level/block/Block;)Lnet/minecraft/world/level/block/state/BlockState; to md9c8fc5$lambda$getDegradationResult$0$0 in friendsandfoes-common.mixins.json:LightningRodBlockOxidizableMixin
[26Jun2025 01:35:24.292] [main/DEBUG] [mixin/]: Mixing LightningRodBlockDegradableMixin from friendsandfoes-common.mixins.json into net.minecraft.world.level.block.LightningRodBlock
[26Jun2025 01:35:24.392] [main/DEBUG] [mixin/]: Mixing perf.state_definition_construct.StateDefinitionMixin from modernfix-common.mixins.json into net.minecraft.world.level.block.state.StateDefinition
[26Jun2025 01:35:24.459] [main/DEBUG] [mixin/]: Mixing DiscreteVSAccess from ferritecore.blockstatecache.mixin.json into net.minecraft.world.phys.shapes.DiscreteVoxelShape
[26Jun2025 01:35:24.463] [main/DEBUG] [mixin/]: Mixing BitSetDVSAccess from ferritecore.blockstatecache.mixin.json into net.minecraft.world.phys.shapes.BitSetDiscreteVoxelShape
[26Jun2025 01:35:24.466] [main/DEBUG] [mixin/]: Mixing VoxelShapeAccess from ferritecore.blockstatecache.mixin.json into net.minecraft.world.phys.shapes.VoxelShape
[26Jun2025 01:35:24.469] [main/DEBUG] [mixin/]: Mixing ArrayVSAccess from ferritecore.blockstatecache.mixin.json into net.minecraft.world.phys.shapes.ArrayVoxelShape
[26Jun2025 01:35:24.471] [main/DEBUG] [mixin/]: Mixing SliceShapeAccess from ferritecore.blockstatecache.mixin.json into net.minecraft.world.phys.shapes.SliceShape
[26Jun2025 01:35:24.483] [main/DEBUG] [mixin/]: Mixing FlowingFluidMixin from valhelsia_structures.mixins.json into net.minecraft.world.level.material.FlowingFluid
[26Jun2025 01:35:24.484] [main/DEBUG] [mixin/]: Mixing feature.fluid_escaping_ship_config.MixinFlowingFluid from valkyrienskies-common.mixins.json into net.minecraft.world.level.material.FlowingFluid
[26Jun2025 01:35:24.495] [main/DEBUG] [mixin/]: Mixing feature.fire_between_ship_and_world.LavaFluidMixin from valkyrienskies-common.mixins.json into net.minecraft.world.level.material.LavaFluid
[26Jun2025 01:35:24.496] [main/DEBUG] [mixin/]: Renaming synthetic method lambda$fireTickMixin$0(Lnet/minecraft/world/level/Level;Lnet/minecraft/world/level/material/FluidState;Lnet/minecraft/util/RandomSource;DDD)V to md9c8fc5$lambda$fireTickMixin$0$0 in valkyrienskies-common.mixins.json:feature.fire_between_ship_and_world.LavaFluidMixin
[26Jun2025 01:35:24.511] [main/INFO] [net.minecraft.server.Bootstrap/]: Vanilla bootstrap took 2798 milliseconds
[26Jun2025 01:35:24.528] [main/DEBUG] [io.netty.util.internal.PlatformDependent0/]: -Dio.netty.noUnsafe: false
[26Jun2025 01:35:24.528] [main/DEBUG] [io.netty.util.internal.PlatformDependent0/]: Java version: 17
[26Jun2025 01:35:24.529] [main/DEBUG] [io.netty.util.internal.PlatformDependent0/]: sun.misc.Unsafe.theUnsafe: available
[26Jun2025 01:35:24.529] [main/DEBUG] [io.netty.util.internal.PlatformDependent0/]: sun.misc.Unsafe.copyMemory: available
[26Jun2025 01:35:24.529] [main/DEBUG] [io.netty.util.internal.PlatformDependent0/]: sun.misc.Unsafe.storeFence: available
[26Jun2025 01:35:24.529] [main/DEBUG] [io.netty.util.internal.PlatformDependent0/]: java.nio.Buffer.address: available
[26Jun2025 01:35:24.530] [main/DEBUG] [io.netty.util.internal.PlatformDependent0/]: direct buffer constructor: unavailable
java.lang.UnsupportedOperationException: Reflective setAccessible(true) disabled
	at io.netty.util.internal.ReflectionUtil.trySetAccessible(ReflectionUtil.java:31) ~[netty-common-4.1.77.Final.jar%2379!/:4.1.77.Final]
	at io.netty.util.internal.PlatformDependent0$5.run(PlatformDependent0.java:287) ~[netty-common-4.1.77.Final.jar%2379!/:4.1.77.Final]
	at java.security.AccessController.doPrivileged(AccessController.java:318) ~[?:?]
	at io.netty.util.internal.PlatformDependent0.<clinit>(PlatformDependent0.java:281) ~[netty-common-4.1.77.Final.jar%2379!/:4.1.77.Final]
	at io.netty.util.internal.PlatformDependent.isAndroid(PlatformDependent.java:294) ~[netty-common-4.1.77.Final.jar%2379!/:4.1.77.Final]
	at io.netty.util.internal.PlatformDependent.<clinit>(PlatformDependent.java:88) ~[netty-common-4.1.77.Final.jar%2379!/:4.1.77.Final]
	at io.netty.util.ConstantPool.<init>(ConstantPool.java:34) ~[netty-common-4.1.77.Final.jar%2379!/:4.1.77.Final]
	at io.netty.util.AttributeKey$1.<init>(AttributeKey.java:27) ~[netty-common-4.1.77.Final.jar%2379!/:4.1.77.Final]
	at io.netty.util.AttributeKey.<clinit>(AttributeKey.java:27) ~[netty-common-4.1.77.Final.jar%2379!/:4.1.77.Final]
	at net.minecraftforge.network.NetworkConstants.<clinit>(NetworkConstants.java:34) ~[forge-1.19.2-43.4.2-universal.jar%23312!/:?]
	at net.minecraft.server.Bootstrap.handler$zem000$doClassloadHack(Bootstrap.java:1034) ~[server-1.19.2-20220805.130853-srg.jar%23307!/:?]
	at net.minecraft.server.Bootstrap.m_135870_(Bootstrap.java:62) ~[server-1.19.2-20220805.130853-srg.jar%23307!/:?]
	at net.minecraftforge.registries.ForgeRegistries.init(ForgeRegistries.java:205) ~[forge-1.19.2-43.4.2-universal.jar%23312!/:?]
	at net.minecraftforge.registries.ForgeRegistries.<clinit>(ForgeRegistries.java:60) ~[forge-1.19.2-43.4.2-universal.jar%23312!/:?]
	at net.minecraft.world.level.block.LiquidBlock.<init>(LiquidBlock.java:53) ~[server-1.19.2-20220805.130853-srg.jar%23307!/:?]
	at net.minecraft.world.level.block.Blocks.<clinit>(Blocks.java:67) ~[server-1.19.2-20220805.130853-srg.jar%23307!/:?]
	at net.minecraft.world.level.levelgen.carver.CarverDebugSettings.<clinit>(CarverDebugSettings.java:9) ~[server-1.19.2-20220805.130853-srg.jar%23307!/:?]
	at net.minecraft.world.level.levelgen.carver.CarverConfiguration.m_224838_(CarverConfiguration.java:20) ~[server-1.19.2-20220805.130853-srg.jar%23307!/:?]
	at com.mojang.serialization.codecs.RecordCodecBuilder.mapCodec(RecordCodecBuilder.java:76) ~[datafixerupper-5.0.28.jar%2373!/:?]
	at net.minecraft.world.level.levelgen.carver.CarverConfiguration.<clinit>(CarverConfiguration.java:16) ~[server-1.19.2-20220805.130853-srg.jar%23307!/:?]
	at net.minecraft.world.level.levelgen.carver.WorldCarver.<clinit>(WorldCarver.java:32) ~[server-1.19.2-20220805.130853-srg.jar%23307!/:?]
	at net.minecraft.data.worldgen.Carvers.<clinit>(Carvers.java:21) ~[server-1.19.2-20220805.130853-srg.jar%23307!/:?]
	at net.minecraft.data.BuiltinRegistries.m_236012_(BuiltinRegistries.java:53) ~[server-1.19.2-20220805.130853-srg.jar%23307!/:?]
	at net.minecraft.data.BuiltinRegistries.m_236009_(BuiltinRegistries.java:87) ~[server-1.19.2-20220805.130853-srg.jar%23307!/:?]
	at net.minecraft.data.BuiltinRegistries.m_236004_(BuiltinRegistries.java:114) ~[server-1.19.2-20220805.130853-srg.jar%23307!/:?]
	at java.util.LinkedHashMap.forEach(LinkedHashMap.java:721) ~[?:?]
	at net.minecraft.data.BuiltinRegistries.<clinit>(BuiltinRegistries.java:113) ~[server-1.19.2-20220805.130853-srg.jar%23307!/:?]
	at net.minecraft.core.Registry.<clinit>(Registry.java:665) ~[server-1.19.2-20220805.130853-srg.jar%23307!/:?]
	at net.minecraft.server.Bootstrap.m_135870_(Bootstrap.java:43) ~[server-1.19.2-20220805.130853-srg.jar%23307!/:?]
	at net.minecraft.server.Main.main(Main.java:110) ~[server-1.19.2-20220805.130853-srg.jar%23307!/:?]
	at jdk.internal.reflect.NativeMethodAccessorImpl.invoke0(Native Method) ~[?:?]
	at jdk.internal.reflect.NativeMethodAccessorImpl.invoke(NativeMethodAccessorImpl.java:77) ~[?:?]
	at jdk.internal.reflect.DelegatingMethodAccessorImpl.invoke(DelegatingMethodAccessorImpl.java:43) ~[?:?]
	at java.lang.reflect.Method.invoke(Method.java:569) ~[?:?]
	at net.minecraftforge.fml.loading.targets.CommonServerLaunchHandler.lambda$launchService$0(CommonServerLaunchHandler.java:29) ~[fmlloader-1.19.2-43.4.2.jar%2365!/:?]
	at cpw.mods.modlauncher.LaunchServiceHandlerDecorator.launch(LaunchServiceHandlerDecorator.java:30) [modlauncher-10.0.8.jar%2352!/:?]
	at cpw.mods.modlauncher.LaunchServiceHandler.launch(LaunchServiceHandler.java:53) [modlauncher-10.0.8.jar%2352!/:?]
	at cpw.mods.modlauncher.LaunchServiceHandler.launch(LaunchServiceHandler.java:71) [modlauncher-10.0.8.jar%2352!/:?]
	at cpw.mods.modlauncher.Launcher.run(Launcher.java:106) [modlauncher-10.0.8.jar%2352!/:?]
	at cpw.mods.modlauncher.Launcher.main(Launcher.java:77) [modlauncher-10.0.8.jar%2352!/:?]
	at cpw.mods.modlauncher.BootstrapLaunchConsumer.accept(BootstrapLaunchConsumer.java:26) [modlauncher-10.0.8.jar%2352!/:?]
	at cpw.mods.modlauncher.BootstrapLaunchConsumer.accept(BootstrapLaunchConsumer.java:23) [modlauncher-10.0.8.jar%2352!/:?]
	at cpw.mods.bootstraplauncher.BootstrapLauncher.main(BootstrapLauncher.java:141) [bootstraplauncher-1.1.2.jar:?]
[26Jun2025 01:35:24.531] [main/DEBUG] [io.netty.util.internal.PlatformDependent0/]: java.nio.Bits.unaligned: available, true
[26Jun2025 01:35:24.532] [main/DEBUG] [io.netty.util.internal.PlatformDependent0/]: jdk.internal.misc.Unsafe.allocateUninitializedArray(int): unavailable
java.lang.IllegalAccessException: class io.netty.util.internal.PlatformDependent0$7 (in module io.netty.common) cannot access class jdk.internal.misc.Unsafe (in module java.base) because module java.base does not export jdk.internal.misc to module io.netty.common
	at jdk.internal.reflect.Reflection.newIllegalAccessException(Reflection.java:392) ~[?:?]
	at java.lang.reflect.AccessibleObject.checkAccess(AccessibleObject.java:674) ~[?:?]
	at java.lang.reflect.Method.invoke(Method.java:561) ~[?:?]
	at io.netty.util.internal.PlatformDependent0$7.run(PlatformDependent0.java:409) ~[netty-common-4.1.77.Final.jar%2379!/:4.1.77.Final]
	at java.security.AccessController.doPrivileged(AccessController.java:318) ~[?:?]
	at io.netty.util.internal.PlatformDependent0.<clinit>(PlatformDependent0.java:400) ~[netty-common-4.1.77.Final.jar%2379!/:4.1.77.Final]
	at io.netty.util.internal.PlatformDependent.isAndroid(PlatformDependent.java:294) ~[netty-common-4.1.77.Final.jar%2379!/:4.1.77.Final]
	at io.netty.util.internal.PlatformDependent.<clinit>(PlatformDependent.java:88) ~[netty-common-4.1.77.Final.jar%2379!/:4.1.77.Final]
	at io.netty.util.ConstantPool.<init>(ConstantPool.java:34) ~[netty-common-4.1.77.Final.jar%2379!/:4.1.77.Final]
	at io.netty.util.AttributeKey$1.<init>(AttributeKey.java:27) ~[netty-common-4.1.77.Final.jar%2379!/:4.1.77.Final]
	at io.netty.util.AttributeKey.<clinit>(AttributeKey.java:27) ~[netty-common-4.1.77.Final.jar%2379!/:4.1.77.Final]
	at net.minecraftforge.network.NetworkConstants.<clinit>(NetworkConstants.java:34) ~[forge-1.19.2-43.4.2-universal.jar%23312!/:?]
	at net.minecraft.server.Bootstrap.handler$zem000$doClassloadHack(Bootstrap.java:1034) ~[server-1.19.2-20220805.130853-srg.jar%23307!/:?]
	at net.minecraft.server.Bootstrap.m_135870_(Bootstrap.java:62) ~[server-1.19.2-20220805.130853-srg.jar%23307!/:?]
	at net.minecraftforge.registries.ForgeRegistries.init(ForgeRegistries.java:205) ~[forge-1.19.2-43.4.2-universal.jar%23312!/:?]
	at net.minecraftforge.registries.ForgeRegistries.<clinit>(ForgeRegistries.java:60) ~[forge-1.19.2-43.4.2-universal.jar%23312!/:?]
	at net.minecraft.world.level.block.LiquidBlock.<init>(LiquidBlock.java:53) ~[server-1.19.2-20220805.130853-srg.jar%23307!/:?]
	at net.minecraft.world.level.block.Blocks.<clinit>(Blocks.java:67) ~[server-1.19.2-20220805.130853-srg.jar%23307!/:?]
	at net.minecraft.world.level.levelgen.carver.CarverDebugSettings.<clinit>(CarverDebugSettings.java:9) ~[server-1.19.2-20220805.130853-srg.jar%23307!/:?]
	at net.minecraft.world.level.levelgen.carver.CarverConfiguration.m_224838_(CarverConfiguration.java:20) ~[server-1.19.2-20220805.130853-srg.jar%23307!/:?]
	at com.mojang.serialization.codecs.RecordCodecBuilder.mapCodec(RecordCodecBuilder.java:76) ~[datafixerupper-5.0.28.jar%2373!/:?]
	at net.minecraft.world.level.levelgen.carver.CarverConfiguration.<clinit>(CarverConfiguration.java:16) ~[server-1.19.2-20220805.130853-srg.jar%23307!/:?]
	at net.minecraft.world.level.levelgen.carver.WorldCarver.<clinit>(WorldCarver.java:32) ~[server-1.19.2-20220805.130853-srg.jar%23307!/:?]
	at net.minecraft.data.worldgen.Carvers.<clinit>(Carvers.java:21) ~[server-1.19.2-20220805.130853-srg.jar%23307!/:?]
	at net.minecraft.data.BuiltinRegistries.m_236012_(BuiltinRegistries.java:53) ~[server-1.19.2-20220805.130853-srg.jar%23307!/:?]
	at net.minecraft.data.BuiltinRegistries.m_236009_(BuiltinRegistries.java:87) ~[server-1.19.2-20220805.130853-srg.jar%23307!/:?]
	at net.minecraft.data.BuiltinRegistries.m_236004_(BuiltinRegistries.java:114) ~[server-1.19.2-20220805.130853-srg.jar%23307!/:?]
	at java.util.LinkedHashMap.forEach(LinkedHashMap.java:721) ~[?:?]
	at net.minecraft.data.BuiltinRegistries.<clinit>(BuiltinRegistries.java:113) ~[server-1.19.2-20220805.130853-srg.jar%23307!/:?]
	at net.minecraft.core.Registry.<clinit>(Registry.java:665) ~[server-1.19.2-20220805.130853-srg.jar%23307!/:?]
	at net.minecraft.server.Bootstrap.m_135870_(Bootstrap.java:43) ~[server-1.19.2-20220805.130853-srg.jar%23307!/:?]
	at net.minecraft.server.Main.main(Main.java:110) ~[server-1.19.2-20220805.130853-srg.jar%23307!/:?]
	at jdk.internal.reflect.NativeMethodAccessorImpl.invoke0(Native Method) ~[?:?]
	at jdk.internal.reflect.NativeMethodAccessorImpl.invoke(NativeMethodAccessorImpl.java:77) ~[?:?]
	at jdk.internal.reflect.DelegatingMethodAccessorImpl.invoke(DelegatingMethodAccessorImpl.java:43) ~[?:?]
	at java.lang.reflect.Method.invoke(Method.java:569) ~[?:?]
	at net.minecraftforge.fml.loading.targets.CommonServerLaunchHandler.lambda$launchService$0(CommonServerLaunchHandler.java:29) ~[fmlloader-1.19.2-43.4.2.jar%2365!/:?]
	at cpw.mods.modlauncher.LaunchServiceHandlerDecorator.launch(LaunchServiceHandlerDecorator.java:30) [modlauncher-10.0.8.jar%2352!/:?]
	at cpw.mods.modlauncher.LaunchServiceHandler.launch(LaunchServiceHandler.java:53) [modlauncher-10.0.8.jar%2352!/:?]
	at cpw.mods.modlauncher.LaunchServiceHandler.launch(LaunchServiceHandler.java:71) [modlauncher-10.0.8.jar%2352!/:?]
	at cpw.mods.modlauncher.Launcher.run(Launcher.java:106) [modlauncher-10.0.8.jar%2352!/:?]
	at cpw.mods.modlauncher.Launcher.main(Launcher.java:77) [modlauncher-10.0.8.jar%2352!/:?]
	at cpw.mods.modlauncher.BootstrapLaunchConsumer.accept(BootstrapLaunchConsumer.java:26) [modlauncher-10.0.8.jar%2352!/:?]
	at cpw.mods.modlauncher.BootstrapLaunchConsumer.accept(BootstrapLaunchConsumer.java:23) [modlauncher-10.0.8.jar%2352!/:?]
	at cpw.mods.bootstraplauncher.BootstrapLauncher.main(BootstrapLauncher.java:141) [bootstraplauncher-1.1.2.jar:?]
[26Jun2025 01:35:24.533] [main/DEBUG] [io.netty.util.internal.PlatformDependent0/]: java.nio.DirectByteBuffer.<init>(long, int): unavailable
[26Jun2025 01:35:24.534] [main/DEBUG] [io.netty.util.internal.PlatformDependent/]: sun.misc.Unsafe: available
[26Jun2025 01:35:24.534] [main/DEBUG] [io.netty.util.internal.PlatformDependent/]: maxDirectMemory: 12884901888 bytes (maybe)
[26Jun2025 01:35:24.534] [main/DEBUG] [io.netty.util.internal.PlatformDependent/]: -Dio.netty.tmpdir: /tmp (java.io.tmpdir)
[26Jun2025 01:35:24.534] [main/DEBUG] [io.netty.util.internal.PlatformDependent/]: -Dio.netty.bitMode: 64 (sun.arch.data.model)
[26Jun2025 01:35:24.535] [main/DEBUG] [io.netty.util.internal.PlatformDependent/]: -Dio.netty.maxDirectMemory: -1 bytes
[26Jun2025 01:35:24.535] [main/DEBUG] [io.netty.util.internal.PlatformDependent/]: -Dio.netty.uninitializedArrayAllocationThreshold: -1
[26Jun2025 01:35:24.535] [main/DEBUG] [io.netty.util.internal.CleanerJava9/]: java.nio.ByteBuffer.cleaner(): available
[26Jun2025 01:35:24.536] [main/DEBUG] [io.netty.util.internal.PlatformDependent/]: -Dio.netty.noPreferDirect: false
[26Jun2025 01:35:24.575] [main/DEBUG] [mixin/]: Mixing FriendlyByteBufMixin from supplementaries.mixins.json into net.minecraft.network.FriendlyByteBuf
[26Jun2025 01:35:24.656] [main/DEBUG] [mixin/]: Mixing BlockEntityMixin from botarium.forge.mixins.json into net.minecraft.world.level.block.entity.BlockEntity
[26Jun2025 01:35:24.660] [main/DEBUG] [mixin/]: Mixing BlockEntityAccessor from mixins.hammerlib.json into net.minecraft.world.level.block.entity.BlockEntity
[26Jun2025 01:35:24.660] [main/DEBUG] [mixin/]: Mixing BlockEntityMixin from sleep_tight-common.mixins.json into net.minecraft.world.level.block.entity.BlockEntity
[26Jun2025 01:35:24.667] [main/DEBUG] [mixin/]: Mixing accessor.DispenserBlockEntityAccessor from moonlight-common.mixins.json into net.minecraft.world.level.block.entity.DispenserBlockEntity
[26Jun2025 01:35:24.668] [main/DEBUG] [mixin/]: Mixing feature.container_distance_check.MixinRandomizableContainerBlockEntity from valkyrienskies-common.mixins.json into net.minecraft.world.level.block.entity.RandomizableContainerBlockEntity
[26Jun2025 01:35:24.673] [main/DEBUG] [mixin/]: Mixing feature.dispensers.MixinDefaultDispenseItemBehavior from valkyrienskies-common.mixins.json into net.minecraft.core.dispenser.DefaultDispenseItemBehavior
[26Jun2025 01:35:24.689] [main/DEBUG] [mixin/]: Mixing BedBlockEntityMixin from sleep_tight-common.mixins.json into net.minecraft.world.level.block.entity.BedBlockEntity
[26Jun2025 01:35:24.726] [main/DEBUG] [mixin/]: Mixing PistonBlockEntityMixin from moonlight-common.mixins.json into net.minecraft.world.level.block.piston.PistonMovingBlockEntity
[26Jun2025 01:35:24.744] [main/DEBUG] [mixin/]: Mixing gravity.CommonGravityEntityMixin from ad_astra-common.mixins.json into net.minecraft.world.entity.item.PrimedTnt
[26Jun2025 01:35:24.769] [main/DEBUG] [mixin/]: Mixing accessors.util.math.Matrix4fAccessor from valkyrienskies-common.mixins.json into com.mojang.math.Matrix4f
[26Jun2025 01:35:24.821] [main/DEBUG] [mixin/]: Mixing AbstractContainerMenuAccessor from mixins.hammerlib.json into net.minecraft.world.inventory.AbstractContainerMenu
[26Jun2025 01:35:24.822] [main/DEBUG] [mixin/]: Mixing AbstractContainerMenuMixin from relics.mixins.json into net.minecraft.world.inventory.AbstractContainerMenu
[26Jun2025 01:35:24.822] [main/DEBUG] [mixin/]: relics.mixins.json:AbstractContainerMenuMixin: Class version 61 required is higher than the class version supported by the current version of Mixin (JAVA_8 supports class version 52)
[26Jun2025 01:35:24.824] [main/DEBUG] [mixin/]: Mixing feature.screen_distance_check.MixinScreenHandler from valkyrienskies-common.mixins.json into net.minecraft.world.inventory.AbstractContainerMenu
[26Jun2025 01:35:24.841] [main/DEBUG] [mixin/]: Mixing WoodTypeInvoker from ad_astra-common.mixins.json into net.minecraft.world.level.block.state.properties.WoodType
[26Jun2025 01:35:24.842] [main/DEBUG] [mixin/]: Renaming @Invoker method ad_astra$init(Ljava/lang/String;)Lnet/minecraft/world/level/block/state/properties/WoodType; to ad_astra$init_$md$9c8fc5$0 in ad_astra-common.mixins.json:WoodTypeInvoker
[26Jun2025 01:35:24.842] [main/DEBUG] [mixin/]: Renaming @Invoker method ad_astra$invokeRegister(Lnet/minecraft/world/level/block/state/properties/WoodType;)Lnet/minecraft/world/level/block/state/properties/WoodType; to ad_astra$invokeRegister_$md$9c8fc5$1 in ad_astra-common.mixins.json:WoodTypeInvoker
[26Jun2025 01:35:24.857] [main/DEBUG] [mixin/]: Mixing JukeboxBlockEntityAccessor from friendsandfoes-common.mixins.json into net.minecraft.world.level.block.entity.JukeboxBlockEntity
[26Jun2025 01:35:24.858] [main/DEBUG] [mixin/]: Renaming @Invoker method callIsPlayingRecord(Lnet/minecraft/world/level/block/state/BlockState;Lnet/minecraft/world/level/block/entity/JukeboxBlockEntity;)Z to callIsPlayingRecord_$md$9c8fc5$0 in friendsandfoes-common.mixins.json:JukeboxBlockEntityAccessor
[26Jun2025 01:35:24.872] [main/DEBUG] [mixin/]: Mixing MobRememberSpawnReasonMixin from takesapillage.mixins.json into net.minecraft.world.entity.Mob
[26Jun2025 01:35:24.872] [main/DEBUG] [mixin/]: Mixing MobMixin from tombstone.mixins.json into net.minecraft.world.entity.Mob
[26Jun2025 01:35:24.873] [main/DEBUG] [mixin/]: Renaming synthetic method lambda$methodSetTarget$2(Lnet/minecraft/world/entity/LivingEntity;Ljava/util/UUID;)Ljava/lang/Boolean; to md9c8fc5$lambda$methodSetTarget$2$0 in tombstone.mixins.json:MobMixin
[26Jun2025 01:35:24.873] [main/DEBUG] [mixin/]: Renaming synthetic method lambda$methodCanBeLeashed$1(Lnet/minecraft/world/entity/player/Player;Ljava/util/UUID;)Ljava/lang/Boolean; to md9c8fc5$lambda$methodCanBeLeashed$1$1 in tombstone.mixins.json:MobMixin
[26Jun2025 01:35:24.873] [main/DEBUG] [mixin/]: Renaming synthetic method lambda$methodTick$0(Lnet/minecraft/world/entity/Mob;Lovh/corail/tombstone/api/capability/ISpellCaster;)V to md9c8fc5$lambda$methodTick$0$2 in tombstone.mixins.json:MobMixin
[26Jun2025 01:35:24.878] [main/DEBUG] [mixin/]: Mixing MobMixin from breezy.mixins.json into net.minecraft.world.entity.Mob
[26Jun2025 01:35:24.878] [main/DEBUG] [mixin/]: Mixing MobAccessor from betteranimalsplus.mixins.json into net.minecraft.world.entity.Mob
[26Jun2025 01:35:24.878] [main/DEBUG] [mixin/]: Mixing MobEntityMixin from scuba_gear.mixins.json into net.minecraft.world.entity.Mob
[26Jun2025 01:35:24.879] [main/DEBUG] [mixin/]: Mixing EntityMixin from moonlight-common.mixins.json into net.minecraft.world.entity.Mob
[26Jun2025 01:35:24.880] [main/DEBUG] [mixin/]: Mixing MobVariantsMixin from moremobvariants.mixins.json into net.minecraft.world.entity.Mob
[26Jun2025 01:35:24.918] [main/DEBUG] [mixin/]: Mixing MonsterMixin from tombstone.mixins.json into net.minecraft.world.entity.monster.Monster
[26Jun2025 01:35:24.919] [main/DEBUG] [mixin/]: Mixing IllusionerHostileEntityMixin from friendsandfoes-common.mixins.json into net.minecraft.world.entity.monster.Monster
[26Jun2025 01:35:24.955] [main/DEBUG] [mixin/]: Mixing accessor.EnchantmentMenuAccessor from easymagic.common.mixins.json into net.minecraft.world.inventory.EnchantmentMenu
[26Jun2025 01:35:24.961] [main/DEBUG] [mixin/]: Mixing BrewingStandMixin from supplementaries-common.mixins.json into net.minecraft.world.level.block.entity.BrewingStandBlockEntity
[26Jun2025 01:35:24.970] [main/DEBUG] [net.minecraftforge.coremod.transformer.CoreModBaseTransformer/COREMOD]: Transforming net/minecraft/world/item/ItemStack
[26Jun2025 01:35:24.970] [main/DEBUG] [mixin/]: Mixing ItemStackMixin from mixins.hammerlib.json into net.minecraft.world.item.ItemStack
[26Jun2025 01:35:24.972] [main/DEBUG] [mixin/]: Mixing bugfix.item_cache_flag.ItemStackMixin from modernfix-common.mixins.json into net.minecraft.world.item.ItemStack
[26Jun2025 01:35:24.972] [main/DEBUG] [mixin/]: Mixing ItemStackMixin from relics.mixins.json into net.minecraft.world.item.ItemStack
[26Jun2025 01:35:24.973] [main/DEBUG] [mixin/]: relics.mixins.json:ItemStackMixin: Class version 61 required is higher than the class version supported by the current version of Mixin (JAVA_8 supports class version 52)
[26Jun2025 01:35:24.975] [main/DEBUG] [mixin/]: Mixing ItemStackMixin from tombstone.mixins.json into net.minecraft.world.item.ItemStack
[26Jun2025 01:35:25.044] [main/DEBUG] [mixin/]: Mixing accessor.AnvilMenuAccessor from easyanvils.common.mixins.json into net.minecraft.world.inventory.AnvilMenu
[26Jun2025 01:35:25.046] [main/DEBUG] [mixin/]: Mixing accessor.ItemCombinerMenuAccessor from easyanvils.common.mixins.json into net.minecraft.world.inventory.ItemCombinerMenu
[26Jun2025 01:35:25.126] [main/DEBUG] [mixin/]: Mixing accessor.ProjectileAccessor from betteroceanmonuments.mixins.json into net.minecraft.world.entity.projectile.Projectile
[26Jun2025 01:35:25.168] [main/DEBUG] [mixin/]: Mixing TheEndGatewayBlockEntityMixin from betterendisland.mixins.json into net.minecraft.world.level.block.entity.TheEndGatewayBlockEntity
[26Jun2025 01:35:25.179] [main/DEBUG] [mixin/]: Mixing ShulkerBoxBlockEntityMixin from supplementaries-common.mixins.json into net.minecraft.world.level.block.entity.ShulkerBoxBlockEntity
[26Jun2025 01:35:25.188] [main/DEBUG] [mixin/]: Mixing ZombieHorseAnimalEntityMixin from friendsandfoes-common.mixins.json into net.minecraft.world.entity.animal.Animal
[26Jun2025 01:35:25.208] [main/DEBUG] [mixin/]: Mixing feature.conduit_fix.ConduitMixin from valkyrienskies-common.mixins.json into net.minecraft.world.level.block.entity.ConduitBlockEntity
[26Jun2025 01:35:25.215] [main/DEBUG] [mixin/]: Mixing MixinFallingBlockEntity from architectury.mixins.json into net.minecraft.world.entity.item.FallingBlockEntity
[26Jun2025 01:35:25.216] [main/DEBUG] [mixin/]: Mixing FallingBlockEntityMixin from blueprint.mixins.json into net.minecraft.world.entity.item.FallingBlockEntity
[26Jun2025 01:35:25.325] [main/DEBUG] [mixin/]: Mixing LoomMenuMixin from supplementaries-common.mixins.json into net.minecraft.world.inventory.LoomMenu
[26Jun2025 01:35:25.337] [main/DEBUG] [mixin/]: Mixing GrindstoneMenuMixin from supplementaries-common.mixins.json into net.minecraft.world.inventory.GrindstoneMenu
[26Jun2025 01:35:25.353] [main/DEBUG] [mixin/]: Mixing SmithingMenuMixin from citadel.mixins.json into net.minecraft.world.inventory.SmithingMenu
[26Jun2025 01:35:25.357] [main/DEBUG] [mixin/]: Mixing BellTileEntityMixin from supplementaries-common.mixins.json into net.minecraft.world.level.block.entity.BellBlockEntity
[26Jun2025 01:35:25.373] [main/DEBUG] [mixin/]: Mixing StructureBlockEntityMixin from structure_gel.mixins.json into net.minecraft.world.level.block.entity.StructureBlockEntity
[26Jun2025 01:35:25.424] [main/DEBUG] [mixin/]: Mixing MixinLightningBolt from architectury-common.mixins.json into net.minecraft.world.entity.LightningBolt
[26Jun2025 01:35:25.425] [main/DEBUG] [mixin/]: Mixing LightningEntityMixin from friendsandfoes-common.mixins.json into net.minecraft.world.entity.LightningBolt
[26Jun2025 01:35:25.425] [main/DEBUG] [mixin/]: Renaming synthetic method lambda$friendsandfoes$cleanOxidationAround$0(Lnet/minecraft/world/level/Level;Lnet/minecraft/core/BlockPos;Lnet/minecraft/world/level/block/state/BlockState;)V to md9c8fc5$lambda$friendsandfoes$cleanOxidationAround$0$0 in friendsandfoes-common.mixins.json:LightningEntityMixin
[26Jun2025 01:35:25.426] [main/DEBUG] [mixin/]: Mixing LightningEntityMixin from moonlight-common.mixins.json into net.minecraft.world.entity.LightningBolt
[26Jun2025 01:35:25.433] [main/DEBUG] [mixin/]: Generating mapped inner class net/minecraft/world/level/block/LightningRodBlock$Anonymous$64f1257441a14f72a0361d8a790baa47 (originally com/faboslav/friendsandfoes/common/mixin/LightningRodBlockMixin$1)
[26Jun2025 01:35:25.478] [main/DEBUG] [mixin/]: Mixing ConfiguredWorldCarverAccessorMixin from blueprint.mixins.json into net.minecraft.world.level.levelgen.carver.ConfiguredWorldCarver
