[25Jun2025 22:17:45.263] [main/INFO] [cpw.mods.modlauncher.Launcher/MODLAUNCHER]: ModLauncher running: args [--launchTarget, forgeserver, --fml.forgeVersion, 43.4.2, --fml.mcVersion, 1.19.2, --fml.forgeGroup, net.minecraftforge, --fml.mcpVersion, 20220805.130853, nogui]
[25Jun2025 22:17:45.267] [main/INFO] [cpw.mods.modlauncher.Launcher/MODLAUNCHER]: ModLauncher 10.0.8+10.0.8+main.0ef7e830 starting: java version 17.0.15 by Ubuntu; OS Linux arch amd64 version 6.8.0-1027-azure
[25Jun2025 22:17:47.444] [main/INFO] [mixin/]: SpongePowered MIXIN Subsystem Version=0.8.5 Source=union:/workspaces/lamicheladaputa/servidor_minecraft/libraries/org/spongepowered/mixin/0.8.5/mixin-0.8.5.jar%2361!/ Service=ModLauncher Env=SERVER
[25Jun2025 22:17:48.325] [main/WARN] [net.minecraftforge.fml.loading.moddiscovery.ModFileParser/LOADING]: Mod file /workspaces/lamicheladaputa/servidor_minecraft/libraries/net/minecraftforge/fmlcore/1.19.2-43.4.2/fmlcore-1.19.2-43.4.2.jar is missing mods.toml file
[25Jun2025 22:17:48.326] [main/WARN] [net.minecraftforge.fml.loading.moddiscovery.ModFileParser/LOADING]: Mod file /workspaces/lamicheladaputa/servidor_minecraft/libraries/net/minecraftforge/javafmllanguage/1.19.2-43.4.2/javafmllanguage-1.19.2-43.4.2.jar is missing mods.toml file
[25Jun2025 22:17:48.327] [main/WARN] [net.minecraftforge.fml.loading.moddiscovery.ModFileParser/LOADING]: Mod file /workspaces/lamicheladaputa/servidor_minecraft/libraries/net/minecraftforge/lowcodelanguage/1.19.2-43.4.2/lowcodelanguage-1.19.2-43.4.2.jar is missing mods.toml file
[25Jun2025 22:17:48.328] [main/WARN] [net.minecraftforge.fml.loading.moddiscovery.ModFileParser/LOADING]: Mod file /workspaces/lamicheladaputa/servidor_minecraft/libraries/net/minecraftforge/mclanguage/1.19.2-43.4.2/mclanguage-1.19.2-43.4.2.jar is missing mods.toml file
[25Jun2025 22:17:49.243] [main/INFO] [net.minecraftforge.fml.loading.moddiscovery.JarInJarDependencyLocator/]: Found 32 dependencies adding them to mods collection
[25Jun2025 22:17:52.660] [main/INFO] [mixin/]: Compatibility level set to JAVA_17
[25Jun2025 22:17:52.924] [main/INFO] [cpw.mods.modlauncher.LaunchServiceHandler/MODLAUNCHER]: Launching target 'forgeserver' with arguments [nogui]
[25Jun2025 22:17:52.993] [main/WARN] [mixin/]: Reference map 'eureka-1192-forge-refmap.json' for vs_eureka.mixins.json could not be read. If this is a development environment you can ignore this message
[25Jun2025 22:17:53.091] [main/INFO] [ModernFix/]: Loaded configuration file for ModernFix 5.18.1+mc1.19.2: 87 options available, 0 override(s) found
[25Jun2025 22:17:53.092] [main/INFO] [ModernFix/]: Applying Nashorn fix
[25Jun2025 22:17:53.111] [main/INFO] [ModernFix/]: Applied Forge config corruption patch
[25Jun2025 22:17:53.153] [main/INFO] [Embeddium/]: Loaded configuration file for Embeddium: 144 options available, 0 override(s) found
[25Jun2025 22:17:53.166] [main/WARN] [mixin/]: Reference map 'yungsextras.refmap.json' for yungsextras.mixins.json could not be read. If this is a development environment you can ignore this message
[25Jun2025 22:17:53.167] [main/WARN] [mixin/]: Reference map 'yungsextras.refmap.json' for yungsextras_forge.mixins.json could not be read. If this is a development environment you can ignore this message
[25Jun2025 22:17:53.185] [main/WARN] [mixin/]: Reference map 'octolib.refmap.json' for octolib.mixins.json could not be read. If this is a development environment you can ignore this message
[25Jun2025 22:17:53.200] [main/WARN] [mixin/]: Reference map 'untamedwilds.refmap.json' for untamedwilds.mixins.json could not be read. If this is a development environment you can ignore this message
[25Jun2025 22:17:53.271] [main/WARN] [mixin/]: Reference map 'mvs-forge-refmap.json' for mvs-forge.mixins.json could not be read. If this is a development environment you can ignore this message
[25Jun2025 22:17:53.829] [main/WARN] [mixin/]: Error loading class: dev/latvian/mods/kubejs/recipe/RecipesEventJS (java.lang.ClassNotFoundException: dev.latvian.mods.kubejs.recipe.RecipesEventJS)
[25Jun2025 22:17:53.830] [main/WARN] [mixin/]: @Mixin target dev.latvian.mods.kubejs.recipe.RecipesEventJS was not found mixins.hammerlib.json:bs.kubejs.RecipeEventJSMixin
[25Jun2025 22:17:54.306] [main/WARN] [mixin/]: Error loading class: vectorwing/farmersdelight/common/block/TomatoVineBlock (java.lang.ClassNotFoundException: vectorwing.farmersdelight.common.block.TomatoVineBlock)
[25Jun2025 22:17:54.307] [main/WARN] [mixin/]: @Mixin target vectorwing.farmersdelight.common.block.TomatoVineBlock was not found supplementaries.mixins.json:CompatFarmersDelightMixin
[25Jun2025 22:17:54.982] [main/WARN] [mixin/]: Error loading class: com/simibubi/create/content/kinetics/deployer/DeployerHandler (java.lang.ClassNotFoundException: com.simibubi.create.content.kinetics.deployer.DeployerHandler)
[25Jun2025 22:17:54.982] [main/WARN] [mixin/]: @Mixin target com.simibubi.create.content.kinetics.deployer.DeployerHandler was not found valkyrienskies-common.mixins.json:mod_compat.create.IMixinDeployerHandler
[25Jun2025 22:17:54.984] [main/WARN] [mixin/]: Error loading class: com/simibubi/create/content/kinetics/deployer/DeployerMovementBehaviour (java.lang.ClassNotFoundException: com.simibubi.create.content.kinetics.deployer.DeployerMovementBehaviour)
[25Jun2025 22:17:54.984] [main/WARN] [mixin/]: @Mixin target com.simibubi.create.content.kinetics.deployer.DeployerMovementBehaviour was not found valkyrienskies-common.mixins.json:mod_compat.create.IMixinDeployerMovementBehaviour
[25Jun2025 22:17:54.986] [main/WARN] [mixin/]: Error loading class: com/simibubi/create/content/kinetics/fan/AirCurrent (java.lang.ClassNotFoundException: com.simibubi.create.content.kinetics.fan.AirCurrent)
[25Jun2025 22:17:54.986] [main/WARN] [mixin/]: @Mixin target com.simibubi.create.content.kinetics.fan.AirCurrent was not found valkyrienskies-common.mixins.json:mod_compat.create.MixinAirCurrent
[25Jun2025 22:17:54.989] [main/WARN] [mixin/]: Error loading class: com/simibubi/create/content/kinetics/fan/AirFlowParticle (java.lang.ClassNotFoundException: com.simibubi.create.content.kinetics.fan.AirFlowParticle)
[25Jun2025 22:17:54.990] [main/WARN] [mixin/]: @Mixin target com.simibubi.create.content.kinetics.fan.AirFlowParticle was not found valkyrienskies-common.mixins.json:mod_compat.create.MixinAirFlowParticle
[25Jun2025 22:17:54.991] [main/WARN] [mixin/]: Error loading class: com/simibubi/create/content/kinetics/belt/transport/BeltMovementHandler (java.lang.ClassNotFoundException: com.simibubi.create.content.kinetics.belt.transport.BeltMovementHandler)
[25Jun2025 22:17:54.992] [main/WARN] [mixin/]: @Mixin target com.simibubi.create.content.kinetics.belt.transport.BeltMovementHandler was not found valkyrienskies-common.mixins.json:mod_compat.create.MixinBeltMovementHandler
[25Jun2025 22:17:54.997] [main/WARN] [mixin/]: Error loading class: com/simibubi/create/content/contraptions/Contraption (java.lang.ClassNotFoundException: com.simibubi.create.content.contraptions.Contraption)
[25Jun2025 22:17:54.997] [main/WARN] [mixin/]: @Mixin target com.simibubi.create.content.contraptions.Contraption was not found valkyrienskies-common.mixins.json:mod_compat.create.MixinContraption
[25Jun2025 22:17:54.999] [main/WARN] [mixin/]: Error loading class: com/simibubi/create/content/contraptions/ContraptionCollider (java.lang.ClassNotFoundException: com.simibubi.create.content.contraptions.ContraptionCollider)
[25Jun2025 22:17:54.999] [main/WARN] [mixin/]: @Mixin target com.simibubi.create.content.contraptions.ContraptionCollider was not found valkyrienskies-common.mixins.json:mod_compat.create.MixinContraptionCollider
[25Jun2025 22:17:55.000] [main/WARN] [mixin/]: Error loading class: com/simibubi/create/content/logistics/depot/EntityLauncher (java.lang.ClassNotFoundException: com.simibubi.create.content.logistics.depot.EntityLauncher)
[25Jun2025 22:17:55.000] [main/WARN] [mixin/]: @Mixin target com.simibubi.create.content.logistics.depot.EntityLauncher was not found valkyrienskies-common.mixins.json:mod_compat.create.MixinEntityLauncher
[25Jun2025 22:17:55.002] [main/WARN] [mixin/]: Error loading class: com/simibubi/create/content/redstone/link/RedstoneLinkNetworkHandler (java.lang.ClassNotFoundException: com.simibubi.create.content.redstone.link.RedstoneLinkNetworkHandler)
[25Jun2025 22:17:55.002] [main/WARN] [mixin/]: @Mixin target com.simibubi.create.content.redstone.link.RedstoneLinkNetworkHandler was not found valkyrienskies-common.mixins.json:mod_compat.create.MixinRedstoneLinkNetworkHandler
[25Jun2025 22:17:55.004] [main/WARN] [mixin/]: Error loading class: com/simibubi/create/content/logistics/depot/SharedDepotBlockMethods (java.lang.ClassNotFoundException: com.simibubi.create.content.logistics.depot.SharedDepotBlockMethods)
[25Jun2025 22:17:55.004] [main/WARN] [mixin/]: @Mixin target com.simibubi.create.content.logistics.depot.SharedDepotBlockMethods was not found valkyrienskies-common.mixins.json:mod_compat.create.MixinSharedDepotBlockMethods
[25Jun2025 22:17:55.006] [main/WARN] [mixin/]: Error loading class: com/simibubi/create/foundation/collision/Matrix3d (java.lang.ClassNotFoundException: com.simibubi.create.foundation.collision.Matrix3d)
[25Jun2025 22:17:55.006] [main/WARN] [mixin/]: @Mixin target com.simibubi.create.foundation.collision.Matrix3d was not found valkyrienskies-common.mixins.json:mod_compat.create.accessors.Matrix3dAccessor
[25Jun2025 22:17:55.007] [main/WARN] [mixin/]: Error loading class: com/simibubi/create/foundation/outliner/Outline$OutlineParams (java.lang.ClassNotFoundException: com.simibubi.create.foundation.outliner.Outline$OutlineParams)
[25Jun2025 22:17:55.009] [main/WARN] [mixin/]: @Mixin target com.simibubi.create.foundation.outliner.Outline$OutlineParams was not found valkyrienskies-common.mixins.json:mod_compat.create.accessors.OutlineParamsAccessor
[25Jun2025 22:17:55.010] [main/WARN] [mixin/]: Error loading class: com/simibubi/create/content/kinetics/base/BlockBreakingMovementBehaviour (java.lang.ClassNotFoundException: com.simibubi.create.content.kinetics.base.BlockBreakingMovementBehaviour)
[25Jun2025 22:17:55.010] [main/WARN] [mixin/]: @Mixin target com.simibubi.create.content.kinetics.base.BlockBreakingMovementBehaviour was not found valkyrienskies-common.mixins.json:mod_compat.create.behaviour.MixinBlockBreakingMovementBehaviour
[25Jun2025 22:17:55.012] [main/WARN] [mixin/]: Error loading class: com/simibubi/create/foundation/blockEntity/behaviour/filtering/FilteringBehaviour (java.lang.ClassNotFoundException: com.simibubi.create.foundation.blockEntity.behaviour.filtering.FilteringBehaviour)
[25Jun2025 22:17:55.013] [main/WARN] [mixin/]: @Mixin target com.simibubi.create.foundation.blockEntity.behaviour.filtering.FilteringBehaviour was not found valkyrienskies-common.mixins.json:mod_compat.create.behaviour.MixinFilteringBehaviour
[25Jun2025 22:17:55.015] [main/WARN] [mixin/]: Error loading class: com/simibubi/create/content/redstone/link/LinkBehaviour (java.lang.ClassNotFoundException: com.simibubi.create.content.redstone.link.LinkBehaviour)
[25Jun2025 22:17:55.015] [main/WARN] [mixin/]: @Mixin target com.simibubi.create.content.redstone.link.LinkBehaviour was not found valkyrienskies-common.mixins.json:mod_compat.create.behaviour.MixinLinkBehaviour
[25Jun2025 22:17:55.017] [main/WARN] [mixin/]: Error loading class: com/simibubi/create/foundation/blockEntity/behaviour/scrollValue/ScrollValueBehaviour (java.lang.ClassNotFoundException: com.simibubi.create.foundation.blockEntity.behaviour.scrollValue.ScrollValueBehaviour)
[25Jun2025 22:17:55.019] [main/WARN] [mixin/]: @Mixin target com.simibubi.create.foundation.blockEntity.behaviour.scrollValue.ScrollValueBehaviour was not found valkyrienskies-common.mixins.json:mod_compat.create.behaviour.MixinScrollValueBehaviour
[25Jun2025 22:17:55.022] [main/WARN] [mixin/]: Error loading class: com/simibubi/create/foundation/blockEntity/behaviour/filtering/SidedFilteringBehaviour (java.lang.ClassNotFoundException: com.simibubi.create.foundation.blockEntity.behaviour.filtering.SidedFilteringBehaviour)
[25Jun2025 22:17:55.023] [main/WARN] [mixin/]: @Mixin target com.simibubi.create.foundation.blockEntity.behaviour.filtering.SidedFilteringBehaviour was not found valkyrienskies-common.mixins.json:mod_compat.create.behaviour.MixinSidedFilteringBehaviour
[25Jun2025 22:17:55.026] [main/WARN] [mixin/]: Error loading class: com/simibubi/create/content/kinetics/crusher/CrushingWheelBlock (java.lang.ClassNotFoundException: com.simibubi.create.content.kinetics.crusher.CrushingWheelBlock)
[25Jun2025 22:17:55.027] [main/WARN] [mixin/]: @Mixin target com.simibubi.create.content.kinetics.crusher.CrushingWheelBlock was not found valkyrienskies-common.mixins.json:mod_compat.create.block.MixinCrushingWheelBlock
[25Jun2025 22:17:55.029] [main/WARN] [mixin/]: Error loading class: com/simibubi/create/content/logistics/depot/EjectorBlock (java.lang.ClassNotFoundException: com.simibubi.create.content.logistics.depot.EjectorBlock)
[25Jun2025 22:17:55.029] [main/WARN] [mixin/]: @Mixin target com.simibubi.create.content.logistics.depot.EjectorBlock was not found valkyrienskies-common.mixins.json:mod_compat.create.block.MixinEjectorBlock
[25Jun2025 22:17:55.031] [main/WARN] [mixin/]: Error loading class: com/simibubi/create/content/redstone/contact/RedstoneContactBlock (java.lang.ClassNotFoundException: com.simibubi.create.content.redstone.contact.RedstoneContactBlock)
[25Jun2025 22:17:55.032] [main/WARN] [mixin/]: @Mixin target com.simibubi.create.content.redstone.contact.RedstoneContactBlock was not found valkyrienskies-common.mixins.json:mod_compat.create.block.MixinRedstoneContactBlock
[25Jun2025 22:17:55.034] [main/WARN] [mixin/]: Error loading class: com/simibubi/create/content/contraptions/chassis/StickerBlock (java.lang.ClassNotFoundException: com.simibubi.create.content.contraptions.chassis.StickerBlock)
[25Jun2025 22:17:55.035] [main/WARN] [mixin/]: @Mixin target com.simibubi.create.content.contraptions.chassis.StickerBlock was not found valkyrienskies-common.mixins.json:mod_compat.create.block.MixinStickerBlock
[25Jun2025 22:17:55.037] [main/WARN] [mixin/]: Error loading class: com/simibubi/create/content/contraptions/bearing/MechanicalBearingBlockEntity (java.lang.ClassNotFoundException: com.simibubi.create.content.contraptions.bearing.MechanicalBearingBlockEntity)
[25Jun2025 22:17:55.038] [main/WARN] [mixin/]: @Mixin target com.simibubi.create.content.contraptions.bearing.MechanicalBearingBlockEntity was not found valkyrienskies-common.mixins.json:mod_compat.create.blockentity.IMixinMechanicalBearingTileEntity
[25Jun2025 22:17:55.040] [main/WARN] [mixin/]: Error loading class: com/simibubi/create/content/kinetics/crusher/CrushingWheelControllerBlockEntity (java.lang.ClassNotFoundException: com.simibubi.create.content.kinetics.crusher.CrushingWheelControllerBlockEntity)
[25Jun2025 22:17:55.040] [main/WARN] [mixin/]: @Mixin target com.simibubi.create.content.kinetics.crusher.CrushingWheelControllerBlockEntity was not found valkyrienskies-common.mixins.json:mod_compat.create.blockentity.MixinCrushingWheelControllerTileEntity
[25Jun2025 22:17:55.041] [main/WARN] [mixin/]: Error loading class: com/simibubi/create/content/logistics/depot/EjectorBlockEntity (java.lang.ClassNotFoundException: com.simibubi.create.content.logistics.depot.EjectorBlockEntity)
[25Jun2025 22:17:55.041] [main/WARN] [mixin/]: @Mixin target com.simibubi.create.content.logistics.depot.EjectorBlockEntity was not found valkyrienskies-common.mixins.json:mod_compat.create.blockentity.MixinEjectorTileEntity
[25Jun2025 22:17:55.044] [main/WARN] [mixin/]: Error loading class: com/simibubi/create/content/kinetics/fan/EncasedFanBlockEntity (java.lang.ClassNotFoundException: com.simibubi.create.content.kinetics.fan.EncasedFanBlockEntity)
[25Jun2025 22:17:55.044] [main/WARN] [mixin/]: @Mixin target com.simibubi.create.content.kinetics.fan.EncasedFanBlockEntity was not found valkyrienskies-common.mixins.json:mod_compat.create.blockentity.MixinEncasedFanTileEntity
[25Jun2025 22:17:55.046] [main/WARN] [mixin/]: Error loading class: com/simibubi/create/foundation/blockEntity/behaviour/ValueBox (java.lang.ClassNotFoundException: com.simibubi.create.foundation.blockEntity.behaviour.ValueBox)
[25Jun2025 22:17:55.046] [main/WARN] [mixin/]: @Mixin target com.simibubi.create.foundation.blockEntity.behaviour.ValueBox was not found valkyrienskies-common.mixins.json:mod_compat.create.client.MixinValueBox
[25Jun2025 22:17:55.048] [main/WARN] [mixin/]: Error loading class: com/simibubi/create/content/contraptions/AbstractContraptionEntity (java.lang.ClassNotFoundException: com.simibubi.create.content.contraptions.AbstractContraptionEntity)
[25Jun2025 22:17:55.048] [main/WARN] [mixin/]: @Mixin target com.simibubi.create.content.contraptions.AbstractContraptionEntity was not found valkyrienskies-common.mixins.json:mod_compat.create.entity.MixinAbstractContraptionEntity
[25Jun2025 22:17:55.050] [main/WARN] [mixin/]: Error loading class: com/simibubi/create/content/trains/entity/CarriageContraptionEntity (java.lang.ClassNotFoundException: com.simibubi.create.content.trains.entity.CarriageContraptionEntity)
[25Jun2025 22:17:55.050] [main/WARN] [mixin/]: @Mixin target com.simibubi.create.content.trains.entity.CarriageContraptionEntity was not found valkyrienskies-common.mixins.json:mod_compat.create.entity.MixinCarriageContraptionEntity
[25Jun2025 22:17:55.052] [main/WARN] [mixin/]: Error loading class: com/simibubi/create/content/contraptions/ControlledContraptionEntity (java.lang.ClassNotFoundException: com.simibubi.create.content.contraptions.ControlledContraptionEntity)
[25Jun2025 22:17:55.052] [main/WARN] [mixin/]: @Mixin target com.simibubi.create.content.contraptions.ControlledContraptionEntity was not found valkyrienskies-common.mixins.json:mod_compat.create.entity.MixinControlledContraptionEntity
[25Jun2025 22:17:55.054] [main/WARN] [mixin/]: Error loading class: com/simibubi/create/content/contraptions/actors/seat/SeatEntity (java.lang.ClassNotFoundException: com.simibubi.create.content.contraptions.actors.seat.SeatEntity)
[25Jun2025 22:17:55.055] [main/WARN] [mixin/]: @Mixin target com.simibubi.create.content.contraptions.actors.seat.SeatEntity was not found valkyrienskies-common.mixins.json:mod_compat.create.entity.MixinSeatEntity
[25Jun2025 22:17:55.057] [main/WARN] [mixin/]: Error loading class: com/simibubi/create/content/contraptions/actors/trainControls/ControlsInputPacket (java.lang.ClassNotFoundException: com.simibubi.create.content.contraptions.actors.trainControls.ControlsInputPacket)
[25Jun2025 22:17:55.057] [main/WARN] [mixin/]: @Mixin target com.simibubi.create.content.contraptions.actors.trainControls.ControlsInputPacket was not found valkyrienskies-common.mixins.json:mod_compat.create.packets.MixinControlsInputPacket
[25Jun2025 22:17:55.059] [main/WARN] [mixin/]: Error loading class: com/simibubi/create/content/trains/track/CurvedTrackDestroyPacket (java.lang.ClassNotFoundException: com.simibubi.create.content.trains.track.CurvedTrackDestroyPacket)
[25Jun2025 22:17:55.059] [main/WARN] [mixin/]: @Mixin target com.simibubi.create.content.trains.track.CurvedTrackDestroyPacket was not found valkyrienskies-common.mixins.json:mod_compat.create.packets.MixinCurvedTrackDestroyPacket
[25Jun2025 22:17:55.061] [main/WARN] [mixin/]: Error loading class: com/simibubi/create/content/contraptions/glue/SuperGlueRemovalPacket (java.lang.ClassNotFoundException: com.simibubi.create.content.contraptions.glue.SuperGlueRemovalPacket)
[25Jun2025 22:17:55.061] [main/WARN] [mixin/]: @Mixin target com.simibubi.create.content.contraptions.glue.SuperGlueRemovalPacket was not found valkyrienskies-common.mixins.json:mod_compat.create.packets.MixinSuperGlueRemovalPacket
[25Jun2025 22:17:55.063] [main/WARN] [mixin/]: Error loading class: com/simibubi/create/foundation/networking/BlockEntityConfigurationPacket (java.lang.ClassNotFoundException: com.simibubi.create.foundation.networking.BlockEntityConfigurationPacket)
[25Jun2025 22:17:55.063] [main/WARN] [mixin/]: @Mixin target com.simibubi.create.foundation.networking.BlockEntityConfigurationPacket was not found valkyrienskies-common.mixins.json:mod_compat.create.packets.MixinTileEntityConfigurationPacket
[25Jun2025 22:17:55.065] [main/WARN] [mixin/]: Error loading class: com/simibubi/create/content/trains/entity/TrainRelocationPacket (java.lang.ClassNotFoundException: com.simibubi.create.content.trains.entity.TrainRelocationPacket)
[25Jun2025 22:17:55.065] [main/WARN] [mixin/]: @Mixin target com.simibubi.create.content.trains.entity.TrainRelocationPacket was not found valkyrienskies-common.mixins.json:mod_compat.create.packets.MixinTrainRelocationPacket
[25Jun2025 22:17:55.067] [main/WARN] [mixin/]: Error loading class: com/simibubi/create/content/contraptions/actors/seat/SeatBlock (java.lang.ClassNotFoundException: com.simibubi.create.content.contraptions.actors.seat.SeatBlock)
[25Jun2025 22:17:55.067] [main/WARN] [mixin/]: @Mixin target com.simibubi.create.content.contraptions.actors.seat.SeatBlock was not found valkyrienskies-common.mixins.json:mod_compat.create.pr.MixinSeatBlock
[25Jun2025 22:17:55.069] [main/WARN] [mixin/]: Error loading class: rbasamoyai/createbigcannons/cannon_control/contraption/PitchOrientedContraptionEntity (java.lang.ClassNotFoundException: rbasamoyai.createbigcannons.cannon_control.contraption.PitchOrientedContraptionEntity)
[25Jun2025 22:17:55.071] [main/WARN] [mixin/]: Error loading class: dev/ftb/mods/ftbchunks/data/ClaimedChunkManager (java.lang.ClassNotFoundException: dev.ftb.mods.ftbchunks.data.ClaimedChunkManager)
[25Jun2025 22:17:55.072] [main/WARN] [mixin/]: Error loading class: com/jamieswhiteshirt/reachentityattributes/ReachEntityAttributes (java.lang.ClassNotFoundException: com.jamieswhiteshirt.reachentityattributes.ReachEntityAttributes)
[25Jun2025 22:17:55.084] [main/WARN] [mixin/]: Error loading class: dan200/computercraft/shared/peripheral/speaker/SpeakerPosition (java.lang.ClassNotFoundException: dan200.computercraft.shared.peripheral.speaker.SpeakerPosition)
[25Jun2025 22:17:55.086] [main/WARN] [mixin/]: Error loading class: dan200/computercraft/shared/turtle/core/TurtleBrain (java.lang.ClassNotFoundException: dan200.computercraft.shared.turtle.core.TurtleBrain)
[25Jun2025 22:17:55.089] [main/WARN] [mixin/]: Error loading class: dan200/computercraft/shared/turtle/core/TurtleMoveCommand (java.lang.ClassNotFoundException: dan200.computercraft.shared.turtle.core.TurtleMoveCommand)
[25Jun2025 22:17:55.091] [main/WARN] [mixin/]: Error loading class: dan200/computercraft/shared/peripheral/modem/wireless/WirelessNetwork (java.lang.ClassNotFoundException: dan200.computercraft.shared.peripheral.modem.wireless.WirelessNetwork)
[25Jun2025 22:17:55.093] [main/WARN] [mixin/]: Error loading class: com/simibubi/create/content/kinetics/base/BlockBreakingKineticBlockEntity (java.lang.ClassNotFoundException: com.simibubi.create.content.kinetics.base.BlockBreakingKineticBlockEntity)
[25Jun2025 22:17:55.094] [main/WARN] [mixin/]: @Mixin target com.simibubi.create.content.kinetics.base.BlockBreakingKineticBlockEntity was not found valkyrienskies-forge.mixins.json:compat.create.MixinBlockBreakingKineticTileEntity
[25Jun2025 22:17:55.096] [main/WARN] [mixin/]: Error loading class: com/simibubi/create/content/kinetics/millstone/MillstoneBlock (java.lang.ClassNotFoundException: com.simibubi.create.content.kinetics.millstone.MillstoneBlock)
[25Jun2025 22:17:55.096] [main/WARN] [mixin/]: @Mixin target com.simibubi.create.content.kinetics.millstone.MillstoneBlock was not found valkyrienskies-forge.mixins.json:compat.create.MixinBlocks
[25Jun2025 22:17:55.098] [main/WARN] [mixin/]: Error loading class: com/simibubi/create/content/processing/basin/BasinBlock (java.lang.ClassNotFoundException: com.simibubi.create.content.processing.basin.BasinBlock)
[25Jun2025 22:17:55.098] [main/WARN] [mixin/]: @Mixin target com.simibubi.create.content.processing.basin.BasinBlock was not found valkyrienskies-forge.mixins.json:compat.create.MixinBlocks
[25Jun2025 22:17:55.100] [main/WARN] [mixin/]: Error loading class: com/simibubi/create/content/logistics/chute/AbstractChuteBlock (java.lang.ClassNotFoundException: com.simibubi.create.content.logistics.chute.AbstractChuteBlock)
[25Jun2025 22:17:55.101] [main/WARN] [mixin/]: @Mixin target com.simibubi.create.content.logistics.chute.AbstractChuteBlock was not found valkyrienskies-forge.mixins.json:compat.create.MixinBlocks
[25Jun2025 22:17:55.102] [main/WARN] [mixin/]: Error loading class: com/simibubi/create/content/contraptions/ControlledContraptionEntity (java.lang.ClassNotFoundException: com.simibubi.create.content.contraptions.ControlledContraptionEntity)
[25Jun2025 22:17:55.103] [main/WARN] [mixin/]: @Mixin target com.simibubi.create.content.contraptions.ControlledContraptionEntity was not found valkyrienskies-forge.mixins.json:compat.create.MixinControlledContraptionEntity
[25Jun2025 22:17:55.105] [main/WARN] [mixin/]: Error loading class: blusunrize/immersiveengineering/common/gui/BlockEntityInventory (java.lang.ClassNotFoundException: blusunrize.immersiveengineering.common.gui.BlockEntityInventory)
[25Jun2025 22:17:55.107] [main/WARN] [mixin/]: Error loading class: net/dries007/tfc/world/TFCChunkGenerator (java.lang.ClassNotFoundException: net.dries007.tfc.world.TFCChunkGenerator)
[25Jun2025 22:17:55.109] [main/WARN] [mixin/]: Error loading class: cofh/core/block/entity/TileCoFH (java.lang.ClassNotFoundException: cofh.core.block.entity.TileCoFH)
[25Jun2025 22:17:55.111] [main/WARN] [mixin/]: Error loading class: li/cil/tis3d/common/entity/InfraredPacketEntity (java.lang.ClassNotFoundException: li.cil.tis3d.common.entity.InfraredPacketEntity)
[25Jun2025 22:17:55.113] [main/WARN] [mixin/]: Error loading class: me/desht/modularrouters/container/RouterMenu (java.lang.ClassNotFoundException: me.desht.modularrouters.container.RouterMenu)
[25Jun2025 22:17:55.572] [main/INFO] [MixinExtras|Service/]: Initializing MixinExtras via com.llamalad7.mixinextras.service.MixinExtrasServiceImpl(version=0.3.6).
[25Jun2025 22:17:56.173] [main/WARN] [net.minecraft.SystemReport/]: Failed retrieving info for group hardware
java.lang.NoClassDefFoundError: com/sun/jna/Platform
	at oshi.SystemInfo.<clinit>(SystemInfo.java:62) ~[oshi-core-5.8.5.jar%2367!/:5.8.5]
	at net.minecraft.SystemReport.m_143564_(SystemReport.java:52) ~[server-1.19.2-20220805.130853-srg.jar%23307!/:?]
	at net.minecraft.SystemReport.m_143516_(SystemReport.java:82) ~[server-1.19.2-20220805.130853-srg.jar%23307!/:?]
	at net.minecraft.SystemReport.<init>(SystemReport.java:52) ~[server-1.19.2-20220805.130853-srg.jar%23307!/:?]
	at net.minecraft.CrashReport.<init>(CrashReport.java:31) ~[server-1.19.2-20220805.130853-srg.jar%23307!/:?]
	at net.minecraft.CrashReport.m_127529_(CrashReport.java:216) ~[server-1.19.2-20220805.130853-srg.jar%23307!/:?]
	at net.minecraft.server.Main.main(Main.java:105) ~[server-1.19.2-20220805.130853-srg.jar%23307!/:?]
	at jdk.internal.reflect.NativeMethodAccessorImpl.invoke0(Native Method) ~[?:?]
	at jdk.internal.reflect.NativeMethodAccessorImpl.invoke(NativeMethodAccessorImpl.java:77) ~[?:?]
	at jdk.internal.reflect.DelegatingMethodAccessorImpl.invoke(DelegatingMethodAccessorImpl.java:43) ~[?:?]
	at java.lang.reflect.Method.invoke(Method.java:569) ~[?:?]
	at net.minecraftforge.fml.loading.targets.CommonServerLaunchHandler.lambda$launchService$0(CommonServerLaunchHandler.java:29) ~[fmlloader-1.19.2-43.4.2.jar%2365!/:?]
	at cpw.mods.modlauncher.LaunchServiceHandlerDecorator.launch(LaunchServiceHandlerDecorator.java:30) [modlauncher-10.0.8.jar%2352!/:?]
	at cpw.mods.modlauncher.LaunchServiceHandler.launch(LaunchServiceHandler.java:53) [modlauncher-10.0.8.jar%2352!/:?]
	at cpw.mods.modlauncher.LaunchServiceHandler.launch(LaunchServiceHandler.java:71) [modlauncher-10.0.8.jar%2352!/:?]
	at cpw.mods.modlauncher.Launcher.run(Launcher.java:106) [modlauncher-10.0.8.jar%2352!/:?]
	at cpw.mods.modlauncher.Launcher.main(Launcher.java:77) [modlauncher-10.0.8.jar%2352!/:?]
	at cpw.mods.modlauncher.BootstrapLaunchConsumer.accept(BootstrapLaunchConsumer.java:26) [modlauncher-10.0.8.jar%2352!/:?]
	at cpw.mods.modlauncher.BootstrapLaunchConsumer.accept(BootstrapLaunchConsumer.java:23) [modlauncher-10.0.8.jar%2352!/:?]
	at cpw.mods.bootstraplauncher.BootstrapLauncher.main(BootstrapLauncher.java:141) [bootstraplauncher-1.1.2.jar:?]
Caused by: java.lang.ClassNotFoundException: com.sun.jna.Platform
	at jdk.internal.loader.BuiltinClassLoader.loadClass(BuiltinClassLoader.java:641) ~[?:?]
	at java.lang.ClassLoader.loadClass(ClassLoader.java:525) ~[?:?]
	at cpw.mods.cl.ModuleClassLoader.loadClass(ModuleClassLoader.java:137) ~[securejarhandler-2.1.4.jar:?]
	at java.lang.ClassLoader.loadClass(ClassLoader.java:525) ~[?:?]
	... 20 more
[25Jun2025 22:17:56.285] [main/INFO] [net.minecraft.server.Bootstrap/]: ModernFix reached bootstrap stage (14.11 s after launch)
[25Jun2025 22:17:56.441] [main/WARN] [mixin/]: @Final field delegatesByName:Ljava/util/Map; in modernfix-forge.mixins.json:perf.forge_registry_alloc.ForgeRegistryMixin should be final
[25Jun2025 22:17:56.442] [main/WARN] [mixin/]: @Final field delegatesByValue:Ljava/util/Map; in modernfix-forge.mixins.json:perf.forge_registry_alloc.ForgeRegistryMixin should be final
[25Jun2025 22:17:59.394] [main/INFO] [net.minecraft.server.Bootstrap/]: Vanilla bootstrap took 3105 milliseconds
[25Jun2025 22:18:04.144] [main/WARN] [mixin/]: Error loading class: vazkii/quark/content/tools/item/PathfindersQuillItem (java.lang.ClassNotFoundException: vazkii.quark.content.tools.item.PathfindersQuillItem)
[25Jun2025 22:18:04.487] [Modding Legacy/blue_skies/Supporters thread/INFO] [ModdingLegacy/blue_skies/Supporter/]: Attempting to load the Modding Legacy supporters list from https://moddinglegacy.com/supporters-changelogs/supporters.txt
[25Jun2025 22:18:04.540] [modloading-worker-0/INFO] [Puzzles Lib/]: Constructing common components for mod easyanvils
[25Jun2025 22:18:05.449] [modloading-worker-0/INFO] [HammerLib/]: Registered charge handler for type org.zeith.hammerlib.util.charging.fluid.FluidCharge - org.zeith.hammerlib.util.charging.impl.FluidChargeHandler@58647758
[25Jun2025 22:18:05.455] [modloading-worker-0/INFO] [HammerLib/]: Registered charge handler for type org.zeith.hammerlib.util.charging.fe.FECharge - org.zeith.hammerlib.util.charging.impl.FEChargeHandler@62b2c2fc
[25Jun2025 22:18:05.469] [Modding Legacy/blue_skies/Supporters thread/INFO] [ModdingLegacy/blue_skies/Supporter/]: Successfully loaded the Modding Legacy supporters list.
[25Jun2025 22:18:05.476] [modloading-worker-0/INFO] [HammerLib/]: Registered inventory lister org.zeith.hammerlib.util.charging.impl.VanillaPlayerInvLister
[25Jun2025 22:18:05.514] [modloading-worker-0/INFO] [HammerLib/]: Hooked Lorg/zeith/hammerlib/core/test/machine/TileTestMachine; from hammerlib to register it's stuff.
[25Jun2025 22:18:05.515] [modloading-worker-0/INFO] [HammerLib/]: Hooked Lorg/zeith/hammerlib/core/test/machine/RecipeTestMachine; from hammerlib to register it's stuff.
[25Jun2025 22:18:05.515] [modloading-worker-0/INFO] [HammerLib/]: Hooked Lorg/zeith/hammerlib/core/test/machine/BlockTestMachine; from hammerlib to register it's stuff.
[25Jun2025 22:18:05.516] [modloading-worker-0/INFO] [HammerLib/]: Hooked Lorg/zeith/hammerlib/core/items/ItemWrench; from hammerlib to register it's stuff.
[25Jun2025 22:18:05.516] [modloading-worker-0/INFO] [HammerLib/]: Hooked Lorg/zeith/hammerlib/core/init/SourceTypesHL; from hammerlib to register it's stuff.
[25Jun2025 22:18:05.516] [modloading-worker-0/INFO] [HammerLib/]: Hooked Lorg/zeith/hammerlib/core/init/LevelActionTypesHL; from hammerlib to register it's stuff.
[25Jun2025 22:18:05.517] [modloading-worker-0/INFO] [HammerLib/]: Hooked Lorg/zeith/hammerlib/api/forge/ContainerAPI; from hammerlib to register it's stuff.
[25Jun2025 22:18:05.612] [modloading-worker-0/INFO] [HammerLib/]: Injecting setup into org.zeith.hammerlib.net.Network
[25Jun2025 22:18:06.301] [modloading-worker-0/INFO] [dev.architectury.networking.forge.NetworkManagerImpl/]: Registering C2S receiver with id architectury:sync_ids
[25Jun2025 22:18:06.334] [modloading-worker-0/INFO] [com.cupboard.Cupboard/]: Loaded config for: cupboard.json
[25Jun2025 22:18:06.518] [modloading-worker-0/INFO] [Puzzles Lib/]: Constructing common components for mod easymagic
[25Jun2025 22:18:06.554] [modloading-worker-0/ERROR] [net.minecraftforge.eventbus.EventSubclassTransformer/EVENTBUS]: Could not find parent net/minecraft/client/renderer/entity/layers/RenderLayer for class com/obscuria/obscureapi/client/renderer/PatreonLayer in classloader cpw.mods.modlauncher.TransformingClassLoader@66bf40e5 on thread Thread[modloading-worker-0,5,main]
[25Jun2025 22:18:06.555] [modloading-worker-0/ERROR] [net.minecraftforge.eventbus.EventSubclassTransformer/EVENTBUS]: An error occurred building event handler
java.lang.ClassNotFoundException: net.minecraft.client.renderer.entity.layers.RenderLayer
	at cpw.mods.cl.ModuleClassLoader.loadClass(ModuleClassLoader.java:141) ~[securejarhandler-2.1.4.jar:?]
	at java.lang.ClassLoader.loadClass(ClassLoader.java:525) ~[?:?]
	at net.minecraftforge.eventbus.EventSubclassTransformer.buildEvents(EventSubclassTransformer.java:92) ~[eventbus-6.0.3.jar%2349!/:?]
	at net.minecraftforge.eventbus.EventSubclassTransformer.transform(EventSubclassTransformer.java:44) ~[eventbus-6.0.3.jar%2349!/:?]
	at net.minecraftforge.eventbus.EventBusEngine.processClass(EventBusEngine.java:26) ~[eventbus-6.0.3.jar%2349!/:?]
	at net.minecraftforge.eventbus.service.ModLauncherService.processClassWithFlags(ModLauncherService.java:32) ~[eventbus-6.0.3.jar%2349!/:6.0.3+6.0.3+master.039e4ea9]
	at cpw.mods.modlauncher.LaunchPluginHandler.offerClassNodeToPlugins(LaunchPluginHandler.java:88) ~[modlauncher-10.0.8.jar%2352!/:?]
	at cpw.mods.modlauncher.ClassTransformer.transform(ClassTransformer.java:120) ~[modlauncher-10.0.8.jar%2352!/:?]
	at cpw.mods.modlauncher.TransformingClassLoader.maybeTransformClassBytes(TransformingClassLoader.java:50) ~[modlauncher-10.0.8.jar%2352!/:?]
	at cpw.mods.cl.ModuleClassLoader.readerToClass(ModuleClassLoader.java:113) ~[securejarhandler-2.1.4.jar:?]
	at cpw.mods.cl.ModuleClassLoader.lambda$findClass$15(ModuleClassLoader.java:219) ~[securejarhandler-2.1.4.jar:?]
	at cpw.mods.cl.ModuleClassLoader.loadFromModule(ModuleClassLoader.java:229) ~[securejarhandler-2.1.4.jar:?]
	at cpw.mods.cl.ModuleClassLoader.findClass(ModuleClassLoader.java:219) ~[securejarhandler-2.1.4.jar:?]
	at cpw.mods.cl.ModuleClassLoader.loadClass(ModuleClassLoader.java:135) ~[securejarhandler-2.1.4.jar:?]
	at java.lang.ClassLoader.loadClass(ClassLoader.java:525) ~[?:?]
	at java.lang.ClassLoader.defineClass0(Native Method) ~[?:?]
	at java.lang.System$2.defineClass(System.java:2324) ~[?:?]
	at java.lang.invoke.MethodHandles$Lookup$ClassDefiner.defineClass(MethodHandles.java:2439) ~[?:?]
	at java.lang.invoke.MethodHandles$Lookup$ClassDefiner.defineClassAsLookup(MethodHandles.java:2420) ~[?:?]
	at java.lang.invoke.MethodHandles$Lookup.defineHiddenClass(MethodHandles.java:2127) ~[?:?]
	at java.lang.invoke.InnerClassLambdaMetafactory.generateInnerClass(InnerClassLambdaMetafactory.java:407) ~[?:?]
	at java.lang.invoke.InnerClassLambdaMetafactory.spinInnerClass(InnerClassLambdaMetafactory.java:315) ~[?:?]
	at java.lang.invoke.InnerClassLambdaMetafactory.buildCallSite(InnerClassLambdaMetafactory.java:228) ~[?:?]
	at java.lang.invoke.LambdaMetafactory.metafactory(LambdaMetafactory.java:341) ~[?:?]
	at java.lang.invoke.BootstrapMethodInvoker.invoke(BootstrapMethodInvoker.java:134) ~[?:?]
	at java.lang.invoke.CallSite.makeSite(CallSite.java:315) ~[?:?]
	at java.lang.invoke.MethodHandleNatives.linkCallSiteImpl(MethodHandleNatives.java:281) ~[?:?]
	at java.lang.invoke.MethodHandleNatives.linkCallSite(MethodHandleNatives.java:271) ~[?:?]
	at com.obscuria.obscureapi.client.renderer.PatreonLayer$Mode.<clinit>(PatreonLayer.java:55) ~[obscure_api-15.jar%23264!/:15]
	at com.obscuria.obscureapi.ObscureAPIConfig$Client.<clinit>(ObscureAPIConfig.java:26) ~[obscure_api-15.jar%23264!/:15]
	at com.obscuria.obscureapi.ObscureAPIConfig.register(ObscureAPIConfig.java:42) ~[obscure_api-15.jar%23264!/:15]
	at com.obscuria.obscureapi.ObscureAPI.<init>(ObscureAPI.java:68) ~[obscure_api-15.jar%23264!/:15]
	at jdk.internal.reflect.NativeConstructorAccessorImpl.newInstance0(Native Method) ~[?:?]
	at jdk.internal.reflect.NativeConstructorAccessorImpl.newInstance(NativeConstructorAccessorImpl.java:77) ~[?:?]
	at jdk.internal.reflect.DelegatingConstructorAccessorImpl.newInstance(DelegatingConstructorAccessorImpl.java:45) ~[?:?]
	at java.lang.reflect.Constructor.newInstanceWithCaller(Constructor.java:500) ~[?:?]
	at java.lang.reflect.Constructor.newInstance(Constructor.java:481) ~[?:?]
	at net.minecraftforge.fml.javafmlmod.FMLModContainer.constructMod(FMLModContainer.java:70) ~[javafmllanguage-1.19.2-43.4.2.jar%23309!/:?]
	at net.minecraftforge.fml.ModContainer.lambda$buildTransitionHandler$4(ModContainer.java:122) ~[fmlcore-1.19.2-43.4.2.jar%23308!/:?]
	at java.util.concurrent.CompletableFuture$AsyncRun.run(CompletableFuture.java:1804) [?:?]
	at java.util.concurrent.CompletableFuture$AsyncRun.exec(CompletableFuture.java:1796) [?:?]
	at java.util.concurrent.ForkJoinTask.doExec(ForkJoinTask.java:373) [?:?]
	at java.util.concurrent.ForkJoinPool$WorkQueue.topLevelExec(ForkJoinPool.java:1182) [?:?]
	at java.util.concurrent.ForkJoinPool.scan(ForkJoinPool.java:1655) [?:?]
	at java.util.concurrent.ForkJoinPool.runWorker(ForkJoinPool.java:1622) [?:?]
	at java.util.concurrent.ForkJoinWorkerThread.run(ForkJoinWorkerThread.java:165) [?:?]
[25Jun2025 22:18:06.562] [modloading-worker-0/ERROR] [net.minecraftforge.fml.loading.RuntimeDistCleaner/DISTXFORM]: Attempted to load class com/obscuria/obscureapi/client/renderer/PatreonLayer for invalid dist DEDICATED_SERVER
[25Jun2025 22:18:07.261] [modloading-worker-0/INFO] [net.minecraftforge.common.ForgeMod/FORGEMOD]: Forge mod loading, version 43.4.2, for MC 1.19.2 with MCP 20220805.130853
[25Jun2025 22:18:07.261] [modloading-worker-0/INFO] [net.minecraftforge.common.MinecraftForge/FORGE]: MinecraftForge v43.4.2 Initialized
[25Jun2025 22:18:07.404] [modloading-worker-0/INFO] [dev.itsmeow.betteranimalsplus.BetterAnimalsPlusMod/]: Injecting super coyotes...
[25Jun2025 22:18:07.411] [modloading-worker-0/INFO] [dev.architectury.networking.forge.NetworkManagerImpl/]: Registering C2S receiver with id betteranimalsplus:main_channel/23ca639241d73eaf919246602470f295
[25Jun2025 22:18:07.412] [modloading-worker-0/INFO] [dev.architectury.networking.forge.NetworkManagerImpl/]: Registering C2S receiver with id betteranimalsplus:main_channel/d8f3c48219d933a6b2302c4d780df514
[25Jun2025 22:18:07.413] [modloading-worker-0/INFO] [dev.architectury.networking.forge.NetworkManagerImpl/]: Registering C2S receiver with id betteranimalsplus:main_channel/dd94e2f3f0db361b8621d0f834adec1b
[25Jun2025 22:18:07.416] [modloading-worker-0/INFO] [dev.architectury.networking.forge.NetworkManagerImpl/]: Registering C2S receiver with id betteranimalsplus:main_channel/59f1974289d63eb58cbd6fe813098096
[25Jun2025 22:18:07.419] [modloading-worker-0/INFO] [dev.architectury.networking.forge.NetworkManagerImpl/]: Registering C2S receiver with id betteranimalsplus:main_channel/fd8d1482ead03ca8a9954263aa7f6289
[25Jun2025 22:18:07.874] [modloading-worker-0/INFO] [Puzzles Lib/]: Constructing common components for mod puzzleslib
[25Jun2025 22:18:08.052] [modloading-worker-0/INFO] [ModernFix/]: Bypassed Mojang DFU
[25Jun2025 22:18:08.054] [modloading-worker-0/INFO] [ModernFix/]: Instantiating Mojang DFU
[25Jun2025 22:18:08.365] [modloading-worker-0/INFO] [thedarkcolour.kotlinforforge.test.KotlinForForge/]: Kotlin For Forge Enabled!
[25Jun2025 22:18:08.374] [modloading-worker-0/INFO] [be.florens.expandability.ExpandAbility/]: ExpandAbility here, who dis?
[25Jun2025 22:18:08.842] [modloading-worker-0/INFO] [net.minecraft.util.datafix.DataFixers/]: Building unoptimized datafixer
[25Jun2025 22:18:12.711] [main/INFO] [moonlight/]: Initialized block sets in 21ms
[25Jun2025 22:18:12.762] [main/ERROR] [net.minecraftforge.eventbus.EventSubclassTransformer/EVENTBUS]: Could not find parent net/minecraft/client/particle/TextureSheetParticle for class it/hurts/sskirillss/octolib/particle/BasicColoredParticle in classloader cpw.mods.modlauncher.TransformingClassLoader@66bf40e5 on thread Thread[main,5,main]
[25Jun2025 22:18:12.763] [main/ERROR] [net.minecraftforge.eventbus.EventSubclassTransformer/EVENTBUS]: An error occurred building event handler
java.lang.ClassNotFoundException: net.minecraft.client.particle.TextureSheetParticle
	at cpw.mods.cl.ModuleClassLoader.loadClass(ModuleClassLoader.java:141) ~[securejarhandler-2.1.4.jar:?]
	at java.lang.ClassLoader.loadClass(ClassLoader.java:525) ~[?:?]
	at net.minecraftforge.eventbus.EventSubclassTransformer.buildEvents(EventSubclassTransformer.java:92) ~[eventbus-6.0.3.jar%2349!/:?]
	at net.minecraftforge.eventbus.EventSubclassTransformer.transform(EventSubclassTransformer.java:44) ~[eventbus-6.0.3.jar%2349!/:?]
	at net.minecraftforge.eventbus.EventBusEngine.processClass(EventBusEngine.java:26) ~[eventbus-6.0.3.jar%2349!/:?]
	at net.minecraftforge.eventbus.service.ModLauncherService.processClassWithFlags(ModLauncherService.java:32) ~[eventbus-6.0.3.jar%2349!/:6.0.3+6.0.3+master.039e4ea9]
	at cpw.mods.modlauncher.LaunchPluginHandler.offerClassNodeToPlugins(LaunchPluginHandler.java:88) ~[modlauncher-10.0.8.jar%2352!/:?]
	at cpw.mods.modlauncher.ClassTransformer.transform(ClassTransformer.java:120) ~[modlauncher-10.0.8.jar%2352!/:?]
	at cpw.mods.modlauncher.TransformingClassLoader.maybeTransformClassBytes(TransformingClassLoader.java:50) ~[modlauncher-10.0.8.jar%2352!/:?]
	at cpw.mods.cl.ModuleClassLoader.readerToClass(ModuleClassLoader.java:113) ~[securejarhandler-2.1.4.jar:?]
	at cpw.mods.cl.ModuleClassLoader.lambda$findClass$15(ModuleClassLoader.java:219) ~[securejarhandler-2.1.4.jar:?]
	at cpw.mods.cl.ModuleClassLoader.loadFromModule(ModuleClassLoader.java:229) ~[securejarhandler-2.1.4.jar:?]
	at cpw.mods.cl.ModuleClassLoader.findClass(ModuleClassLoader.java:219) ~[securejarhandler-2.1.4.jar:?]
	at cpw.mods.cl.ModuleClassLoader.loadClass(ModuleClassLoader.java:135) ~[securejarhandler-2.1.4.jar:?]
	at java.lang.ClassLoader.loadClass(ClassLoader.java:525) ~[?:?]
	at java.lang.ClassLoader.defineClass0(Native Method) ~[?:?]
	at java.lang.System$2.defineClass(System.java:2324) ~[?:?]
	at java.lang.invoke.MethodHandles$Lookup$ClassDefiner.defineClass(MethodHandles.java:2439) ~[?:?]
	at java.lang.invoke.MethodHandles$Lookup$ClassDefiner.defineClassAsLookup(MethodHandles.java:2420) ~[?:?]
	at java.lang.invoke.MethodHandles$Lookup.defineHiddenClass(MethodHandles.java:2127) ~[?:?]
	at java.lang.invoke.InnerClassLambdaMetafactory.generateInnerClass(InnerClassLambdaMetafactory.java:407) ~[?:?]
	at java.lang.invoke.InnerClassLambdaMetafactory.spinInnerClass(InnerClassLambdaMetafactory.java:315) ~[?:?]
	at java.lang.invoke.InnerClassLambdaMetafactory.buildCallSite(InnerClassLambdaMetafactory.java:228) ~[?:?]
	at java.lang.invoke.LambdaMetafactory.metafactory(LambdaMetafactory.java:341) ~[?:?]
	at java.lang.invoke.BootstrapMethodInvoker.invoke(BootstrapMethodInvoker.java:134) ~[?:?]
	at java.lang.invoke.CallSite.makeSite(CallSite.java:315) ~[?:?]
	at java.lang.invoke.MethodHandleNatives.linkCallSiteImpl(MethodHandleNatives.java:281) ~[?:?]
	at java.lang.invoke.MethodHandleNatives.linkCallSite(MethodHandleNatives.java:271) ~[?:?]
	at it.hurts.sskirillss.octolib.particle.BasicColoredParticle$Options.<clinit>(BasicColoredParticle.java:270) ~[octolib-1.19.2-0.3.jar%23265!/:1.19.2-0.3]
	at it.hurts.sskirillss.octolib.particle.BasicColoredParticle$Factory$Type.<init>(BasicColoredParticle.java:328) ~[octolib-1.19.2-0.3.jar%23265!/:1.19.2-0.3]
	at net.minecraftforge.registries.DeferredRegister.lambda$addEntries$1(DeferredRegister.java:388) ~[forge-1.19.2-43.4.2-universal.jar%23312!/:?]
	at net.minecraftforge.registries.RegisterEvent.register(RegisterEvent.java:59) ~[forge-1.19.2-43.4.2-universal.jar%23312!/:?]
	at net.minecraftforge.registries.DeferredRegister.addEntries(DeferredRegister.java:388) ~[forge-1.19.2-43.4.2-universal.jar%23312!/:?]
	at net.minecraftforge.registries.DeferredRegister$EventDispatcher.handleEvent(DeferredRegister.java:330) ~[forge-1.19.2-43.4.2-universal.jar%23312!/:?]
	at net.minecraftforge.registries.__EventDispatcher_handleEvent_RegisterEvent.invoke(.dynamic) ~[forge-1.19.2-43.4.2-universal.jar%23312!/:?]
	at net.minecraftforge.eventbus.ASMEventHandler.invoke(ASMEventHandler.java:73) ~[eventbus-6.0.3.jar%2349!/:?]
	at net.minecraftforge.eventbus.EventBus.post(EventBus.java:315) ~[eventbus-6.0.3.jar%2349!/:?]
	at net.minecraftforge.eventbus.EventBus.post(EventBus.java:296) ~[eventbus-6.0.3.jar%2349!/:?]
	at net.minecraftforge.fml.javafmlmod.FMLModContainer.acceptEvent(FMLModContainer.java:114) ~[javafmllanguage-1.19.2-43.4.2.jar%23309!/:?]
	at net.minecraftforge.fml.ModLoader.lambda$postEventWithWrapInModOrder$35(ModLoader.java:315) ~[fmlcore-1.19.2-43.4.2.jar%23308!/:?]
	at java.lang.Iterable.forEach(Iterable.java:75) ~[?:?]
	at net.minecraftforge.fml.ModList.forEachModInOrder(ModList.java:225) ~[fmlcore-1.19.2-43.4.2.jar%23308!/:?]
	at net.minecraftforge.fml.ModLoader.postEventWithWrapInModOrder(ModLoader.java:313) ~[fmlcore-1.19.2-43.4.2.jar%23308!/:?]
	at net.minecraftforge.registries.GameData.postRegisterEvents(GameData.java:341) ~[forge-1.19.2-43.4.2-universal.jar%23312!/:?]
	at net.minecraftforge.common.ForgeStatesProvider.lambda$new$4(ForgeStatesProvider.java:25) ~[forge-1.19.2-43.4.2-universal.jar%23312!/:?]
	at net.minecraftforge.fml.ModLoader.lambda$dispatchAndHandleError$23(ModLoader.java:207) ~[fmlcore-1.19.2-43.4.2.jar%23308!/:?]
	at java.util.Optional.ifPresent(Optional.java:178) ~[?:?]
	at net.minecraftforge.fml.ModLoader.dispatchAndHandleError(ModLoader.java:207) ~[fmlcore-1.19.2-43.4.2.jar%23308!/:?]
	at net.minecraftforge.fml.ModLoader.lambda$gatherAndInitializeMods$14(ModLoader.java:185) ~[fmlcore-1.19.2-43.4.2.jar%23308!/:?]
	at java.lang.Iterable.forEach(Iterable.java:75) ~[?:?]
	at net.minecraftforge.fml.ModLoader.gatherAndInitializeMods(ModLoader.java:185) ~[fmlcore-1.19.2-43.4.2.jar%23308!/:?]
	at net.minecraftforge.server.loading.ServerModLoader.load(ServerModLoader.java:32) ~[forge-1.19.2-43.4.2-universal.jar%23312!/:?]
	at net.minecraft.server.Main.main(Main.java:113) ~[server-1.19.2-20220805.130853-srg.jar%23307!/:?]
	at jdk.internal.reflect.NativeMethodAccessorImpl.invoke0(Native Method) ~[?:?]
	at jdk.internal.reflect.NativeMethodAccessorImpl.invoke(NativeMethodAccessorImpl.java:77) ~[?:?]
	at jdk.internal.reflect.DelegatingMethodAccessorImpl.invoke(DelegatingMethodAccessorImpl.java:43) ~[?:?]
	at java.lang.reflect.Method.invoke(Method.java:569) ~[?:?]
	at net.minecraftforge.fml.loading.targets.CommonServerLaunchHandler.lambda$launchService$0(CommonServerLaunchHandler.java:29) ~[fmlloader-1.19.2-43.4.2.jar%2365!/:?]
	at cpw.mods.modlauncher.LaunchServiceHandlerDecorator.launch(LaunchServiceHandlerDecorator.java:30) [modlauncher-10.0.8.jar%2352!/:?]
	at cpw.mods.modlauncher.LaunchServiceHandler.launch(LaunchServiceHandler.java:53) [modlauncher-10.0.8.jar%2352!/:?]
	at cpw.mods.modlauncher.LaunchServiceHandler.launch(LaunchServiceHandler.java:71) [modlauncher-10.0.8.jar%2352!/:?]
	at cpw.mods.modlauncher.Launcher.run(Launcher.java:106) [modlauncher-10.0.8.jar%2352!/:?]
	at cpw.mods.modlauncher.Launcher.main(Launcher.java:77) [modlauncher-10.0.8.jar%2352!/:?]
	at cpw.mods.modlauncher.BootstrapLaunchConsumer.accept(BootstrapLaunchConsumer.java:26) [modlauncher-10.0.8.jar%2352!/:?]
	at cpw.mods.modlauncher.BootstrapLaunchConsumer.accept(BootstrapLaunchConsumer.java:23) [modlauncher-10.0.8.jar%2352!/:?]
	at cpw.mods.bootstraplauncher.BootstrapLauncher.main(BootstrapLauncher.java:141) [bootstraplauncher-1.1.2.jar:?]
[25Jun2025 22:18:15.273] [modloading-worker-0/INFO] [HammerLib/]: Setup HammerLib networking!
[25Jun2025 22:18:15.320] [modloading-worker-0/INFO] [com.lootintegrations.LootintegrationsMod/]: lootintegrations mod initialized
[25Jun2025 22:18:15.362] [modloading-worker-0/INFO] [terrablender/]: Registered region minecraft:overworld to index 0 for type OVERWORLD
[25Jun2025 22:18:15.362] [modloading-worker-0/INFO] [terrablender/]: Registered region minecraft:nether to index 0 for type NETHER
[25Jun2025 22:18:15.362] [modloading-worker-0/INFO] [terrablender/]: Registered region wildlands:bayou to index 1 for type OVERWORLD
[25Jun2025 22:18:15.363] [modloading-worker-0/INFO] [terrablender/]: Registered region wildlands:burnt_forest to index 2 for type OVERWORLD
[25Jun2025 22:18:15.417] [modloading-worker-0/INFO] [com.blocklegend001.expore.ExpOre/]: ExpOre Loaded
[25Jun2025 22:18:15.441] [modloading-worker-0/INFO] [untamedwilds.UntamedWilds/]: Registering Packets!
[25Jun2025 22:18:15.445] [modloading-worker-0/INFO] [dev.itsmeow.betteranimalsplus.BetterAnimalsPlusMod/]: Overspawning lammergeiers...
[25Jun2025 22:18:15.490] [modloading-worker-0/INFO] [com.github.nyuppo.MoreMobVariants/]: Giving mobs a fresh coat of paint...
[25Jun2025 22:18:15.580] [Thread-0/INFO] [ModernFix/]: Please use /mfsrc to reload any changed mod config files
[25Jun2025 22:18:15.932] [Forge Version Check/INFO] [net.minecraftforge.fml.VersionChecker/]: [blue_skies] Starting version check at http://changelogs.moddinglegacy.com/blue-skies.json
[25Jun2025 22:18:16.355] [Forge Version Check/INFO] [net.minecraftforge.fml.VersionChecker/]: [blue_skies] Found status: UP_TO_DATE Current: 1.3.20 Target: null
[25Jun2025 22:18:16.356] [Forge Version Check/INFO] [net.minecraftforge.fml.VersionChecker/]: [easyanvils] Starting version check at https://raw.githubusercontent.com/Fuzss/modresources/main/update/easyanvils.json
[25Jun2025 22:18:16.392] [Forge Version Check/INFO] [net.minecraftforge.fml.VersionChecker/]: [easyanvils] Found status: UP_TO_DATE Current: 4.0.11 Target: null
[25Jun2025 22:18:16.392] [Forge Version Check/INFO] [net.minecraftforge.fml.VersionChecker/]: [hammerlib] Starting version check at https://api.modrinth.com/updates/PlkSuVtM/forge_updates.json
[25Jun2025 22:18:16.601] [Forge Version Check/INFO] [net.minecraftforge.fml.VersionChecker/]: [hammerlib] Found status: UP_TO_DATE Current: 19.3.82 Target: null
[25Jun2025 22:18:16.601] [Forge Version Check/INFO] [net.minecraftforge.fml.VersionChecker/]: [mcwwindows] Starting version check at https://raw.githubusercontent.com/sketchmacaw/macawsmods/master/window.json
[25Jun2025 22:18:16.613] [Forge Version Check/INFO] [net.minecraftforge.fml.VersionChecker/]: [mcwwindows] Found status: UP_TO_DATE Current: 2.3.0 Target: null
[25Jun2025 22:18:16.614] [Forge Version Check/INFO] [net.minecraftforge.fml.VersionChecker/]: [guardvillagers] Starting version check at https://raw.githubusercontent.com/seymourimadeit/guardvillagers/master/update.json
[25Jun2025 22:18:16.628] [Forge Version Check/INFO] [net.minecraftforge.fml.VersionChecker/]: [guardvillagers] Found status: AHEAD Current: 1.19.2-1.5.9 Target: null
[25Jun2025 22:18:16.628] [Forge Version Check/INFO] [net.minecraftforge.fml.VersionChecker/]: [mcwdoors] Starting version check at https://raw.githubusercontent.com/sketchmacaw/macawsmods/master/doors.json
[25Jun2025 22:18:16.639] [Forge Version Check/INFO] [net.minecraftforge.fml.VersionChecker/]: [mcwdoors] Found status: UP_TO_DATE Current: 1.1.2 Target: null
[25Jun2025 22:18:16.639] [Forge Version Check/INFO] [net.minecraftforge.fml.VersionChecker/]: [ctov] Starting version check at https://api.modrinth.com/updates/fgmhI8kH/forge_updates.json
[25Jun2025 22:18:16.708] [main/INFO] [supplementaries/]: Finished mod setup in: [0, 0, 2, 0, 0, 0, 0, 0, 1] ms
[25Jun2025 22:18:16.713] [main/INFO] [ModdingLegacy/StructureGel/]: [structure_gel] Registering data for structure_gel:loot_table_alias
[25Jun2025 22:18:16.720] [Forge Version Check/INFO] [net.minecraftforge.fml.VersionChecker/]: [ctov] Found status: AHEAD Current: 3.2.6c Target: null
[25Jun2025 22:18:16.721] [Forge Version Check/INFO] [net.minecraftforge.fml.VersionChecker/]: [supplementaries] Starting version check at https://raw.githubusercontent.com/MehVahdJukaar/Supplementaries/master/forge/update.json
[25Jun2025 22:18:16.721] [main/INFO] [ModdingLegacy/StructureGel/]: [structure_gel] Registering data for structure_gel:data_handler_type
[25Jun2025 22:18:16.724] [main/INFO] [ModdingLegacy/StructureGel/]: [structure_gel] Registering data for structure_gel:dynamic_spawner
[25Jun2025 22:18:16.725] [main/INFO] [ModdingLegacy/StructureGel/]: [structure_gel] Registering data for structure_gel:jigsaw_type
[25Jun2025 22:18:16.727] [main/INFO] [journeymap/]: Initializing Packet Registries
[25Jun2025 22:18:16.738] [Forge Version Check/INFO] [net.minecraftforge.fml.VersionChecker/]: [supplementaries] Found status: BETA Current: 1.19.2-2.4.20 Target: null
[25Jun2025 22:18:16.738] [Forge Version Check/INFO] [net.minecraftforge.fml.VersionChecker/]: [mcwbridges] Starting version check at https://raw.githubusercontent.com/sketchmacaw/macawsmods/master/bridges.json
[25Jun2025 22:18:16.752] [Forge Version Check/INFO] [net.minecraftforge.fml.VersionChecker/]: [mcwbridges] Found status: OUTDATED Current: 3.0.1 Target: 3.1.0
[25Jun2025 22:18:16.752] [Forge Version Check/INFO] [net.minecraftforge.fml.VersionChecker/]: [mcwtrpdoors] Starting version check at https://raw.githubusercontent.com/sketchmacaw/macawsmods/master/trapdoors.json
[25Jun2025 22:18:16.753] [main/INFO] [terrablender/]: Registered region biomesoplenty:overworld_primary to index 3 for type OVERWORLD
[25Jun2025 22:18:16.753] [main/INFO] [terrablender/]: Registered region biomesoplenty:overworld_secondary to index 4 for type OVERWORLD
[25Jun2025 22:18:16.754] [main/INFO] [terrablender/]: Registered region biomesoplenty:overworld_rare to index 5 for type OVERWORLD
[25Jun2025 22:18:16.754] [main/INFO] [terrablender/]: Registered region biomesoplenty:nether_common to index 1 for type NETHER
[25Jun2025 22:18:16.754] [main/INFO] [terrablender/]: Registered region biomesoplenty:nether_rare to index 2 for type NETHER
[25Jun2025 22:18:16.766] [Forge Version Check/INFO] [net.minecraftforge.fml.VersionChecker/]: [mcwtrpdoors] Found status: UP_TO_DATE Current: 1.1.4 Target: null
[25Jun2025 22:18:16.767] [Forge Version Check/INFO] [net.minecraftforge.fml.VersionChecker/]: [mcwfences] Starting version check at https://raw.githubusercontent.com/sketchmacaw/macawsmods/master/fences.json
[25Jun2025 22:18:16.783] [Forge Version Check/INFO] [net.minecraftforge.fml.VersionChecker/]: [mcwfences] Found status: UP_TO_DATE Current: 1.2.0 Target: null
[25Jun2025 22:18:16.783] [Forge Version Check/INFO] [net.minecraftforge.fml.VersionChecker/]: [tombstone] Starting version check at https://raw.githubusercontent.com/Corail31/tombstone_lite/master/update.json
[25Jun2025 22:18:16.792] [Forge Version Check/INFO] [net.minecraftforge.fml.VersionChecker/]: [tombstone] Found status: OUTDATED Current: 8.3.7 Target: 8.3.8
[25Jun2025 22:18:16.792] [Forge Version Check/INFO] [net.minecraftforge.fml.VersionChecker/]: [mcwfurnitures] Starting version check at https://raw.githubusercontent.com/sketchmacaw/macawsmods/master/furniture.json
[25Jun2025 22:18:16.809] [Forge Version Check/INFO] [net.minecraftforge.fml.VersionChecker/]: [mcwfurnitures] Found status: UP_TO_DATE Current: 3.3.0 Target: null
[25Jun2025 22:18:16.809] [Forge Version Check/INFO] [net.minecraftforge.fml.VersionChecker/]: [fastleafdecay] Starting version check at https://www.olafkeijsers.net/fastleafdecay-update.json
[25Jun2025 22:18:16.827] [main/INFO] [moonlight/]: Initialized color sets in 69ms
[25Jun2025 22:18:16.888] [main/INFO] [moonlight/]: Initialized color sets in 61ms
[25Jun2025 22:18:17.117] [modloading-worker-0/INFO] [com.choicetheorem.ctov.ctov/]: Got IMC []
[25Jun2025 22:18:17.125] [modloading-worker-0/INFO] [HammerLib/]: Performed registerFoil from hammerlib. Determined constant(0xFFFFFF0F) foil provider
[25Jun2025 22:18:17.126] [modloading-worker-0/INFO] [HammerLib/]: Performed registerFoil from hammerlib. Determined dynamic(org.zeith.hammerlib.client.CustomFoilConfigs$$Lambda$20012/0x00007e2dfe0c9c70@27635e88) foil provider
[25Jun2025 22:18:17.182] [modloading-worker-0/INFO] [Jade/]: Start loading plugin at org.zeith.hammerlib.compat.jade.GetWaila
[25Jun2025 22:18:17.188] [modloading-worker-0/INFO] [Jade/]: Start loading plugin at ovh.corail.tombstone.compatibility.IntegrationJade
[25Jun2025 22:18:17.188] [modloading-worker-0/INFO] [Jade/]: Start loading plugin at snownee.jade.addon.vanilla.VanillaPlugin
[25Jun2025 22:18:17.200] [modloading-worker-0/INFO] [Jade/]: Start loading plugin at snownee.jade.addon.universal.UniversalPlugin
[25Jun2025 22:18:17.208] [modloading-worker-0/INFO] [Jade/]: Start loading plugin at snownee.jade.addon.core.CorePlugin
[25Jun2025 22:18:17.487] [Forge Version Check/INFO] [net.minecraftforge.fml.VersionChecker/]: [fastleafdecay] Found status: BETA Current: 30 Target: null
[25Jun2025 22:18:17.487] [Forge Version Check/INFO] [net.minecraftforge.fml.VersionChecker/]: [mcwlights] Starting version check at https://raw.githubusercontent.com/sketchmacaw/macawsmods/master/lights.json
[25Jun2025 22:18:17.499] [Forge Version Check/INFO] [net.minecraftforge.fml.VersionChecker/]: [mcwlights] Found status: OUTDATED Current: 1.1.0 Target: 1.1.2
[25Jun2025 22:18:17.499] [Forge Version Check/INFO] [net.minecraftforge.fml.VersionChecker/]: [easymagic] Starting version check at https://raw.githubusercontent.com/Fuzss/modresources/main/update/easymagic.json
[25Jun2025 22:18:17.509] [Forge Version Check/INFO] [net.minecraftforge.fml.VersionChecker/]: [easymagic] Found status: UP_TO_DATE Current: 4.3.3 Target: null
[25Jun2025 22:18:17.509] [Forge Version Check/INFO] [net.minecraftforge.fml.VersionChecker/]: [obscure_api] Starting version check at https://raw.githubusercontent.com/ObscuriaLithium/Home/main/obscure_api/versions.json
[25Jun2025 22:18:17.520] [Forge Version Check/WARN] [net.minecraftforge.fml.VersionChecker/]: Failed to process update information
com.google.gson.JsonSyntaxException: java.lang.IllegalStateException: Expected BEGIN_OBJECT but was NUMBER at line 1 column 4 path $
	at com.google.gson.Gson.fromJson(Gson.java:975) ~[gson-2.8.9.jar%2368!/:?]
	at com.google.gson.Gson.fromJson(Gson.java:928) ~[gson-2.8.9.jar%2368!/:?]
	at com.google.gson.Gson.fromJson(Gson.java:877) ~[gson-2.8.9.jar%2368!/:?]
	at com.google.gson.Gson.fromJson(Gson.java:848) ~[gson-2.8.9.jar%2368!/:?]
	at net.minecraftforge.fml.VersionChecker$1.process(VersionChecker.java:183) ~[fmlcore-1.19.2-43.4.2.jar%23308!/:?]
	at java.lang.Iterable.forEach(Iterable.java:75) [?:?]
	at net.minecraftforge.fml.VersionChecker$1.run(VersionChecker.java:114) [fmlcore-1.19.2-43.4.2.jar%23308!/:?]
Caused by: java.lang.IllegalStateException: Expected BEGIN_OBJECT but was NUMBER at line 1 column 4 path $
	at com.google.gson.stream.JsonReader.beginObject(JsonReader.java:384) ~[gson-2.8.9.jar%2368!/:?]
	at com.google.gson.internal.bind.MapTypeAdapterFactory$Adapter.read(MapTypeAdapterFactory.java:183) ~[gson-2.8.9.jar%2368!/:?]
	at com.google.gson.internal.bind.MapTypeAdapterFactory$Adapter.read(MapTypeAdapterFactory.java:145) ~[gson-2.8.9.jar%2368!/:?]
	at com.google.gson.Gson.fromJson(Gson.java:963) ~[gson-2.8.9.jar%2368!/:?]
	... 6 more
[25Jun2025 22:18:17.521] [Forge Version Check/INFO] [net.minecraftforge.fml.VersionChecker/]: [mcwpaintings] Starting version check at https://raw.githubusercontent.com/sketchmacaw/macawsmods/master/paintings.json
[25Jun2025 22:18:17.534] [Forge Version Check/INFO] [net.minecraftforge.fml.VersionChecker/]: [mcwpaintings] Found status: UP_TO_DATE Current: 1.0.5 Target: null
[25Jun2025 22:18:17.535] [Forge Version Check/INFO] [net.minecraftforge.fml.VersionChecker/]: [journeymap] Starting version check at https://forge.curseupdate.com/32274/journeymap
[25Jun2025 22:18:17.662] [Forge Version Check/INFO] [net.minecraftforge.fml.VersionChecker/]: [journeymap] Found status: BETA Current: 5.9.8 Target: null
[25Jun2025 22:18:17.663] [Forge Version Check/INFO] [net.minecraftforge.fml.VersionChecker/]: [unwrecked_ships_plus] Starting version check at https://api.modrinth.com/updates/ae8EZLiC/forge_updates.json
[25Jun2025 22:18:17.704] [main/INFO] [com.mojang.authlib.yggdrasil.YggdrasilAuthenticationService/]: Environment: authHost='https://authserver.mojang.com', accountsHost='https://api.mojang.com', sessionHost='https://sessionserver.mojang.com', servicesHost='https://api.minecraftservices.com', name='PROD'
[25Jun2025 22:18:17.740] [Forge Version Check/INFO] [net.minecraftforge.fml.VersionChecker/]: [unwrecked_ships_plus] Found status: OUTDATED Current: 1.0.4 Target: 1.19-1.0.5
[25Jun2025 22:18:17.741] [Forge Version Check/INFO] [net.minecraftforge.fml.VersionChecker/]: [forge] Starting version check at https://files.minecraftforge.net/net/minecraftforge/forge/promotions_slim.json
[25Jun2025 22:18:18.014] [Forge Version Check/INFO] [net.minecraftforge.fml.VersionChecker/]: [forge] Found status: OUTDATED Current: 43.4.2 Target: 43.5.0
[25Jun2025 22:18:18.019] [Forge Version Check/INFO] [net.minecraftforge.fml.VersionChecker/]: [mr_hero_proof] Starting version check at https://api.modrinth.com/updates/GDmztpJg/forge_updates.json
[25Jun2025 22:18:18.114] [Forge Version Check/INFO] [net.minecraftforge.fml.VersionChecker/]: [mr_hero_proof] Found status: OUTDATED Current: 5.2.1 Target: 5.2.1+mod
[25Jun2025 22:18:18.116] [Forge Version Check/INFO] [net.minecraftforge.fml.VersionChecker/]: [scuba_gear] Starting version check at http://changelogs.moddinglegacy.com/scuba-gear.json
[25Jun2025 22:18:18.196] [Forge Version Check/INFO] [net.minecraftforge.fml.VersionChecker/]: [scuba_gear] Found status: BETA Current: 1.0.5 Target: null
[25Jun2025 22:18:18.197] [Forge Version Check/INFO] [net.minecraftforge.fml.VersionChecker/]: [mcwpaths] Starting version check at https://raw.githubusercontent.com/sketchmacaw/macawsmods/master/paths.json
[25Jun2025 22:18:18.210] [Forge Version Check/INFO] [net.minecraftforge.fml.VersionChecker/]: [mcwpaths] Found status: UP_TO_DATE Current: 1.1.0 Target: null
[25Jun2025 22:18:18.210] [Forge Version Check/INFO] [net.minecraftforge.fml.VersionChecker/]: [right_click_get_crops] Starting version check at https://raw.github.com/cofh/version/master/right_click_get_crops/update.json
[25Jun2025 22:18:18.344] [Forge Version Check/INFO] [net.minecraftforge.fml.VersionChecker/]: [right_click_get_crops] Found status: AHEAD Current: 1.4.0.11 Target: null
[25Jun2025 22:18:18.344] [Forge Version Check/INFO] [net.minecraftforge.fml.VersionChecker/]: [moonlight] Starting version check at https://raw.githubusercontent.com/MehVahdJukaar/Moonlight/multi-loader/forge/update.json
[25Jun2025 22:18:18.358] [Forge Version Check/INFO] [net.minecraftforge.fml.VersionChecker/]: [moonlight] Found status: UP_TO_DATE Current: 1.19.2-2.3.7 Target: null
[25Jun2025 22:18:18.358] [Forge Version Check/INFO] [net.minecraftforge.fml.VersionChecker/]: [regrowth] Starting version check at https://github.com/mactso/Regrowth/raw/main/update.json
[25Jun2025 22:18:18.481] [Forge Version Check/INFO] [net.minecraftforge.fml.VersionChecker/]: [regrowth] Found status: BETA Current: 41.1.31.1 Target: 41.1.31.1
[25Jun2025 22:18:18.481] [Forge Version Check/INFO] [net.minecraftforge.fml.VersionChecker/]: [puzzleslib] Starting version check at https://raw.githubusercontent.com/Fuzss/modresources/main/update/puzzleslib.json
[25Jun2025 22:18:18.493] [Forge Version Check/INFO] [net.minecraftforge.fml.VersionChecker/]: [puzzleslib] Found status: UP_TO_DATE Current: 4.4.3 Target: null
[25Jun2025 22:18:18.493] [Forge Version Check/INFO] [net.minecraftforge.fml.VersionChecker/]: [aquamirae] Starting version check at https://raw.githubusercontent.com/ObscuriaLithium/Home/main/aquamirae/versions.json
[25Jun2025 22:18:18.506] [Forge Version Check/WARN] [net.minecraftforge.fml.VersionChecker/]: Failed to process update information
com.google.gson.JsonSyntaxException: java.lang.IllegalStateException: Expected BEGIN_OBJECT but was NUMBER at line 1 column 4 path $
	at com.google.gson.Gson.fromJson(Gson.java:975) ~[gson-2.8.9.jar%2368!/:?]
	at com.google.gson.Gson.fromJson(Gson.java:928) ~[gson-2.8.9.jar%2368!/:?]
	at com.google.gson.Gson.fromJson(Gson.java:877) ~[gson-2.8.9.jar%2368!/:?]
	at com.google.gson.Gson.fromJson(Gson.java:848) ~[gson-2.8.9.jar%2368!/:?]
	at net.minecraftforge.fml.VersionChecker$1.process(VersionChecker.java:183) ~[fmlcore-1.19.2-43.4.2.jar%23308!/:?]
	at java.lang.Iterable.forEach(Iterable.java:75) [?:?]
	at net.minecraftforge.fml.VersionChecker$1.run(VersionChecker.java:114) [fmlcore-1.19.2-43.4.2.jar%23308!/:?]
Caused by: java.lang.IllegalStateException: Expected BEGIN_OBJECT but was NUMBER at line 1 column 4 path $
	at com.google.gson.stream.JsonReader.beginObject(JsonReader.java:384) ~[gson-2.8.9.jar%2368!/:?]
	at com.google.gson.internal.bind.MapTypeAdapterFactory$Adapter.read(MapTypeAdapterFactory.java:183) ~[gson-2.8.9.jar%2368!/:?]
	at com.google.gson.internal.bind.MapTypeAdapterFactory$Adapter.read(MapTypeAdapterFactory.java:145) ~[gson-2.8.9.jar%2368!/:?]
	at com.google.gson.Gson.fromJson(Gson.java:963) ~[gson-2.8.9.jar%2368!/:?]
	... 6 more
[25Jun2025 22:18:18.572] [main/WARN] [net.minecraft.server.packs.VanillaPackResources/]: Assets URL 'union:/workspaces/lamicheladaputa/servidor_minecraft/libraries/net/minecraft/server/1.19.2-20220805.130853/server-1.19.2-20220805.130853-srg.jar%23307!/assets/.mcassetsroot' uses unexpected schema
[25Jun2025 22:18:18.572] [main/WARN] [net.minecraft.server.packs.VanillaPackResources/]: Assets URL 'union:/workspaces/lamicheladaputa/servidor_minecraft/libraries/net/minecraft/server/1.19.2-20220805.130853/server-1.19.2-20220805.130853-srg.jar%23307!/data/.mcassetsroot' uses unexpected schema
[25Jun2025 22:18:19.139] [main/INFO] [supplementaries/]: Generated runtime SERVER_DATA for pack Supplementaries Generated Pack in: 108 ms
[25Jun2025 22:18:24.753] [main/INFO] [com.github.alexthe666.alexsmobs.AlexsMobs/]: Adding datapack listener capsid_recipes
[25Jun2025 22:18:24.788] [Worker-Main-1/WARN] [HammerLib/]: Unable to find registry for tag directory tags/worldgen/density_function
[25Jun2025 22:18:24.789] [Worker-Main-3/WARN] [HammerLib/]: Unable to find registry for tag directory tags/worldgen/noise
[25Jun2025 22:18:24.790] [Worker-Main-2/WARN] [HammerLib/]: Unable to find registry for tag directory tags/worldgen/noise_settings
[25Jun2025 22:18:24.797] [Worker-Main-1/WARN] [HammerLib/]: Unable to find registry for tag directory tags/chat_type
[25Jun2025 22:18:24.807] [Worker-Main-3/WARN] [HammerLib/]: Unable to find registry for tag directory tags/dimension_type
[25Jun2025 22:18:24.808] [Worker-Main-2/WARN] [HammerLib/]: Unable to find registry for tag directory tags/worldgen/world_preset
[25Jun2025 22:18:24.823] [Worker-Main-3/WARN] [HammerLib/]: Unable to find registry for tag directory tags/worldgen/structure_set
[25Jun2025 22:18:24.824] [Worker-Main-2/WARN] [HammerLib/]: Unable to find registry for tag directory tags/worldgen/configured_feature
[25Jun2025 22:18:24.829] [Worker-Main-3/WARN] [HammerLib/]: Unable to find registry for tag directory tags/worldgen/configured_carver
[25Jun2025 22:18:24.834] [Worker-Main-2/WARN] [HammerLib/]: Unable to find registry for tag directory tags/worldgen/processor_list
[25Jun2025 22:18:24.836] [Worker-Main-3/WARN] [HammerLib/]: Unable to find registry for tag directory tags/worldgen/template_pool
[25Jun2025 22:18:24.844] [Worker-Main-2/WARN] [HammerLib/]: Unable to find registry for tag directory tags/worldgen/flat_level_generator_preset
[25Jun2025 22:18:24.859] [Worker-Main-3/WARN] [HammerLib/]: Unable to find registry for tag directory tags/worldgen/placed_feature
[25Jun2025 22:18:24.873] [Worker-Main-3/WARN] [HammerLib/]: Unable to find registry for tag directory tags/game_events
[25Jun2025 22:18:24.884] [Worker-Main-2/WARN] [HammerLib/]: Unable to find registry for tag directory tags/worldgen/structure
[25Jun2025 22:18:24.935] [Worker-Main-1/ERROR] [net.minecraft.tags.TagLoader/]: Couldn't load tag [minecraft:cherry_grove (from mvs-4.1.4-1.19.2-forge.jar)] as it is missing following references: minecraft:cherry_grove (from mvs-4.1.4-1.19.2-forge.jar)
[25Jun2025 22:18:25.067] [Worker-Main-2/WARN] [HammerLib/]: Unable to find registry for tag directory tags/custom_stat
[25Jun2025 22:18:25.081] [Worker-Main-2/WARN] [HammerLib/]: Unable to find registry for tag directory tags/rule_test
[25Jun2025 22:18:25.086] [Worker-Main-2/WARN] [HammerLib/]: Unable to find registry for tag directory tags/pos_rule_test
[25Jun2025 22:18:25.122] [Worker-Main-2/WARN] [HammerLib/]: Unable to find registry for tag directory tags/position_source_type
[25Jun2025 22:18:25.145] [Worker-Main-2/WARN] [HammerLib/]: Unable to find registry for tag directory tags/villager_type
[25Jun2025 22:18:25.173] [Worker-Main-2/WARN] [HammerLib/]: Unable to find registry for tag directory tags/loot_function_type
[25Jun2025 22:18:25.177] [Worker-Main-1/WARN] [HammerLib/]: Unable to find registry for tag directory tags/loot_pool_entry_type
[25Jun2025 22:18:25.180] [Worker-Main-2/WARN] [HammerLib/]: Unable to find registry for tag directory tags/loot_condition_type
[25Jun2025 22:18:25.186] [Worker-Main-2/WARN] [HammerLib/]: Unable to find registry for tag directory tags/loot_nbt_provider_type
[25Jun2025 22:18:25.187] [Worker-Main-1/WARN] [HammerLib/]: Unable to find registry for tag directory tags/loot_number_provider_type
[25Jun2025 22:18:25.194] [Worker-Main-2/WARN] [HammerLib/]: Unable to find registry for tag directory tags/loot_score_provider_type
[25Jun2025 22:18:25.201] [Worker-Main-1/WARN] [HammerLib/]: Unable to find registry for tag directory tags/float_provider_type
[25Jun2025 22:18:25.202] [Worker-Main-2/WARN] [HammerLib/]: Unable to find registry for tag directory tags/int_provider_type
[25Jun2025 22:18:25.203] [Worker-Main-3/WARN] [HammerLib/]: Unable to find registry for tag directory tags/height_provider_type
[25Jun2025 22:18:25.212] [Worker-Main-1/WARN] [HammerLib/]: Unable to find registry for tag directory tags/block_predicate_type
[25Jun2025 22:18:25.217] [Worker-Main-3/WARN] [HammerLib/]: Unable to find registry for tag directory tags/worldgen/structure_placement
[25Jun2025 22:18:25.217] [Worker-Main-2/WARN] [HammerLib/]: Unable to find registry for tag directory tags/worldgen/structure_piece
[25Jun2025 22:18:25.221] [Worker-Main-1/WARN] [HammerLib/]: Unable to find registry for tag directory tags/worldgen/structure_type
[25Jun2025 22:18:25.224] [Worker-Main-3/WARN] [HammerLib/]: Unable to find registry for tag directory tags/worldgen/placement_modifier_type
[25Jun2025 22:18:25.233] [Worker-Main-3/WARN] [HammerLib/]: Unable to find registry for tag directory tags/worldgen/trunk_placer_type
[25Jun2025 22:18:25.237] [Worker-Main-1/WARN] [HammerLib/]: Unable to find registry for tag directory tags/worldgen/root_placer_type
[25Jun2025 22:18:25.242] [Worker-Main-3/WARN] [HammerLib/]: Unable to find registry for tag directory tags/worldgen/feature_size_type
[25Jun2025 22:18:25.244] [Worker-Main-2/WARN] [HammerLib/]: Unable to find registry for tag directory tags/worldgen/chunk_generator
[25Jun2025 22:18:25.249] [Worker-Main-3/WARN] [HammerLib/]: Unable to find registry for tag directory tags/worldgen/material_condition
[25Jun2025 22:18:25.249] [Worker-Main-1/WARN] [HammerLib/]: Unable to find registry for tag directory tags/worldgen/biome_source
[25Jun2025 22:18:25.251] [Worker-Main-2/WARN] [HammerLib/]: Unable to find registry for tag directory tags/worldgen/material_rule
[25Jun2025 22:18:25.257] [Worker-Main-2/WARN] [HammerLib/]: Unable to find registry for tag directory tags/worldgen/structure_pool_element
[25Jun2025 22:18:25.261] [Worker-Main-3/WARN] [HammerLib/]: Unable to find registry for tag directory tags/worldgen/density_function_type
[25Jun2025 22:18:25.265] [Worker-Main-2/WARN] [HammerLib/]: Unable to find registry for tag directory tags/cat_variant
[25Jun2025 22:18:25.268] [Worker-Main-1/WARN] [HammerLib/]: Unable to find registry for tag directory tags/worldgen/structure_processor
[25Jun2025 22:18:25.270] [Worker-Main-3/WARN] [HammerLib/]: Unable to find registry for tag directory tags/frog_variant
[25Jun2025 22:18:25.273] [Worker-Main-2/WARN] [HammerLib/]: Unable to find registry for tag directory tags/banner_pattern
[25Jun2025 22:18:25.280] [Worker-Main-1/WARN] [HammerLib/]: Unable to find registry for tag directory tags/instrument
[25Jun2025 22:18:26.423] [main/INFO] [net.minecraft.world.item.crafting.RecipeManager/]: Skipping loading recipe upgrade_aquatic:driftwood_furnace_boat as it's serializer returned null
[25Jun2025 22:18:26.450] [main/INFO] [net.minecraft.world.item.crafting.RecipeManager/]: Skipping loading recipe upgrade_aquatic:river_boards as it's serializer returned null
[25Jun2025 22:18:26.465] [main/INFO] [net.minecraft.world.item.crafting.RecipeManager/]: Skipping loading recipe supplementaries:inspirations/blackboard_clear as it's serializer returned null
[25Jun2025 22:18:26.472] [main/INFO] [net.minecraft.world.item.crafting.RecipeManager/]: Skipping loading recipe upgrade_aquatic:vertical_river_planks as it's serializer returned null
[25Jun2025 22:18:26.503] [main/INFO] [net.minecraft.world.item.crafting.RecipeManager/]: Skipping loading recipe supplementaries:inspirations/flag_dye as it's serializer returned null
[25Jun2025 22:18:26.505] [main/INFO] [net.minecraft.world.item.crafting.RecipeManager/]: Skipping loading recipe upgrade_aquatic:river_trapped_chest as it's serializer returned null
[25Jun2025 22:18:26.508] [main/INFO] [net.minecraft.world.item.crafting.RecipeManager/]: Skipping loading recipe upgrade_aquatic:river_furnace_boat as it's serializer returned null
[25Jun2025 22:18:26.519] [main/INFO] [net.minecraft.world.item.crafting.RecipeManager/]: Skipping loading recipe upgrade_aquatic:river_ladder as it's serializer returned null
[25Jun2025 22:18:26.532] [main/INFO] [net.minecraft.world.item.crafting.RecipeManager/]: Skipping loading recipe upgrade_aquatic:vertical_driftwood_planks as it's serializer returned null
[25Jun2025 22:18:26.559] [main/INFO] [net.minecraft.world.item.crafting.RecipeManager/]: Skipping loading recipe upgrade_aquatic:driftwood_boards as it's serializer returned null
[25Jun2025 22:18:26.570] [main/INFO] [net.minecraft.world.item.crafting.RecipeManager/]: Skipping loading recipe upgrade_aquatic:river_beehive as it's serializer returned null
[25Jun2025 22:18:26.585] [main/INFO] [net.minecraft.world.item.crafting.RecipeManager/]: Skipping loading recipe upgrade_aquatic:driftwood_chest_wood as it's serializer returned null
[25Jun2025 22:18:26.592] [main/INFO] [net.minecraft.world.item.crafting.RecipeManager/]: Skipping loading recipe upgrade_aquatic:river_leaves_from_river_leaf_pile as it's serializer returned null
[25Jun2025 22:18:26.603] [main/INFO] [net.minecraft.world.item.crafting.RecipeManager/]: Skipping loading recipe upgrade_aquatic:driftwood_beehive as it's serializer returned null
[25Jun2025 22:18:26.610] [main/INFO] [net.minecraft.world.item.crafting.RecipeManager/]: Skipping loading recipe upgrade_aquatic:river_chest as it's serializer returned null
[25Jun2025 22:18:26.613] [main/INFO] [net.minecraft.world.item.crafting.RecipeManager/]: Skipping loading recipe upgrade_aquatic:large_river_boat as it's serializer returned null
[25Jun2025 22:18:26.617] [main/INFO] [net.minecraft.world.item.crafting.RecipeManager/]: Skipping loading recipe upgrade_aquatic:river_chest_wood as it's serializer returned null
[25Jun2025 22:18:26.619] [main/INFO] [net.minecraft.world.item.crafting.RecipeManager/]: Skipping loading recipe upgrade_aquatic:river_leaf_pile as it's serializer returned null
[25Jun2025 22:18:26.630] [main/ERROR] [net.minecraft.world.item.crafting.RecipeManager/]: Parsing error loading recipe taxov:x_trim_smithing_template_smithing_trim: com.google.gson.JsonSyntaxException: Invalid or unsupported recipe type 'minecraft:smithing_trim'
[25Jun2025 22:18:26.630] [main/INFO] [net.minecraft.world.item.crafting.RecipeManager/]: Skipping loading recipe upgrade_aquatic:driftwood_trapped_chest as it's serializer returned null
[25Jun2025 22:18:26.633] [main/INFO] [net.minecraft.world.item.crafting.RecipeManager/]: Skipping loading recipe upgrade_aquatic:river_bookshelf as it's serializer returned null
[25Jun2025 22:18:26.641] [main/INFO] [net.minecraft.world.item.crafting.RecipeManager/]: Skipping loading recipe supplementaries:inspirations/flag_clear as it's serializer returned null
[25Jun2025 22:18:26.650] [main/INFO] [net.minecraft.world.item.crafting.RecipeManager/]: Skipping loading recipe upgrade_aquatic:driftwood_chest as it's serializer returned null
[25Jun2025 22:18:26.655] [main/INFO] [net.minecraft.world.item.crafting.RecipeManager/]: Skipping loading recipe upgrade_aquatic:driftwood_ladder as it's serializer returned null
[25Jun2025 22:18:26.656] [main/INFO] [net.minecraft.world.item.crafting.RecipeManager/]: Skipping loading recipe upgrade_aquatic:vertical_river_planks_revert as it's serializer returned null
[25Jun2025 22:18:26.659] [main/INFO] [net.minecraft.world.item.crafting.RecipeManager/]: Skipping loading recipe upgrade_aquatic:vertical_driftwood_planks_revert as it's serializer returned null
[25Jun2025 22:18:26.669] [main/INFO] [net.minecraft.world.item.crafting.RecipeManager/]: Skipping loading recipe upgrade_aquatic:large_driftwood_boat as it's serializer returned null
[25Jun2025 22:18:26.672] [main/INFO] [net.minecraft.world.item.crafting.RecipeManager/]: Skipping loading recipe upgrade_aquatic:driftwood_bookshelf as it's serializer returned null
[25Jun2025 22:18:26.680] [main/INFO] [net.minecraft.world.item.crafting.RecipeManager/]: Loaded 21 recipes
[25Jun2025 22:18:26.773] [main/INFO] [HammerLib/]: Reloading HammerLib recipes...
[25Jun2025 22:18:26.774] [main/INFO] [HammerLib/]: HammerLib injected 1 recipes into recipe map. Removed 0 recipes from the game.
[25Jun2025 22:18:26.774] [main/INFO] [HammerLib/]: Reloading 0 custom registries.
[25Jun2025 22:18:26.775] [main/INFO] [HammerLib/]: 0 custom registries reloaded, added 0 total recipes.
[25Jun2025 22:18:26.775] [main/INFO] [HammerLib/]: Registered 1 additional recipes.
[25Jun2025 22:18:26.793] [main/INFO] [com.teamabnormals.blueprint.core.Blueprint/]: Loot Modification Manager has loaded 6 modifier groups
[25Jun2025 22:18:27.393] [main/INFO] [com.teamabnormals.blueprint.core.Blueprint/]: Advancement Modification Manager has loaded 8 modifier groups
[25Jun2025 22:18:27.394] [main/WARN] [HammerLib/]: Unable to find registry for tag directory tags/functions
[25Jun2025 22:18:27.624] [main/ERROR] [net.minecraft.advancements.AdvancementList/]: Couldn't load advancement untamedwilds:zoology/master_baiter: Task Advancement{parentId=untamedwilds:untamedwilds/basic_baiter, display=net.minecraft.advancements.DisplayInfo@6eb44a08, rewards=AdvancementRewards{experience=0, loot=[], recipes=[], function=net.minecraft.commands.CommandFunction$CacheableFunction@2ac010d8}, criteria={lure_100=net.minecraft.advancements.Criterion@25e0ec78}, requirements=[[lure_100]]}
[25Jun2025 22:18:27.624] [main/ERROR] [net.minecraft.advancements.AdvancementList/]: Couldn't load advancement untamedwilds:zoology/taming_bear: Task Advancement{parentId=untamedwilds:untamedwilds/root, display=net.minecraft.advancements.DisplayInfo@471b9216, rewards=AdvancementRewards{experience=0, loot=[], recipes=[], function=net.minecraft.commands.CommandFunction$CacheableFunction@2ac010d8}, criteria={taming_bear=net.minecraft.advancements.Criterion@653a35a1}, requirements=[[taming_bear]]}
[25Jun2025 22:18:27.624] [main/ERROR] [net.minecraft.advancements.AdvancementList/]: Couldn't load advancement untamedwilds:zoology/basic_baiter: Task Advancement{parentId=untamedwilds:untamedwilds/root, display=net.minecraft.advancements.DisplayInfo@625efca5, rewards=AdvancementRewards{experience=0, loot=[], recipes=[], function=net.minecraft.commands.CommandFunction$CacheableFunction@2ac010d8}, criteria={using_chum=net.minecraft.advancements.Criterion@56fd5a72}, requirements=[[using_chum]]}
[25Jun2025 22:18:27.624] [main/ERROR] [net.minecraft.advancements.AdvancementList/]: Couldn't load advancement untamedwilds:zoology/lepidopterologist: Task Advancement{parentId=untamedwilds:untamedwilds/activated_feeder, display=net.minecraft.advancements.DisplayInfo@5940070b, rewards=AdvancementRewards{experience=0, loot=[], recipes=[], function=net.minecraft.commands.CommandFunction$CacheableFunction@2ac010d8}, criteria={butterfly_speckled_wood=net.minecraft.advancements.Criterion@6b6a152b, butterfly_glasswing=net.minecraft.advancements.Criterion@6c610551, butterfly_tiger_swallowtail=net.minecraft.advancements.Criterion@557ae901, butterfly_orange_tip=net.minecraft.advancements.Criterion@c5bc4fa, butterfly_kite=net.minecraft.advancements.Criterion@37a34b17, butterfly_comma=net.minecraft.advancements.Criterion@538c8b3f, butterfly_mourning_cloak=net.minecraft.advancements.Criterion@513c52ae, butterfly_birdwing=net.minecraft.advancements.Criterion@3922067, butterfly_triangle=net.minecraft.advancements.Criterion@2e4428f1, butterfly_malachite=net.minecraft.advancements.Criterion@19a68b75, butterfly_monarch=net.minecraft.advancements.Criterion@2a3c03cd, butterfly_morpho=net.minecraft.advancements.Criterion@383f8ff5, butterfly_narcissus=net.minecraft.advancements.Criterion@37333ba3, butterfly_emperor=net.minecraft.advancements.Criterion@1ae3f313, butterfly_peacock=net.minecraft.advancements.Criterion@500ba9e9, butterfly_blue_swallowtail=net.minecraft.advancements.Criterion@140fc43a, butterfly_leaf=net.minecraft.advancements.Criterion@3acf0b3b, butterfly_red_admiral=net.minecraft.advancements.Criterion@3f311c1a, butterfly_brimstone=net.minecraft.advancements.Criterion@3278aef4, butterfly_cabbage=net.minecraft.advancements.Criterion@583c8295}, requirements=[[butterfly_birdwing], [butterfly_blue_swallowtail], [butterfly_brimstone], [butterfly_cabbage], [butterfly_comma], [butterfly_emperor], [butterfly_glasswing], [butterfly_kite], [butterfly_leaf], [butterfly_malachite], [butterfly_monarch], [butterfly_morpho], [butterfly_mourning_cloak], [butterfly_narcissus], [butterfly_orange_tip], [butterfly_peacock], [butterfly_red_admiral], [butterfly_speckled_wood], [butterfly_tiger_swallowtail], [butterfly_triangle]]}
[25Jun2025 22:18:27.625] [main/ERROR] [net.minecraft.advancements.AdvancementList/]: Couldn't load advancement untamedwilds:zoology/activated_feeder: Task Advancement{parentId=untamedwilds:untamedwilds/root, display=net.minecraft.advancements.DisplayInfo@5a76c6aa, rewards=AdvancementRewards{experience=0, loot=[], recipes=[], function=net.minecraft.commands.CommandFunction$CacheableFunction@2ac010d8}, criteria={activated_feeder=net.minecraft.advancements.Criterion@6662df5b}, requirements=[[activated_feeder]]}
[25Jun2025 22:18:27.625] [main/ERROR] [net.minecraft.advancements.AdvancementList/]: Couldn't load advancement untamedwilds:zoology/discovered_spitter: Task Advancement{parentId=untamedwilds:untamedwilds/root, display=net.minecraft.advancements.DisplayInfo@dd8c91e, rewards=AdvancementRewards{experience=0, loot=[], recipes=[], function=net.minecraft.commands.CommandFunction$CacheableFunction@2ac010d8}, criteria={discover_spitter=net.minecraft.advancements.Criterion@7db047f9}, requirements=[[discover_spitter]]}
[25Jun2025 22:18:27.625] [main/ERROR] [net.minecraft.advancements.AdvancementList/]: Couldn't load advancement untamedwilds:zoology/hog_wild: Task Advancement{parentId=untamedwilds:untamedwilds/root, display=net.minecraft.advancements.DisplayInfo@7bc3a38c, rewards=AdvancementRewards{experience=0, loot=[], recipes=[], function=net.minecraft.commands.CommandFunction$CacheableFunction@2ac010d8}, criteria={riding_hog=net.minecraft.advancements.Criterion@4b3bc82}, requirements=[[riding_hog]]}
[25Jun2025 22:18:27.625] [main/ERROR] [net.minecraft.advancements.AdvancementList/]: Couldn't load advancement untamedwilds:zoology/clam_digger: Task Advancement{parentId=untamedwilds:untamedwilds/root, display=net.minecraft.advancements.DisplayInfo@4b5b0cda, rewards=AdvancementRewards{experience=0, loot=[], recipes=[], function=net.minecraft.commands.CommandFunction$CacheableFunction@2ac010d8}, criteria={spawn_giant_clam=net.minecraft.advancements.Criterion@5295ee9f}, requirements=[[spawn_giant_clam]]}
[25Jun2025 22:18:27.626] [main/ERROR] [net.minecraft.advancements.AdvancementList/]: Couldn't load advancement untamedwilds:zoology/yee_haw: Task Advancement{parentId=untamedwilds:untamedwilds/hog_wild, display=net.minecraft.advancements.DisplayInfo@5c793fde, rewards=AdvancementRewards{experience=0, loot=[], recipes=[], function=net.minecraft.commands.CommandFunction$CacheableFunction@2ac010d8}, criteria={riding_bison=net.minecraft.advancements.Criterion@2165c3d8}, requirements=[[riding_bison]]}
[25Jun2025 22:18:27.677] [main/INFO] [net.minecraft.advancements.AdvancementList/]: Loaded 4042 advancements
[25Jun2025 22:18:27.681] [main/INFO] [ModdingLegacy/blue_skies/SkiesDataManager/]: Loaded 8 tool_handle_types
[25Jun2025 22:18:27.683] [main/INFO] [ModdingLegacy/blue_skies/SkiesDataManager/]: Loaded 37 snowcap_oven_freezing_recipes
[25Jun2025 22:18:27.683] [main/INFO] [ModdingLegacy/blue_skies/SkiesDataManager/]: Loaded 7 horizonite_forge_fuels
[25Jun2025 22:18:27.683] [main/INFO] [ModdingLegacy/blue_skies/SkiesDataManager/]: Loaded 12 snowcap_mushroom_freezing
[25Jun2025 22:18:27.715] [main/INFO] [ModdingLegacy/blue_skies/SkiesDataManager/]: Loaded 70 alchemy_recipes
[25Jun2025 22:18:27.718] [main/INFO] [ModdingLegacy/blue_skies/SkiesDataManager/]: Loaded 81 journal/entries
[25Jun2025 22:18:27.718] [main/INFO] [ModdingLegacy/blue_skies/SkiesDataManager/]: Loaded 3 journal/sections
[25Jun2025 22:18:27.718] [main/INFO] [ModdingLegacy/blue_skies/SkiesDataManager/]: Loaded 7 journal/requirements
[25Jun2025 22:18:27.729] [main/WARN] [com.lootintegrations.LootintegrationsMod/]: Ignoring loot modifiers for:supplementaries:tables/blocks/hanging_sign_dark_oak use this folder name:lootintegrations
[25Jun2025 22:18:27.731] [main/INFO] [com.lootintegrations.LootintegrationsMod/]: Parsing loot modifiers for:lootintegrations:loot_moog_nether with loottable: lootintegrations:chests/nether
[25Jun2025 22:18:27.731] [main/WARN] [com.lootintegrations.LootintegrationsMod/]: Ignoring loot modifiers for:supplementaries:tables/blocks/hanging_sign_crimson use this folder name:lootintegrations
[25Jun2025 22:18:27.731] [main/WARN] [com.lootintegrations.LootintegrationsMod/]: Ignoring loot modifiers for:supplementaries:tables/blocks/biomesoplenty/hanging_sign_willow use this folder name:lootintegrations
[25Jun2025 22:18:27.732] [main/INFO] [com.lootintegrations.LootintegrationsMod/]: Parsing loot modifiers for:lootintegrations:loot_structory_easy with loottable: lootintegrations:chests/easy
[25Jun2025 22:18:27.732] [main/WARN] [com.lootintegrations.LootintegrationsMod/]: Ignoring loot modifiers for:supplementaries:tables/blocks/hanging_sign_oak use this folder name:lootintegrations
[25Jun2025 22:18:27.732] [main/WARN] [com.lootintegrations.LootintegrationsMod/]: Ignoring loot modifiers for:supplementaries:tables/blocks/wildlands/hanging_sign_cypress use this folder name:lootintegrations
[25Jun2025 22:18:27.732] [main/WARN] [com.lootintegrations.LootintegrationsMod/]: Ignoring loot modifiers for:supplementaries:tables/blocks/wildlands/hanging_sign_coconut use this folder name:lootintegrations
[25Jun2025 22:18:27.732] [main/WARN] [com.lootintegrations.LootintegrationsMod/]: Ignoring loot modifiers for:supplementaries:tables/blocks/hanging_sign_spruce use this folder name:lootintegrations
[25Jun2025 22:18:27.732] [main/WARN] [com.lootintegrations.LootintegrationsMod/]: Ignoring loot modifiers for:supplementaries:tables/blocks/blue_skies/hanging_sign_crystallized use this folder name:lootintegrations
[25Jun2025 22:18:27.732] [main/WARN] [com.lootintegrations.LootintegrationsMod/]: Ignoring loot modifiers for:supplementaries:tables/blocks/blue_skies/hanging_sign_dusk use this folder name:lootintegrations
[25Jun2025 22:18:27.732] [main/WARN] [com.lootintegrations.LootintegrationsMod/]: Ignoring loot modifiers for:supplementaries:tables/blocks/biomesoplenty/hanging_sign_redwood use this folder name:lootintegrations
[25Jun2025 22:18:27.732] [main/WARN] [com.lootintegrations.LootintegrationsMod/]: Ignoring loot modifiers for:supplementaries:tables/blocks/biomesoplenty/hanging_sign_hellbark use this folder name:lootintegrations
[25Jun2025 22:18:27.732] [main/WARN] [com.lootintegrations.LootintegrationsMod/]: Ignoring loot modifiers for:supplementaries:tables/blocks/biomesoplenty/hanging_sign_cherry use this folder name:lootintegrations
[25Jun2025 22:18:27.732] [main/WARN] [com.lootintegrations.LootintegrationsMod/]: Ignoring loot modifiers for:supplementaries:tables/blocks/biomesoplenty/hanging_sign_umbran use this folder name:lootintegrations
[25Jun2025 22:18:27.733] [main/INFO] [com.lootintegrations.LootintegrationsMod/]: Parsing loot modifiers for:lootintegrations:loot_ctov_easy with loottable: lootintegrations:chests/easy
[25Jun2025 22:18:27.733] [main/INFO] [com.lootintegrations.LootintegrationsMod/]: Parsing loot modifiers for:lootintegrations:loot_moog_medium with loottable: lootintegrations:chests/medium
[25Jun2025 22:18:27.733] [main/INFO] [com.lootintegrations.LootintegrationsMod/]: Parsing loot modifiers for:lootintegrations:loot_structory_nether with loottable: lootintegrations:chests/nether
[25Jun2025 22:18:27.733] [main/WARN] [com.lootintegrations.LootintegrationsMod/]: Ignoring loot modifiers for:supplementaries:tables/blocks/iceandfire/hanging_sign_dreadwood use this folder name:lootintegrations
[25Jun2025 22:18:27.733] [main/INFO] [com.lootintegrations.LootintegrationsMod/]: Parsing loot modifiers for:lootintegrations:loot_moog_easy with loottable: lootintegrations:chests/easy
[25Jun2025 22:18:27.733] [main/INFO] [com.lootintegrations.LootintegrationsMod/]: Parsing loot modifiers for:lootintegrations:yung_dungeonloot_water with loottable: lootintegrations:chests/water
[25Jun2025 22:18:27.733] [main/WARN] [com.lootintegrations.LootintegrationsMod/]: Ignoring loot modifiers for:supplementaries:tables/blocks/hanging_sign_acacia use this folder name:lootintegrations
[25Jun2025 22:18:27.733] [main/WARN] [com.lootintegrations.LootintegrationsMod/]: Ignoring loot modifiers for:supplementaries:tables/blocks/upgrade_aquatic/hanging_sign_river use this folder name:lootintegrations
[25Jun2025 22:18:27.734] [main/INFO] [com.lootintegrations.LootintegrationsMod/]: Parsing loot modifiers for:lootintegrations:yung_dungeonloot_easy with loottable: lootintegrations:chests/easy
[25Jun2025 22:18:27.734] [main/INFO] [com.lootintegrations.LootintegrationsMod/]: Parsing loot modifiers for:lootintegrations:loot_valhelsia_medium with loottable: lootintegrations:chests/medium
[25Jun2025 22:18:27.734] [main/WARN] [com.lootintegrations.LootintegrationsMod/]: Ignoring loot modifiers for:supplementaries:tables/blocks/blue_skies/hanging_sign_bluebright use this folder name:lootintegrations
[25Jun2025 22:18:27.734] [main/WARN] [com.lootintegrations.LootintegrationsMod/]: Ignoring loot modifiers for:supplementaries:tables/blocks/blue_skies/hanging_sign_maple use this folder name:lootintegrations
[25Jun2025 22:18:27.734] [main/WARN] [com.lootintegrations.LootintegrationsMod/]: Ignoring loot modifiers for:supplementaries:tables/blocks/biomesoplenty/hanging_sign_dead use this folder name:lootintegrations
[25Jun2025 22:18:27.734] [main/WARN] [com.lootintegrations.LootintegrationsMod/]: Ignoring loot modifiers for:supplementaries:tables/blocks/biomesoplenty/hanging_sign_jacaranda use this folder name:lootintegrations
[25Jun2025 22:18:27.734] [main/WARN] [com.lootintegrations.LootintegrationsMod/]: Ignoring loot modifiers for:supplementaries:tables/blocks/blue_skies/hanging_sign_starlit use this folder name:lootintegrations
[25Jun2025 22:18:27.734] [main/INFO] [com.lootintegrations.LootintegrationsMod/]: Parsing loot modifiers for:lootintegrations:loot_moog_village with loottable: lootintegrations:chests/village
[25Jun2025 22:18:27.734] [main/WARN] [com.lootintegrations.LootintegrationsMod/]: Ignoring loot modifiers for:supplementaries:tables/blocks/blue_skies/hanging_sign_cherry use this folder name:lootintegrations
[25Jun2025 22:18:27.735] [main/WARN] [com.lootintegrations.LootintegrationsMod/]: Ignoring loot modifiers for:supplementaries:tables/blocks/ad_astra/hanging_sign_glacian use this folder name:lootintegrations
[25Jun2025 22:18:27.735] [main/WARN] [com.lootintegrations.LootintegrationsMod/]: Ignoring loot modifiers for:supplementaries:tables/blocks/ad_astra/hanging_sign_aeronos use this folder name:lootintegrations
[25Jun2025 22:18:27.735] [main/INFO] [com.lootintegrations.LootintegrationsMod/]: Parsing loot modifiers for:lootintegrations:loot_ctov_village with loottable: lootintegrations:chests/village
[25Jun2025 22:18:27.735] [main/WARN] [com.lootintegrations.LootintegrationsMod/]: Ignoring loot modifiers for:supplementaries:tables/blocks/biomesoplenty/hanging_sign_magic use this folder name:lootintegrations
[25Jun2025 22:18:27.735] [main/INFO] [com.lootintegrations.LootintegrationsMod/]: Parsing loot modifiers for:lootintegrations:loot_valhelsia_easy with loottable: lootintegrations:chests/easy
[25Jun2025 22:18:27.735] [main/INFO] [com.lootintegrations.LootintegrationsMod/]: Parsing loot modifiers for:lootintegrations:dungeonloot_no_overflow with loottable: minecraft:chests/simple_dungeon
[25Jun2025 22:18:27.735] [main/WARN] [com.lootintegrations.LootintegrationsMod/]: Ignoring loot modifiers for:supplementaries:tables/blocks/blue_skies/hanging_sign_lunar use this folder name:lootintegrations
[25Jun2025 22:18:27.736] [main/WARN] [com.lootintegrations.LootintegrationsMod/]: Ignoring loot modifiers for:supplementaries:tables/blocks/biomesoplenty/hanging_sign_fir use this folder name:lootintegrations
[25Jun2025 22:18:27.736] [main/WARN] [com.lootintegrations.LootintegrationsMod/]: Ignoring loot modifiers for:supplementaries:tables/blocks/hanging_sign_birch use this folder name:lootintegrations
[25Jun2025 22:18:27.736] [main/WARN] [com.lootintegrations.LootintegrationsMod/]: Ignoring loot modifiers for:supplementaries:tables/blocks/blue_skies/hanging_sign_frostbright use this folder name:lootintegrations
[25Jun2025 22:18:27.736] [main/INFO] [com.lootintegrations.LootintegrationsMod/]: Parsing loot modifiers for:lootintegrations:loot_structory_hard with loottable: lootintegrations:chests/hard
[25Jun2025 22:18:27.736] [main/INFO] [com.lootintegrations.LootintegrationsMod/]: Parsing loot modifiers for:lootintegrations:yung_dungeonloot_nether with loottable: lootintegrations:chests/nether
[25Jun2025 22:18:27.736] [main/INFO] [com.lootintegrations.LootintegrationsMod/]: Parsing loot modifiers for:lootintegrations:yung_villageloot_house with loottable: lootintegrations:chests/village
[25Jun2025 22:18:27.737] [main/WARN] [com.lootintegrations.LootintegrationsMod/]: Ignoring loot modifiers for:supplementaries:tables/blocks/hanging_sign_jungle use this folder name:lootintegrations
[25Jun2025 22:18:27.737] [main/WARN] [com.lootintegrations.LootintegrationsMod/]: Ignoring loot modifiers for:supplementaries:tables/blocks/hanging_sign_warped use this folder name:lootintegrations
[25Jun2025 22:18:27.737] [main/WARN] [com.lootintegrations.LootintegrationsMod/]: Ignoring loot modifiers for:supplementaries:tables/blocks/ad_astra/hanging_sign_strophar use this folder name:lootintegrations
[25Jun2025 22:18:27.737] [main/WARN] [com.lootintegrations.LootintegrationsMod/]: Ignoring loot modifiers for:supplementaries:tables/blocks/biomesoplenty/hanging_sign_palm use this folder name:lootintegrations
[25Jun2025 22:18:27.738] [main/WARN] [com.lootintegrations.LootintegrationsMod/]: Ignoring loot modifiers for:supplementaries:tables/blocks/upgrade_aquatic/hanging_sign_driftwood use this folder name:lootintegrations
[25Jun2025 22:18:27.738] [main/WARN] [com.lootintegrations.LootintegrationsMod/]: Ignoring loot modifiers for:supplementaries:tables/blocks/biomesoplenty/hanging_sign_mahogany use this folder name:lootintegrations
[25Jun2025 22:18:27.738] [main/WARN] [com.lootintegrations.LootintegrationsMod/]: Ignoring loot modifiers for:supplementaries:tables/blocks/wildlands/hanging_sign_charred use this folder name:lootintegrations
[25Jun2025 22:18:27.738] [main/INFO] [com.lootintegrations.LootintegrationsMod/]: Parsing loot modifiers for:lootintegrations:loot_valhelsia_village with loottable: lootintegrations:chests/village
[25Jun2025 22:18:27.738] [main/INFO] [com.lootintegrations.LootintegrationsMod/]: Parsing loot modifiers for:lootintegrations:yung_dungeonloot_medium with loottable: lootintegrations:chests/medium
[25Jun2025 22:18:27.738] [main/INFO] [com.lootintegrations.LootintegrationsMod/]: Parsing loot modifiers for:lootintegrations:loot_structory_water with loottable: lootintegrations:chests/water
[25Jun2025 22:18:27.738] [main/INFO] [com.lootintegrations.LootintegrationsMod/]: Parsing loot modifiers for:lootintegrations:loot_structory_village with loottable: lootintegrations:chests/village
[25Jun2025 22:18:27.738] [main/WARN] [com.lootintegrations.LootintegrationsMod/]: Ignoring loot modifiers for:supplementaries:tables/blocks/hanging_sign_mangrove use this folder name:lootintegrations
[25Jun2025 22:18:27.738] [main/WARN] [com.lootintegrations.LootintegrationsMod/]: Ignoring loot modifiers for:supplementaries:tables/blocks/valhelsia_structures/hanging_sign_lapidified_jungle use this folder name:lootintegrations
[25Jun2025 22:18:27.756] [main/INFO] [supplementaries/]: Loaded  8 flute songs
[25Jun2025 22:18:27.775] [main/INFO] [com.teamabnormals.blueprint.core.Blueprint/]: Structure Repaletter Manager has loaded 2 repaletters
[25Jun2025 22:18:27.785] [main/INFO] [com.teamabnormals.blueprint.core.Blueprint/]: Modded Biome Slice Manager has loaded 1 slices
[25Jun2025 22:18:27.786] [main/INFO] [com.teamabnormals.blueprint.core.Blueprint/]: Chunk Generator Modification Manager has loaded 0 modifier groups
[25Jun2025 22:18:27.793] [main/WARN] [net.minecraftforge.common.loot.LootModifierManager/]: Could not decode GlobalLootModifier with json id arcane_abilities:skill_xp_rune - error: Unknown registry key in ResourceKey[minecraft:root / forge:global_loot_modifier_serializers]: arcane_abilities:skill_xp_rune
[25Jun2025 22:18:27.795] [main/INFO] [untamedwilds.UntamedWilds/]: Beginning loading of data for data loader: spawn_tables
[25Jun2025 22:18:27.796] [main/INFO] [untamedwilds.UntamedWilds/]: Data loader for spawn_tables loaded 8 jsons
[25Jun2025 22:18:27.797] [main/INFO] [untamedwilds.UntamedWilds/]: Beginning loading of data for data loader: entities
[25Jun2025 22:18:27.813] [main/INFO] [untamedwilds.UntamedWilds/]: Data loader for entities loaded 37 jsons
[25Jun2025 22:18:27.815] [main/INFO] [com.github.nyuppo.MoreMobVariants/]: Reloading config...
[25Jun2025 22:18:27.890] [main/WARN] [net.minecraft.core.MappedRegistry/]: Not all defined tags for registry ResourceKey[minecraft:root / minecraft:worldgen/biome] are present in data pack: mvs:has_structure/cherry_biomes
[25Jun2025 22:18:28.058] [main/INFO] [supplementaries/]: Finished additional setup in 82 ms
[25Jun2025 22:18:28.068] [main/WARN] [org.valkyrienskies.mod.common.config.MassDatapackResolver/]: No specified tag 'minecraft:carpets' doesn't exist!
[25Jun2025 22:18:28.684] [Server thread/INFO] [net.minecraft.server.dedicated.DedicatedServer/]: Starting minecraft server version 1.19.2
[25Jun2025 22:18:28.685] [Server thread/INFO] [net.minecraft.server.dedicated.DedicatedServer/]: Loading properties
[25Jun2025 22:18:28.686] [Server thread/INFO] [net.minecraft.server.dedicated.DedicatedServer/]: Default game type: SURVIVAL
[25Jun2025 22:18:28.686] [Server thread/INFO] [net.minecraft.server.MinecraftServer/]: Generating keypair
[25Jun2025 22:18:28.839] [Server thread/INFO] [net.minecraft.server.dedicated.DedicatedServer/]: Starting Minecraft server on *:25565
[25Jun2025 22:18:28.873] [Server thread/INFO] [net.minecraft.server.network.ServerConnectionListener/]: Using epoll channel type
[25Jun2025 22:18:28.987] [Server thread/WARN] [net.minecraft.server.dedicated.DedicatedServer/]: **** SERVER IS RUNNING IN OFFLINE/INSECURE MODE!
[25Jun2025 22:18:28.987] [Server thread/WARN] [net.minecraft.server.dedicated.DedicatedServer/]: The server will make no attempt to authenticate usernames. Beware.
[25Jun2025 22:18:28.988] [Server thread/WARN] [net.minecraft.server.dedicated.DedicatedServer/]: While this makes the game possible to play without internet access, it also opens up the ability for hackers to connect with any username they choose.
[25Jun2025 22:18:28.988] [Server thread/WARN] [net.minecraft.server.dedicated.DedicatedServer/]: To change this, set "online-mode" to "true" in the server.properties file.
[25Jun2025 22:18:29.026] [Server thread/INFO] [Puzzles Lib/]: Loading server config for easyanvils
[25Jun2025 22:18:29.050] [Server thread/INFO] [Puzzles Lib/]: Loading server config for easymagic
[25Jun2025 22:18:29.052] [Server thread/INFO] [journeymap/]: Loading JourneyMap Forge Configs
[25Jun2025 22:18:29.886] [Server thread/INFO] [terrablender/]: Initialized TerraBlender biomes for level stem minecraft:the_nether
[25Jun2025 22:18:30.428] [Server thread/INFO] [terrablender/]: Initialized TerraBlender biomes for level stem minecraft:overworld
[25Jun2025 22:18:30.430] [Server thread/INFO] [net.minecraft.server.dedicated.DedicatedServer/]: Preparing level "world"
[25Jun2025 22:18:31.350] [Server thread/INFO] [org.valkyrienskies.core.impl.networking.VSNetworking/]: We are not using UDP, falling back to TCP
[25Jun2025 22:18:33.386] [Server thread/WARN] [net.minecraft.network.syncher.SynchedEntityData/]: defineId called for: class com.exdev.mralxart.arcane_abilities.entities.StellarShowerEntity from class com.exdev.mralxart.arcane_abilities.entities.VortexEntity
[25Jun2025 22:18:33.386] [Server thread/WARN] [net.minecraft.network.syncher.SynchedEntityData/]: defineId called for: class com.exdev.mralxart.arcane_abilities.entities.StellarShowerEntity from class com.exdev.mralxart.arcane_abilities.entities.VortexEntity
[25Jun2025 22:18:33.387] [Server thread/WARN] [net.minecraft.network.syncher.SynchedEntityData/]: defineId called for: class com.exdev.mralxart.arcane_abilities.entities.StellarShowerEntity from class com.exdev.mralxart.arcane_abilities.entities.VortexEntity
[25Jun2025 22:18:33.388] [Server thread/WARN] [net.minecraft.network.syncher.SynchedEntityData/]: defineId called for: class com.exdev.mralxart.arcane_abilities.entities.StellarShowerEntity from class com.exdev.mralxart.arcane_abilities.entities.VortexEntity
[25Jun2025 22:18:33.388] [Server thread/WARN] [net.minecraft.network.syncher.SynchedEntityData/]: defineId called for: class com.exdev.mralxart.arcane_abilities.entities.StellarShowerEntity from class com.exdev.mralxart.arcane_abilities.entities.VortexEntity
[25Jun2025 22:18:33.389] [Server thread/WARN] [net.minecraft.network.syncher.SynchedEntityData/]: defineId called for: class com.exdev.mralxart.arcane_abilities.entities.StellarShowerFallEntity from class com.exdev.mralxart.arcane_abilities.entities.VortexFallEntity
[25Jun2025 22:18:33.390] [Server thread/WARN] [net.minecraft.network.syncher.SynchedEntityData/]: defineId called for: class com.exdev.mralxart.arcane_abilities.entities.StellarShowerEntity from class com.exdev.mralxart.arcane_abilities.entities.VortexFallEntity
[25Jun2025 22:18:33.402] [Server thread/WARN] [net.minecraft.network.syncher.SynchedEntityData/]: defineId called for: class dev.itsmeow.betteranimalsplus.common.entity.EntityBadger from class dev.itsmeow.betteranimalsplus.imdlib.entity.EntityTypeContainer
[25Jun2025 22:18:33.403] [Server thread/WARN] [net.minecraft.network.syncher.SynchedEntityData/]: defineId called for: class dev.itsmeow.betteranimalsplus.common.entity.EntityBarracuda from class dev.itsmeow.betteranimalsplus.imdlib.entity.util.EntityTypeContainerContainable
[25Jun2025 22:18:33.404] [Server thread/WARN] [net.minecraft.network.syncher.SynchedEntityData/]: defineId called for: class dev.itsmeow.betteranimalsplus.common.entity.EntityBearNeutral from class dev.itsmeow.betteranimalsplus.imdlib.entity.EntityTypeContainer
[25Jun2025 22:18:33.406] [Server thread/WARN] [net.minecraft.network.syncher.SynchedEntityData/]: defineId called for: class dev.itsmeow.betteranimalsplus.common.entity.EntityBoar from class dev.itsmeow.betteranimalsplus.imdlib.entity.EntityTypeContainer
[25Jun2025 22:18:33.407] [Server thread/WARN] [net.minecraft.network.syncher.SynchedEntityData/]: defineId called for: class dev.itsmeow.betteranimalsplus.common.entity.EntityBobbitWorm from class dev.itsmeow.betteranimalsplus.imdlib.entity.EntityTypeContainer
[25Jun2025 22:18:33.409] [Server thread/WARN] [net.minecraft.network.syncher.SynchedEntityData/]: defineId called for: class dev.itsmeow.betteranimalsplus.common.entity.EntityButterfly from class dev.itsmeow.betteranimalsplus.imdlib.entity.EntityTypeContainer
[25Jun2025 22:18:33.409] [Server thread/WARN] [net.minecraft.network.syncher.SynchedEntityData/]: defineId called for: class dev.itsmeow.betteranimalsplus.common.entity.EntityButterfly from class dev.itsmeow.betteranimalsplus.imdlib.entity.util.EntityTypeContainerContainable
[25Jun2025 22:18:33.416] [Server thread/WARN] [net.minecraft.network.syncher.SynchedEntityData/]: defineId called for: class dev.itsmeow.betteranimalsplus.common.entity.EntityCrab from class dev.itsmeow.betteranimalsplus.imdlib.entity.EntityTypeContainer
[25Jun2025 22:18:33.417] [Server thread/WARN] [net.minecraft.network.syncher.SynchedEntityData/]: defineId called for: class dev.itsmeow.betteranimalsplus.common.entity.EntityCrab from class dev.itsmeow.betteranimalsplus.imdlib.entity.util.EntityTypeContainerContainable
[25Jun2025 22:18:33.418] [Server thread/WARN] [net.minecraft.network.syncher.SynchedEntityData/]: defineId called for: class dev.itsmeow.betteranimalsplus.common.entity.EntityDeer from class dev.itsmeow.betteranimalsplus.imdlib.entity.EntityTypeContainer
[25Jun2025 22:18:33.421] [Server thread/WARN] [net.minecraft.network.syncher.SynchedEntityData/]: defineId called for: class dev.itsmeow.betteranimalsplus.common.entity.EntityDragonfly from class dev.itsmeow.betteranimalsplus.imdlib.entity.EntityTypeContainer
[25Jun2025 22:18:33.422] [Server thread/WARN] [net.minecraft.network.syncher.SynchedEntityData/]: defineId called for: class dev.itsmeow.betteranimalsplus.common.entity.EntityDragonfly from class dev.itsmeow.betteranimalsplus.imdlib.entity.util.EntityTypeContainerContainable
[25Jun2025 22:18:33.424] [Server thread/WARN] [net.minecraft.network.syncher.SynchedEntityData/]: defineId called for: class dev.itsmeow.betteranimalsplus.common.entity.EntityFreshwaterEel from class dev.itsmeow.betteranimalsplus.imdlib.entity.EntityTypeContainer
[25Jun2025 22:18:33.424] [Server thread/WARN] [net.minecraft.network.syncher.SynchedEntityData/]: defineId called for: class dev.itsmeow.betteranimalsplus.common.entity.EntityFreshwaterEel from class dev.itsmeow.betteranimalsplus.imdlib.entity.util.EntityTypeContainerContainable
[25Jun2025 22:18:33.425] [Server thread/WARN] [net.minecraft.network.syncher.SynchedEntityData/]: defineId called for: class dev.itsmeow.betteranimalsplus.common.entity.EntitySaltwaterEel from class dev.itsmeow.betteranimalsplus.imdlib.entity.EntityTypeContainer
[25Jun2025 22:18:33.426] [Server thread/WARN] [net.minecraft.network.syncher.SynchedEntityData/]: defineId called for: class dev.itsmeow.betteranimalsplus.common.entity.EntitySaltwaterEel from class dev.itsmeow.betteranimalsplus.imdlib.entity.util.EntityTypeContainerContainable
[25Jun2025 22:18:33.426] [Server thread/WARN] [net.minecraft.network.syncher.SynchedEntityData/]: defineId called for: class dev.itsmeow.betteranimalsplus.common.entity.EntityFeralWolf from class dev.itsmeow.betteranimalsplus.imdlib.entity.EntityTypeContainer
[25Jun2025 22:18:33.428] [Server thread/WARN] [net.minecraft.network.syncher.SynchedEntityData/]: defineId called for: class dev.itsmeow.betteranimalsplus.common.entity.EntityFlyingFish from class dev.itsmeow.betteranimalsplus.imdlib.entity.EntityTypeContainer
[25Jun2025 22:18:33.428] [Server thread/WARN] [net.minecraft.network.syncher.SynchedEntityData/]: defineId called for: class dev.itsmeow.betteranimalsplus.common.entity.EntityFlyingFish from class dev.itsmeow.betteranimalsplus.imdlib.entity.util.EntityTypeContainerContainable
[25Jun2025 22:18:33.429] [Server thread/WARN] [net.minecraft.network.syncher.SynchedEntityData/]: defineId called for: class dev.itsmeow.betteranimalsplus.common.entity.EntityGoose from class dev.itsmeow.betteranimalsplus.imdlib.entity.EntityTypeContainer
[25Jun2025 22:18:33.432] [Server thread/WARN] [net.minecraft.network.syncher.SynchedEntityData/]: defineId called for: class dev.itsmeow.betteranimalsplus.common.entity.EntityHorseshoeCrab from class dev.itsmeow.betteranimalsplus.imdlib.entity.EntityTypeContainer
[25Jun2025 22:18:33.434] [Server thread/WARN] [net.minecraft.network.syncher.SynchedEntityData/]: defineId called for: class dev.itsmeow.betteranimalsplus.common.entity.EntityHorseshoeCrab from class dev.itsmeow.betteranimalsplus.imdlib.entity.util.EntityTypeContainerContainable
[25Jun2025 22:18:33.435] [Server thread/WARN] [net.minecraft.network.syncher.SynchedEntityData/]: defineId called for: class dev.itsmeow.betteranimalsplus.common.entity.EntityJellyfish from class dev.itsmeow.betteranimalsplus.imdlib.entity.EntityTypeContainer
[25Jun2025 22:18:33.436] [Server thread/WARN] [net.minecraft.network.syncher.SynchedEntityData/]: defineId called for: class dev.itsmeow.betteranimalsplus.common.entity.EntityJellyfish from class dev.itsmeow.betteranimalsplus.imdlib.entity.util.EntityTypeContainerContainable
[25Jun2025 22:18:33.437] [Server thread/WARN] [net.minecraft.network.syncher.SynchedEntityData/]: defineId called for: class dev.itsmeow.betteranimalsplus.common.entity.EntityLammergeier from class dev.itsmeow.betteranimalsplus.imdlib.entity.EntityTypeContainer
[25Jun2025 22:18:33.438] [Server thread/WARN] [net.minecraft.network.syncher.SynchedEntityData/]: defineId called for: class dev.itsmeow.betteranimalsplus.common.entity.EntityLamprey from class dev.itsmeow.betteranimalsplus.imdlib.entity.EntityTypeContainer
[25Jun2025 22:18:33.438] [Server thread/WARN] [net.minecraft.network.syncher.SynchedEntityData/]: defineId called for: class dev.itsmeow.betteranimalsplus.common.entity.EntityLamprey from class dev.itsmeow.betteranimalsplus.imdlib.entity.util.EntityTypeContainerContainable
[25Jun2025 22:18:33.440] [Server thread/WARN] [net.minecraft.network.syncher.SynchedEntityData/]: defineId called for: class dev.itsmeow.betteranimalsplus.common.entity.EntityMoose from class dev.itsmeow.betteranimalsplus.imdlib.entity.EntityTypeContainer
[25Jun2025 22:18:33.442] [Server thread/WARN] [net.minecraft.network.syncher.SynchedEntityData/]: defineId called for: class dev.itsmeow.betteranimalsplus.common.entity.EntityOctopus from class dev.itsmeow.betteranimalsplus.imdlib.entity.EntityTypeContainer
[25Jun2025 22:18:33.445] [Server thread/WARN] [net.minecraft.network.syncher.SynchedEntityData/]: defineId called for: class dev.itsmeow.betteranimalsplus.common.entity.EntityPheasant from class dev.itsmeow.betteranimalsplus.imdlib.entity.EntityTypeContainer
[25Jun2025 22:18:33.445] [Server thread/WARN] [net.minecraft.network.syncher.SynchedEntityData/]: defineId called for: class dev.itsmeow.betteranimalsplus.common.entity.EntityPiranha from class dev.itsmeow.betteranimalsplus.imdlib.entity.util.EntityTypeContainerContainable
[25Jun2025 22:18:33.448] [Server thread/WARN] [net.minecraft.network.syncher.SynchedEntityData/]: defineId called for: class dev.itsmeow.betteranimalsplus.common.entity.EntityReindeer from class dev.itsmeow.betteranimalsplus.imdlib.entity.EntityTypeContainer
[25Jun2025 22:18:33.448] [Server thread/WARN] [net.minecraft.network.syncher.SynchedEntityData/]: defineId called for: class dev.itsmeow.betteranimalsplus.common.entity.EntityShark from class dev.itsmeow.betteranimalsplus.imdlib.entity.EntityTypeContainer
[25Jun2025 22:18:33.449] [Server thread/WARN] [net.minecraft.network.syncher.SynchedEntityData/]: defineId called for: class dev.itsmeow.betteranimalsplus.common.entity.EntitySongbird from class dev.itsmeow.betteranimalsplus.imdlib.entity.EntityTypeContainer
[25Jun2025 22:18:33.451] [Server thread/WARN] [net.minecraft.network.syncher.SynchedEntityData/]: defineId called for: class dev.itsmeow.betteranimalsplus.common.entity.EntitySquirrel from class dev.itsmeow.betteranimalsplus.imdlib.entity.EntityTypeContainer
[25Jun2025 22:18:33.452] [Server thread/WARN] [net.minecraft.network.syncher.SynchedEntityData/]: defineId called for: class dev.itsmeow.betteranimalsplus.common.entity.EntityTarantula from class dev.itsmeow.betteranimalsplus.imdlib.entity.EntityTypeContainer
[25Jun2025 22:18:33.453] [Server thread/WARN] [net.minecraft.network.syncher.SynchedEntityData/]: defineId called for: class dev.itsmeow.betteranimalsplus.common.entity.EntityTurkey from class dev.itsmeow.betteranimalsplus.imdlib.entity.EntityTypeContainer
[25Jun2025 22:18:33.455] [Server thread/WARN] [net.minecraft.network.syncher.SynchedEntityData/]: defineId called for: class dev.itsmeow.betteranimalsplus.common.entity.EntityWhale from class dev.itsmeow.betteranimalsplus.imdlib.entity.EntityTypeContainer
[25Jun2025 22:18:34.114] [Server thread/INFO] [net.minecraft.server.MinecraftServer/]: Preparing start region for dimension minecraft:overworld
[25Jun2025 22:18:35.136] [Server thread/INFO] [net.minecraft.server.level.progress.LoggerChunkProgressListener/]: Preparing spawn area: 0%
[25Jun2025 22:18:35.143] [Server thread/INFO] [net.minecraft.server.level.progress.LoggerChunkProgressListener/]: Preparing spawn area: 0%
[25Jun2025 22:18:35.143] [Server thread/INFO] [net.minecraft.server.level.progress.LoggerChunkProgressListener/]: Preparing spawn area: 0%
[25Jun2025 22:18:35.631] [Server thread/INFO] [net.minecraft.server.level.progress.LoggerChunkProgressListener/]: Preparing spawn area: 18%
[25Jun2025 22:18:36.124] [Server thread/INFO] [net.minecraft.server.level.progress.LoggerChunkProgressListener/]: Preparing spawn area: 24%
[25Jun2025 22:18:36.491] [Physics thread/WARN] [org.valkyrienskies.core.impl.shadow.Ak/]: Too many physics frames in the physics frame queue. Is the game stage broken?
[25Jun2025 22:18:36.623] [Server thread/INFO] [net.minecraft.server.level.progress.LoggerChunkProgressListener/]: Preparing spawn area: 51%
[25Jun2025 22:18:37.131] [Server thread/INFO] [net.minecraft.server.level.progress.LoggerChunkProgressListener/]: Preparing spawn area: 55%
[25Jun2025 22:18:37.409] [Server thread/WARN] [untamedwilds.UntamedWilds/]: There's no species provided for the EntityType
[25Jun2025 22:18:37.476] [Server thread/WARN] [untamedwilds.UntamedWilds/]: There's no species provided for the EntityType
[25Jun2025 22:18:37.492] [Physics thread/WARN] [org.valkyrienskies.core.impl.shadow.Ak/]: Too many physics frames in the physics frame queue. Is the game stage broken?
[25Jun2025 22:18:37.501] [Server thread/INFO] [net.minecraft.server.level.progress.LoggerChunkProgressListener/]: Time elapsed: 3386 ms
[25Jun2025 22:18:37.501] [Server thread/INFO] [net.minecraft.server.dedicated.DedicatedServer/]: Done (8.490s)! For help, type "help"
[25Jun2025 22:18:37.719] [Server thread/INFO] [net.minecraftforge.server.permission.PermissionAPI/]: Successfully initialized permission handler forge:default_handler
[25Jun2025 22:18:37.724] [Server thread/INFO] [HammerLib/]: Reloading recipes in 0 HL recipe registries.
[25Jun2025 22:18:37.724] [Server thread/INFO] [net.stardustlabs.structorytowers.StructoryTowers/]: Thanks for choosing StructoryTowers!
[25Jun2025 22:18:37.725] [Server thread/INFO] [net.stardustlabs.structory.Structory/]: Thanks for choosing Structory!
[25Jun2025 22:18:37.774] [Server thread/INFO] [com.cupboard.Cupboard/]: Loaded config for: lootintegrations.json
[25Jun2025 22:18:37.776] [Server thread/INFO] [com.github.alexthe666.iceandfire.IceAndFire/]: {iceandfire:fire_dragon_roost=true, iceandfire:fire_lily=true, iceandfire:spawn_dragon_skeleton_fire=true, iceandfire:lightning_dragon_roost=true, iceandfire:spawn_dragon_skeleton_lightning=true, iceandfire:ice_dragon_roost=true, iceandfire:ice_dragon_cave=true, iceandfire:lightning_dragon_cave=true, iceandfire:cyclops_cave=true, iceandfire:spawn_wandering_cyclops=true, iceandfire:spawn_sea_serpent=true, iceandfire:frost_lily=true, iceandfire:hydra_cave=true, iceandfire:lightning_lily=true, iceandfire:pixie_village=true, iceandfire:myrmex_hive_jungle=true, iceandfire:myrmex_hive_desert=true, iceandfire:silver_ore=true, iceandfire:siren_island=true, iceandfire:spawn_dragon_skeleton_ice=true, iceandfire:spawn_stymphalian_bird=true, iceandfire:fire_dragon_cave=true, iceandfire:sapphire_ore=true, iceandfire:spawn_hippocampus=true, iceandfire:spawn_death_worm=true}
[25Jun2025 22:18:37.776] [Server thread/INFO] [com.github.alexthe666.iceandfire.IceAndFire/]: {TROLL_S=true, HIPPOGRYPH=true, AMPHITHERE=true, COCKATRICE=true, TROLL_M=true, DREAD_LICH=true, TROLL_F=true}
[25Jun2025 22:18:37.777] [Server thread/WARN] [ModernFix/]: Dedicated server took 55.605 seconds to load
[25Jun2025 22:18:47.986] [Server thread/INFO] [net.minecraftforge.common.AdvancementLoadFix/]: Using new advancement loading for net.minecraft.server.PlayerAdvancements@708c5368
[25Jun2025 22:18:48.060] [Server thread/INFO] [net.minecraft.server.players.PlayerList/]: Dinosaur_Meap[/127.248.64.214:45177] logged in with entity id 793 at (-2117.7722666499376, 8.0, 49.904811304207065)
[25Jun2025 22:18:48.077] [Server thread/INFO] [ModdingLegacy/blue_skies/]: Sending ToolHandleTypeManager to Dinosaur_Meap
[25Jun2025 22:18:48.079] [Server thread/INFO] [ModdingLegacy/blue_skies/]: Sending SnowcapOvenFreezingManager to Dinosaur_Meap
[25Jun2025 22:18:48.083] [Server thread/INFO] [ModdingLegacy/blue_skies/]: Sending HorizoniteForgeFuelManager to Dinosaur_Meap
[25Jun2025 22:18:48.084] [Server thread/INFO] [ModdingLegacy/blue_skies/]: Sending AlchemyRecipeManager to Dinosaur_Meap
[25Jun2025 22:18:48.102] [Server thread/INFO] [ModdingLegacy/blue_skies/]: Sending JournalEntryManager to Dinosaur_Meap
[25Jun2025 22:18:48.116] [Server thread/INFO] [ModdingLegacy/blue_skies/]: Sending JournalSectionManager to Dinosaur_Meap
[25Jun2025 22:18:48.117] [Server thread/INFO] [ModdingLegacy/blue_skies/]: Sending JournalRequirementManager to Dinosaur_Meap
[25Jun2025 22:18:48.127] [Server thread/ERROR] [net.minecraftforge.fml.loading.RuntimeDistCleaner/DISTXFORM]: Attempted to load class net/minecraft/client/multiplayer/PlayerInfo for invalid dist DEDICATED_SERVER
[25Jun2025 22:18:48.130] [Server thread/ERROR] [ModernFix/]: Skipping entity ID sync for com.faboslav.friendsandfoes.common.entity.PlayerIllusionEntity: java.lang.RuntimeException: Attempted to load class net/minecraft/client/multiplayer/PlayerInfo for invalid dist DEDICATED_SERVER
[25Jun2025 22:18:48.267] [Server thread/INFO] [net.minecraft.server.MinecraftServer/]: Dinosaur_Meap joined the game
[25Jun2025 22:18:48.356] [Server thread/INFO] [untamedwilds.UntamedWilds/]: Firing player login event
[25Jun2025 22:18:48.360] [Server thread/INFO] [Jade/]: Syncing config to Dinosaur_Meap (3c4dccdf-53b0-3ef6-9a6e-2b052e9511a1)
[25Jun2025 22:18:57.418] [Server thread/INFO] [net.minecraft.server.MinecraftServer/]: Dinosaur_Meap suffocated in a wall
[25Jun2025 22:18:57.464] [Server thread/INFO] [tombstone/]: The player Dinosaur_Meap has successfully been saved
[25Jun2025 22:19:33.196] [Server thread/INFO] [net.minecraft.server.network.ServerGamePacketListenerImpl/]: Dinosaur_Meap lost connection: Timed out
[25Jun2025 22:19:33.197] [Server thread/INFO] [net.minecraft.server.MinecraftServer/]: Dinosaur_Meap left the game
[25Jun2025 22:19:33.283] [Server thread/WARN] [net.minecraft.network.Connection/]: handleDisconnection() called twice
[25Jun2025 22:19:45.434] [Server thread/INFO] [net.minecraftforge.common.AdvancementLoadFix/]: Using new advancement loading for net.minecraft.server.PlayerAdvancements@3e1c9d3c
[25Jun2025 22:19:45.474] [Server thread/INFO] [net.minecraft.server.players.PlayerList/]: Dinosaur_Meap[/127.248.64.214:42139] logged in with entity id 1783 at (-2117.300000011921, 5.0, 49.301441155590425)
[25Jun2025 22:19:45.474] [Server thread/INFO] [ModdingLegacy/blue_skies/]: Sending ToolHandleTypeManager to Dinosaur_Meap
[25Jun2025 22:19:45.475] [Server thread/INFO] [ModdingLegacy/blue_skies/]: Sending SnowcapOvenFreezingManager to Dinosaur_Meap
[25Jun2025 22:19:45.475] [Server thread/INFO] [ModdingLegacy/blue_skies/]: Sending HorizoniteForgeFuelManager to Dinosaur_Meap
[25Jun2025 22:19:45.475] [Server thread/INFO] [ModdingLegacy/blue_skies/]: Sending AlchemyRecipeManager to Dinosaur_Meap
[25Jun2025 22:19:45.478] [Server thread/INFO] [ModdingLegacy/blue_skies/]: Sending JournalEntryManager to Dinosaur_Meap
[25Jun2025 22:19:45.487] [Server thread/INFO] [ModdingLegacy/blue_skies/]: Sending JournalSectionManager to Dinosaur_Meap
[25Jun2025 22:19:45.488] [Server thread/INFO] [ModdingLegacy/blue_skies/]: Sending JournalRequirementManager to Dinosaur_Meap
[25Jun2025 22:19:45.525] [Server thread/INFO] [net.minecraft.server.MinecraftServer/]: Dinosaur_Meap joined the game
[25Jun2025 22:19:45.540] [Server thread/INFO] [untamedwilds.UntamedWilds/]: Firing player login event
[25Jun2025 22:19:45.542] [Server thread/INFO] [Jade/]: Syncing config to Dinosaur_Meap (3c4dccdf-53b0-3ef6-9a6e-2b052e9511a1)
[25Jun2025 22:20:42.959] [Server thread/INFO] [net.minecraftforge.common.AdvancementLoadFix/]: Using new advancement loading for net.minecraft.server.PlayerAdvancements@3285ed1
[25Jun2025 22:20:42.975] [Server thread/INFO] [net.minecraft.server.players.PlayerList/]: yofrems[/127.223.138.34:42679] logged in with entity id 2252 at (-1056.541242396766, 73.0, -1304.4644833453788)
[25Jun2025 22:20:42.976] [Server thread/INFO] [ModdingLegacy/blue_skies/]: Sending ToolHandleTypeManager to yofrems
[25Jun2025 22:20:42.976] [Server thread/INFO] [ModdingLegacy/blue_skies/]: Sending SnowcapOvenFreezingManager to yofrems
[25Jun2025 22:20:42.977] [Server thread/INFO] [ModdingLegacy/blue_skies/]: Sending HorizoniteForgeFuelManager to yofrems
[25Jun2025 22:20:42.977] [Server thread/INFO] [ModdingLegacy/blue_skies/]: Sending AlchemyRecipeManager to yofrems
[25Jun2025 22:20:42.979] [Server thread/INFO] [ModdingLegacy/blue_skies/]: Sending JournalEntryManager to yofrems
[25Jun2025 22:20:42.982] [Server thread/INFO] [ModdingLegacy/blue_skies/]: Sending JournalSectionManager to yofrems
[25Jun2025 22:20:42.982] [Server thread/INFO] [ModdingLegacy/blue_skies/]: Sending JournalRequirementManager to yofrems
[25Jun2025 22:20:43.003] [Server thread/INFO] [net.minecraft.server.MinecraftServer/]: yofrems joined the game
[25Jun2025 22:20:43.019] [Server thread/INFO] [untamedwilds.UntamedWilds/]: Firing player login event
[25Jun2025 22:20:43.022] [Server thread/INFO] [Jade/]: Syncing config to yofrems (53ccd05c-7029-3ee7-95da-0611f98e3ffb)
